Source	Target	Notes
'am	or; and; question marker; or else	
'ang	but; even; also; ever; or	
'ang de	but; even; also; ever; or	
'ang mi	never	
'ba' zhig	alone, mere, sole; only | only; sole; alone; soley	
'bab	to come down (C); to fall (NC) | to come down; to fall | descend; rain; flow; fall down; move downward; slope toward	
'bab pa	descend; rain; flow; fall down; move downward; slope toward	
'babs	descend; rain; flow; fall down; move downward; slope toward	
'bad	strive; make effort; make exertion; exertion	
'bad cing	striving	
'bad med	non-striving; non-effort	
'bad med par	without striving; without making effort	
'bad na	when one strives; when he strives	
'bad pa	to strive; exertion; make effort; make exertion	
'bad pa dang bcas pa	with exertion {T}	
'bad pa med par thar par 'gyur	become liberated without making effort	
'bad pa mi mnga' bar ye shes 'jug pa	effortlessly engage wisdom; wisdom which engages effortlessly {T}	
'bad pa'i rnam pa bsgom pa	cultivate the aspect(s) of striving	
'bad par bya	will strive; will make effort	
'bad par bya'o	one should strive; you should strive	
'bad par byed do	strive; striving; make effort; making effort	
'bad par byed pa	strive; striving; make effort; making effort	
'bad rtsol rags pa	coarse striving and exertion	
'bangs	subject	
'bar	burn; blaze up; blaze; catch fire; flaming; fire	
'bar ba	burn; blaze up; blaze; catch fire; flaming; fire	
'bebs	to throw down | settle; cause to descend; fall; cast down	
'bebs pa	settle; cause to descend; fall; cast down	
'bod	to call, to summon	
'bod sgra	vocative case	
'bog	give; bestow	
'bogs	to give	
'bor	to abandon; to lose	
'bral	to be separated/free (from), deprived (of) | to be devoid of; free from; lack; separate from	
'bral ba	to be devoid of; free from; lack; separate from	
'bral ba la sgrib pa	obstructions to separation	
'bral ba med	not devoid of; not lacking; not separate from	
'bral ba'i byed rgyu	creative cause of separation	
'bral bar 'gyur ro	to be devoid of; become free from; lack; separate from	
'bral bar byed de	separate; estrange; disjoin	
'bral bar byed pa	separate; estrange; disjoin	
'bral bar mi byed pa	not lacking; not separate from; not free from	
'bras	effect; result; fruit	
'bras bu	effect; result; fruit	
'bras bu 'byin	issue forth fruit/effects {T}	
'bras bu 'byor ba	acquisition of the fruit	
'bras bu 'byung ba	give rise to an effect	
'bras bu 'dzin pa'i yon tan	qualities of apprehending the effect	
'bras bu 'phel ba	impel an effect; increase the effect	
'bras bu byang chub chen po	the fruit, great enlightenment	
'bras bu che	Great Fruit	
'bras bu che ba	"great effect; great fruit; """"Great Fruit"""" (the third and highest level of"	
'bras bu chen po	great effect; great fruit	
'bras bu chos sku	Truth Body; the fruit	
'bras bu la dmigs pa	observing the fruit	
'bras bu la gnas pa	Abider in the Fruit{N}	
'bras bu la zhugs pa	Approacher to the Fruit{N}	
'bras bu lnga	the five effects; the five fruits	
'bras bu lnga bstan pa	teach/indicate the five effects	
'bras bu ma dmigs pa	non-observation of an effect	
'bras bu ma thob	not attain the fruit; unattained fruit	
'bras bu med pa	fruitless; non-effect; no effect; without an effect	
'bras bu mngon par 'grub pa	manifestly established effect	
'bras bu myong	experience an effect	
'bras bu rnam pa bzhi'i sgrib pa	the obstructions of the four fruits/effects	
'bras bu sangs rgyas nyid mngon par 'grub pa	manifestly establish the fruit, Buddhahood	
'bras bu skye ba	production of an effect; produce an effect; resultant-birth state	
'bras bu skye ba'i snyoms 'jug	resultant-birth meditative absorption	
'bras bu thob pa'i khyad par	feature/attribute of attaining the effect {T}	
'bras bu thun mong 'dod pa yid la byed	mental contemplation desiring the concordant effect	
'bras bu yang dag par 'grub pa	thorougly established effect	
'bras bu yod pa	fruitful; existent effect; have the fruit	
'bras bu yod par	fruitfully; fruitful; not fruitless	
'bras bu'i dngos por med	does not exist as a thing which is an effect {T}	
'bras bu'i don	fruitional meaning {T}	
'bras bu'i gtan tshigs	effect reason	
'bras bu'i ngo mtshar che ba	greatly marvellous effect	
'bras bu'i sgo nas rigs khyad par bya ba	special lineage from the point of view of effect	
'bras bu'i theg pa	Effect Vehicle	
'bras chan	cooked rice; rice-pap	
'bras dus kyi snying rje	compassion at the time of the effect	
'bras gnas	Abider in the Fruit	
'bras mchog	highest fruit; highest result	
'bras mchog ldan pa	having the highest fruit	
'bras pu	effect	
'bras spungs	Dre-b#ung monastery founded in 1416 ce. west of Lhasa, relocated to	
'bras yod	fruitful; having the fruit; existent effect	
'bre pa	spread out; enveloped	
'brel	to unite with, to be associated with | join; relate; connect; become connected	
'brel ba	join; relate; connect; become connected; relation; related	
'brel ba brtag pa'i rab tu byed pa	Analysis of Relations, by Dharmakīrti (chos kyi grags pa) P. 5713, vol.	
'brel ba med pa'i don	meaningless; unrelated; non-related things	
'brel bar ma yin pa	non-connection; not joined; unconnected	
'brel pa	join; relate; connect; become connected; relation; related; relationship	
'brel pa'i dbang	power of joining; connecting power	
'brel pas sdug bsngal nyid	suffering due to connection	
'brel sgra	[connect-sound]; genitive case	
'bres	spread out; enveloped	
'bri	to write | diminish; diminishing; grow less; write; dri (the female version of the	
'bri ba	diminish; grow less; diminishment{BJ 38.1, quoting MSA}	
'bri ba la brten pa	in dependence upon diminishing	
'bri bar mi 'gyur	not become diminished; non-diminishment	
'bri dang 'phel	diminishment and increase	
'bri zhing 'phel ba	diminishment and increase	
'bring	middling	
'bring ba	middling; middle; the middle	
'bring gi 'bring	middling of the middling	
'bring gi chen po	great of the middling	
'bring gi chung ngu	small of the middling	
'bring po	the middle one; middle | middling; middle; the middle	
'bring skor gsum	the three middling cycles	
'brog pa	nomad	
'brong	wild yak	
'brong ru	horn of a wild yak	
'bros	to flee	
'bru	corn | (1) grain [of barley; corn; etc.] (2) letter	
'bru mar	oil; oil lamp	
'brug	dragon | thunder; dragon	
'brug gi sgra dbyangs	sound of thunder	
'brug yul	Bhutan	
'brum nag	smallpox	
'bud	to blow | (1) set aside; throw out (2) to blow	
'bugs	to bore | pierce	
'bul	to offer | offer; present	
'bum	hundred thousand | 100,000	
'bum phrag	100,000	
'byang	to be purified; to be cleansed	
'byangs	to be purified; to be cleansed	
'bye	to open; to divide	
'byed	to divide, to separate; to open | to separate; open; separate; differentiate{BJ}; opener{BR}	
'byed pa	to separate; open; separate; differentiate{BJ 34.4}; opener	
'byed sdud sgra	separating and connecting particles (?)	
'byi	to fall off	
'byin	to cause to come forth/out; to gouge out, to take out | issue forth; take out; remove; root out	
'byin pa	issue forth; take out; remove; root out	
'byin par 'gyur ro	issue forth; take out; remove; root out	
'byin par byed pa	issue forth; take out; remove; root out	
'byon	to arrive; to appear | come; arrive	
'byor	to adhere to | fortune; treasure; acquisitions	
'byor 'brel	yoga; relatedness	
'byor ba	fortune; treasure; acquisitions	
'byor ba'i dus	time of fortune; time of acquisition	
'byor ba'i ye shes	exalted wisdom of fortune; exalted wisdom of acquisition	
'byor dang mthun spyod ye shes	wisdom which acts in accordance with [one's] fortune ? {T}	
'byor ldan	rich	
'byor pa	wealth | fortune; treasure; acquisitions	
'byor rgyu	cause of fortune	
'byug	verb: anoint; apply a salve noun: salve; ointment	
'byung	to occur, to appear; to happen; to be born; to come out | to arise; come forth; emerge; occur; appear	 [Hopkins]: come forth; emerge; occur; appear
'byung 'gyur	arisen; arise	
'byung 'gyur ba	arisen; arise	
'byung 'gyur gyi reg bya	tangible object arisen from elements; tangible object arisen from the	
'byung 'jug byas pas 'byed pa	open by causing insertion and retraction	
'byung ba che	great element; great arising	
'byung ba chen po	great element	
'byung ba chen po bzhi po dag	the four great elements	
'byung ba lhag ma rnams	the remaining elements {T}	
'byung ba ma mchis pa	not arise; non-arising; not come forth	
'byung ba mchis pa	arise; arising; come forth	
'byung ba med pa	not arise; non-arising; not come forth	
'byung ba yin	arise; come forth; is arisen	
'byung ba'i bye brag	certain [physical] elements	
'byung ba'i byed rgyu	creative cause of arising	
'byung bar	arising; arisen	
'byung bar 'gyur	arises; arising; will arise; which is an element{D1}	
'byung bar 'gyur ba	arises; arising; will arise; which is an element	
'byung bar gyur pa'i reg bya	tangible object which is an element; elemental tangible object	
'byung bas byas pa	made with elements {T}	
'byung gnas	[arise-place]; source; place of origin	
'byung gyur	arisen from elements; elemental evolute	
'byung khungs	(1) ablative case (2) source	
'byung nye ba	imminent	
'byung po	demon | ghost	
'byung po rnams kyi 'jigs pa spang ba	abandon fear of ghosts	
'byung po'i	demon	
'byung po'i gdon	demon(s)	
'byung po*	demon	
'byung po.*	demon	
'byung ste	arises; comes forth; emerges	
'cha'	to place (on) | make; construct [e.g., a mudrā]; arrange [e.g., the legs in a meditation	
'cha' bar mdzad pa	make; construct	
'chab pa	concealment	
'chad	to be cut (off; into pieces); to be separated; to descend; to be decided/determined; to explain	
'chad 'gyur ltar	as will be explained	
'chad byed	explainer; commentator	
'chad pa'i tshe	when explaining/setting forth	
'chad par byed	explain; set forth	
'chad rigs pa	suitable to explain/set forth	
'chad tshe	when explaining/setting forth	
'chag	to walk; to break	
'chags	to confess; reveal [non-virtue]	
'chags pa	to confess; to reveal [non-virtue]	
'chags pa'i dus	time of confession	
'chags par byed pa	confess; reveal	
'chal ba	faulty	
'chal ba tshul khrims	faulty ethics	
'chal ba'i shes rab	faulty wisdom	
'chal pa	faulty	
'chal pa'i shes rab	faulty wisdom	
'chal pa'i tshul khrims	faulty ethics	
'chal tshul rtsom pa'i dri bral	free from the stains of faulty ethics	
'cham	to agree (upon)	
'char	to rise	
'char ba	appear; dawn; shine; reflect.	
'char byed	'Char-byed (Skt. Udayana)	
'char tshul	mode of appearing	
'chel ba	fixation	
'chi	to die | die; death	
'chi 'pho	transmigrate; transmigration; death; die	
'chi 'pho ba	transmigrate	
'chi 'pho ba dang skye ba dang mi skye ba	non-arising of transmigration and rebirth	
'chi 'pho ba yang ma yin	no rebirth	
'chi 'pho dang skye ba	transmigration and arising; transmigration and rebirth	
'chi ba	death; dying	
'chi ba med pa'i sgo	door of deathlessness	
'chi ba mi rtag pa	impermanence of death{Lati}; imminence of death	
'chi ba nges pa	definiteness of death{N}	
'chi ba'i tshe	time of death	
'chi kha ma	about to die	
'chi rim ji lta ba bzhin du	... as in the stages of death	
'chi srid	the death state	
'ching	to bind	
'ching ba	bonds; bondage; binding	
'ching grol	bondage and liberation	
'chings	(1) to bind; (2) structure	
'chol	to appoint; to entrust (to)	
'chol ba	confused; mixed up	
'chor	to get lost, to perish	
'chos	to make, to prepare	
'da'	to pass over; to pass away | pass away; go beyond	
'da' ba	pass away; go beyond	
'da' ba med	does not pass	
'da' bar 'gyur	pass away; go beyond	
'da' bar bya ba	pass away; go beyond	
'da' bar byed	pass away; go beyond	
'da' bar mi bya ba	does not pass	
'dab ma	leaf; petal	
'dag	to purify; to clean	
'dam	swamp | to choose	
'dam ka	choice	
'dam rdzab	swamp; cesspool; mud (?)	
'dar	to tremble	
'das	to pass over; to pass away | pass; go beyond; supramundane{BJ 52.7}; short for: mya ngan las 'das	
'das byas nas	having passed; having gone beyond	
'das lam	supramundane path{BJ 52.7}	
'das nas	having passed; having gone beyond	
'das pa	past; pass away; go beyond; pastness	
'das pa dang da ltar byung ba	arising in the past and present	
'das pa dang ma 'das pa dang da lta byung ba	arising in the past, future, and present	
'das pa la sogs par dbye ba	division into past and so forth	
'das smra ba	Lokottara-vādin [Transcendentalists???] {T}	
'debs	to cast, to throw, to strike | plant; set; offer; put; sow; give; cast	
'debs pa	put; sow; plant; set; offer; give; cast	
'ded	to drive away	
'degs	support	
'degs pa	support	
'di	this	
'di 'dra	like this	
'di bar	hereabouts	
'di dag	these; those	
'di dag gzhan pa	these and others	
'di dag kun rtog pa tsam	these are all merely conceptual	
'di dag phan tshun	each other; mutually	
'di gas 'di	these	
'di gnyis	these two	
'di la	in this; with respect to this	
'di las	from this	
'di lta 'di ltar gyur cig	and it is like this	
'di lta bu	like this, such as this | [this-like]; like this; thus	
'di lta ste	in this way; namely | it is like this, for example; it is the case that ... [often untranslatable]	
'di lta ste dper na	it is like this, for example	
'di ltar	so, this way | it is like this{S}	
'di ltar 'das pa	it occurred like this	
'di ltar don ji lta ba bzhin du	it is like this: ...{S1}	
'di nas	from this	
'di nas 'jig rten gyi khams	from this worldly realm	
'di ni med do	that is not	
'di ni yod do	that is	
'di skad ces	these words	
'di skad ces bka' stsal to	say/prounounce/explain/teach/speak/grant/order thus:	
'di skad ces gsol	spoke thus:{S}	
'di skad du	[X] says: ...{BJ 51.3}	
'di snyam bgyid de	think this	
'di snyam du sems	[someone] thinks this	
'di snyed	so much; so many; how much; gain; profit	
'di tsam gyis	by just this; through just this{BJ 40.5}	
'di tsho	these	
'di'i	of this	
'di'i gong na	higher than this{BJ 29.4}	
'ding	to spread	
'dir	here	
'dod	to wish; to desire; to wish, want | accept; assert; wish; desire; consider	
'dod 'jo'i ba	wish-granting cow	
'dod chags	passion, desire, lust | [desire-attachment]; desire	
'dod chags bral ba	free from desire	
'dod chags chen po	great desire	
'dod chags dang bral ba	free from desire	
'dod chags dang bral ba med pa	not free from desire	
'dod chags dang bral ba'i sa	ground of freedom from desire	
'dod chags dang bral bar 'gyur ba	become free from desire	
'dod chags dang bral bar bgyi ba	become/make free from desire	
'dod chags dang bral bar byed	become free from desire	
'dod chags dang ma bral ba	not free from desire	
'dod chags dang ma rig pa	desire and ignorance	
'dod chags kyi kun sbyor	thorough enwrapment of desire	
'dod chags la sogs pa	desire and so forth	
'dod chags mang ba	much desire	
'dod chags med pa	non-desire	
'dod chags pa med cing	non-desire	
'dod chags par byed	desire	
'dod chags spyod pa	practice desire	
'dod chags spyod pa'i sgrib pa	the obstructions of practicing desire	
'dod chung	little desire	
'dod dgu	desire	
'dod dgu thob pa	obtain what one desires	
'dod khams	desire realm	
'dod khams kyi lha	god of the Desire Realm	
'dod khams kyi yon tan	qualities of the desire realm	
'dod la ma chags	not cut off from desire	
'dod ldan	desirous	
'dod na	if [that] is accepted ...	
'dod pa	passion | desire; wish; assert; assertions; accept; desire; consider	
'dod pa bskyed	produce desire	
'dod pa bskyed pa	produce desire; desire	
'dod pa can	desirous	
'dod pa chung	little desire	
'dod pa chung ba	having few desires	
'dod pa dang gzugs dang gzugs med pa na spyod pa	deeds in the desire, formm and formless [realms]	
'dod pa gzhan gyi dbang nyid	other-powered desire	
'dod pa ji lta bar	as one desires; according to one's wishes	
'dod pa la 'dun pa	aspiration to the attributes of the desire realm; aspiration to attributes	
'dod pa la log par g.yem par byed	commit adultery (?)	
'dod pa la log par g.yem par mi byed	not commit adultery (?)	
'dod pa la yongs su longs spyod pa	resources with respect to desire	
'dod pa ma mchis pa	non-desire; without desire	
'dod pa med	non-desire; without desire	
'dod pa na spyod pa	deeds in the desire [realm]	
'dod pa nyung	little desire	
'dod pa nyung pa	little desire	
'dod pa yid la byed pa	mental contemplation of desire	
'dod pa'i 'bras bu don mi gnyer	not seek the result of desire	
'dod pa'i 'dod chags	desire	
'dod pa'i 'jig lta	view of the transitory collection [of I and mine] within the desire	
'dod pa'i 'jig rten pa'i nyon mongs	worldly desire realm afflictions{PGP 69}	
'dod pa'i khams	desire realm	
'dod pa'i las can	having the karma of desire; having desirous actions	
'dod pa'i rgyu nyid	cause of desire	
'dod par bya	desire	
'dod par bya ba	desire; desirable	
'dod par skye	produce desire	
'dod pas log par g.yem pa	commit adultery (?); sexual misconduct	
'dod pas log par spyod pa	wrongly engage in desire	
'dod rgyal	arbitrarily{N}	
'dod rgyal du skye ba	"arbitrary production; capricious production (literally """"production in"	
'dod sems	desire mind{Gön-chok}; Desire Realm mind	
'dod sems dgu pa	ninth mind of the Desire Realm	
'dod sems dgu pa'i ting nge 'dzin	meditative stabilization of the ninth mind of the Desire Realm	
'dod yon	desired goods | attributes of the desire realm	
'dod yon la chags pa	desire for attributes of the desire realm	
'dogs	to bind, to attach | impute; designate; to hang; designation{BJ 39.7}; imputor [i.e. the	
'dogs byed kyi tshad ma	valid cognition that imputes	
'dogs pa	impute; designate; to hang; designation{BJ 39.7}; imputor [i.e. the	
'dogs pa po'i tha snyad	conventions that are the imputers	
'dogs pa'i gzhi	basis of imputation{BJ 42.6}	
'dogs pa'i tha snyad	verbal conventions that designate{BJ 21.7}	
'dogs pa'i tshig	verbal designation; imputational words	
'dogs par byed	impute; designate; hang	
'dogs par mdzad do	impute; designate; hang	
'dogs par mi byed	not impute; not designate	
'dom	six feet [linear measure]	
'doms	(1) advise; counsel (2) male genetalia; genitalia	
'doms pa	advise; counsel	
'don	to utter; to obtain; to put, to place out | cause to come out; expel; recite; take out	
'don pa	cause to come out; expel; recite; take out	
'don par 'dod pa	desire to expel	
'don par yang byed	recite	
'dong	to go	
'dor	discard; reject; cast out; forsake; cancel	
'dor ba	discard; cast out; forsake; reject; cancel	
'dor ba med pa	non-renunciation; not abandon; not cast out; not forsake	
'dor ba med pa stong pa nyid	empty of non-rejection	
'dor bar 'gyur	discard; reject; cast out; forsake	
'dor bar bgyid pa	discard; reject; cast out; forsake	
'dor len	the reliance on discarding [non-virtues]	
'dor len brten pa	the reliance on discarding [non-virtues] and assuming [virtues]	
'dra	to be similar, to be like; to seem | similar; same; similarity; likeness; like; similar; image	
'dra 'dra zhig 'dug	[like-like-a-is]; seems to be; appears to be	
'dra ba	similar; same; similarity; likeness; like; similar; image	
'dra bar	similar; similarly; like	
'dra bar 'gyur	become similar; similar; same; similarity; likeness; like; image	
'dre	to be mixed with | [flesh eating] demon(s)	
'dre pa	contamination	
'dren	to pull; to lead | induce; lead; draw; connect; cite; quote; pull; conduct	
'dren pa	induce; lead; draw; connect; cite; quote; pull; conduct	
'dren pa'i thabs	method/technique of leading	
'dres	to be mixed with	
'dres ma	mixed; mixture; various	
'dres mar ma gyur pa	unmixed	
'dres pa	mixture | mixed; shared	
'dres par 'gyur	become mixed; mix	
'dres rung	suitable to be mixed	
'dri	to ask	
'dri ba	ask	
'dri ba'i gzhi	basis of questioning; basis for asking	
'dri bar bya	ask	
'drid	fornicate	
'dril	to wrap up; to summarise	
'dril pa	verb: to be involved noun: involvement	
'dris	be well acquainted	
'dris ba	ask	
'dris byed	acquaintance (?); ask (?)	
'dris pa	be well acquainted	
'dris pa shes pa	cognition of acquaintance	
'dris pa ye shes	exalted wisdom of acquaintance	
'dris par byed la	become acquainted	
'du	to gather, to come together | collect; assemble	
'du 'bral med	non-fusable and inseparabale	
'du ba	collect; assemble	
'du ba med	not collected; not assembled	
'du bar 'gyur ba	assemble; collect	
'du byed	[assemble-make]; compositional factor; compositional phenomenon	
'du byed btang snyoms	desisting from application	
'du byed kyi las	compositional action; compositional factor	
'du byed kyi mtshan ma	sign of a compositional factor; sign of a compositional phenomenon	
'du byed kyi sdug bsngal	suffering of conditioning	
'du byed med pa	uncompounded; {T} non-compositional	
'du byed pa	application; overapplication; antidote	
'du byed rnams 'jug pa mi rung ba'i phyir	because it is not suitable to engage in compositional phenomenon	
'du byed rnams la skye ba dang 'jig pa	production and disintegration with respect to compositional	
'du byed rnams mi rtag pa nyid	compositional phenomenon are impermanent	
'du byed sna tshogs rnam pa du ma	various aspects of compositional phenomenon	
'du byed thams cad ni mi rtag pa'o	all compositional phenomenon are impermanent	
'du byed thams cad ni sdug bsngal ba'o	all compositional phenomenon are suffering	
'du ma byed	non-compositional phenomenon; uncompounded{S}; non-application	
'du mdzad	compositional factor; compose; apply	
'du mi byed	non-application; uncompounded; {T} non-compositional phenomenon	
'du mi byed pa	non-application; uncompounded	
'du shes	discrimination	
'du shes can	thinking, lit. having the faculty of thinking	
'du shes me pa	non-discrimination	
'du shes med 'du shes med min	without discrimination and without non-discrimination	
'du shes med 'du shes med min skye mched	sphere of neither discrimination nor non-discrimination	
'du shes med pa	non-discrimination	
'du shes med pa yin	non-discrimination; there is no discrimination	
'du shes med pa'i sems can	god of no discrimination	
'du shes med pa'i snyoms 'jug	absorption without discrimination	
'dud	homage	
'dud pa	homage	
'dug	to lie (down), to sit (down), to be there; to live; to be | is; are; there is; a verb meaning to exist in a place	
'dug pa	is; are; verb of existence	
'dug stangs	manner of sitting; posture {gz}	
'dul	to tame; discipline; subdue	
'dul ba	discipline; monastic discipline; to be tamed; to be trained	
'dul ba las byung ba dben pa'i rang bzhin	nature which is isolated from the need for discipline	
'dul ba mdor bsdus	condensed discipline	
'dul ba med pa	undisciplined; non-discipline	
'dul ba nyid pa	discipline	
'dul ba'i dbang	power of discipline	
'dul ba'i dbang gis	through the force of taming	
'dul ba'i don du	for the sake of disciplining	
'dul ba'i mdo	Guṇaprabha's Aphorisms on Discipline	
'dul ba'i skye bo	beings to be tamed; beings to be trained	
'dul ba'i thabs kyi khams	realm of the method of discipline	
'dul bar byed	discipline	
'dul bya	trainee; disciple	
'dun	aspiration; aspire	
'dun byed	aspiration; aspire	
'dun dang bcas pa	having aspiration; together with aspiration	
'dun la brten pa	based on aspiration	
'dun ma	wish; goal; aim	
'dun pa	aspiration	
'dun pa dang ldan pa	having aspiration	
'dun pa dang mtshungs par ldan pa	endowed with aspiration	
'dun pa dang rtson 'grus dang sems dang dpyod pa'i ting nge 'dzin	meditative stabilization of aspiration, effort, mind, and analysis	
'dun pa nyams pa	abandon aspiration	
'dun pa'i rtsa ba las byung ba	arisen from the root of aspiration	
'dun par byas pa	aspire	
'dun par byed pa	aspire	
'dus	to gather, to come together | collect; assemble; included; be assembled; aggregate	
'dus bya	caused phenomenon; caused; compounded	
'dus byas	[assembled-made]; caused phenomenon; product; compounded	
'dus byas dang 'dus ma byas nyid	compounded phenomena and uncompounded phenomena {T}	
'dus byas kyi chos	compositional phenomena	
'dus byas kyi mtshan nyid	character of compounded phenomenon	
'dus byas kyi phung po	compounded aggregates	
'dus byas mi rtag pa nyid	impermanence of compounded phenomenon	
'dus byas thams cad mi rtag pa	all compounded phenomenon are impermanent	
'dus byas thams cad ni rgyu las skye zhing yod do	all compounded phenomenon exist arisen from causes	
'dus byas thams cad skad cig ma	all compounded phenomenon are momentary	
'dus byas tsam	mere compounded phenomenon	
'dus gyur pa	collect; assemble; included; be assembled; aggregate	
'dus lba	complex goiter	
'dus ma byas	[assembled-not-made]; uncompounded; uncompounded [phenomenon]	
'dus ma byas kyi chos	uncompounded phenomenon	
'dus ma byas kyi nam mkha'	uncompounded space; uncomposed space	
'dus ma byas kyis rab tu phye ba	distinguished by the uncompounded	
'dus ma byas pa	uncompounded; that which is uncompounded	
'dus ma byis pa	uncaused; uncompounded	
'dus pa	included; assembled; collected; aggregation; composite	
'dus pa las byung ba'i ngo bo nyid	entity that arises from aggregation	
'dus par	included	
'dus par 'gyur	included; assembled	
'dus shes dang tshor ba 'gog pa	cessation of discrimination and feeling	
'dzad	to be consumed; to disappear	
'dzad med	[consume-not exist]; inexhaustible	
'dzag pa	to drip; trickle	
'dzam bu gling	continent (Skt. Jambudvipa, name of the Indian continent in Buddhist cosmology) | Jambudvīpathe Indian subcontinent; the world | the world; the Indian subcontinent; Jambudvīpa; Land of Jambu	
'dzam bu'i gling	the world; the Indian subcontinent	
'dzangs pa	wise; the wise	
'dzem med	one having no shame	
'dzigs	shaggy	
'dzin	to seize, to hold; to embrace; to take over; to take sth. as | verb: hold; bear; grasp; apprehend; conceive; identify{BJ 10.4} noun:	
'dzin chas	furniture	
'dzin cing bzhag na	apprehend; hold; grasp	
'dzin du 'jug pa	engage in grasping	
'dzin grwa	class [in school]	
'dzin med	non-grasping; non-apprehension; non-conception; non-identification	
'dzin mkhan	apprehender	
'dzin pa	verb: hold; bear; grasp; apprehend; conceive; identify{BJ 10.4} noun:	
'dzin pa 'khrul pa	mistaken apprehension {T}	
'dzin pa gnyis dang bral ba	free from the two graspings	
'dzin pa gzhan du gyur pa	changeable apprehension	
'dzin pa kun brtags mngon 'gyur ba	manifest artificial conception	
'dzin pa med	non-apprehension; non-grasping; non-conception	
'dzin pa med pa	non-apprehension; non-grasping; non-conception	
'dzin pa tsam	mere apprehension; mere grasping {T}	
'dzin pa'i 'khrul pa	mistake of apprehending; mistake of grasping {T}	
'dzin pa'i dmigs pa	apprehended object of observation	
'dzin pa'i don	apprehended meaning ? {T}	
'dzin pa'i mtshan nyid	apprehended characteristic; characteristic of apprehension {T}	
'dzin pa'i rdzas	substance grasped {T}	
'dzin pa'i rnam par g.yeng ba	distraction of grasping; distraction from apprehending ? {T}	
'dzin pa'i rnam par shes pa	apprehending consciousness	
'dzin par 'gyur ba	hold; bear; grasp; apprehend; conceive; identify	
'dzin par byed pa	apprehender; grasper; subject; conceiver; grasp; hold; apprehend	
'dzin par nus pa	able to grasp; able to apprehend	
'dzin rnam	that which has the aspect of the apprehender	
'dzin rtog pa	a conceptual consciousness--in the continuum of a person who does	
'dzin stangs	mode of apprehension{N}	
'dzin stangs kyi yul	object of the mode of apprehension	
'dzin stangs mi mthun pa	discordant modes of apprehension{N}	
'dzin tshad	measure of apprehension	
'dzom	gather; assembly	
'dzoms pa	gathered; a gathering; assembly	
'dzud	cause to enter; draw into; descend	
'dzud pa	cause to enter; draw into; descend	
'dzud par byed	cause to enter; draw into; descend	
'dzugs	to place | plant; establish; set; penetrate	
'dzum	smile	
'dzum par byed	make a smiling face; smile	
'ga'	a few, some	
'ga' rab	very many; quite a few	
'ga' shas	several; a few	
'ga' zhig	some	
'gag	be stopped/obstructed/destroyed/ceased/halted	
'gag bya	object stopped/obstructed/destroyed/ceased/halted	
'gag med	without cessation; unimpeded	
'gag pa	be stopped/obstructed/destroyed/ceased/halted	
'gag pa med	not be stopped/obstructed/destroyed/ceased/halted	
'gags	be stopped/obstructed/destroyed/ceased/halted	
'gags pa	be stopped/obstructed/destroyed/ceased/halted	
'gal	to contradict | contradict; contradictory with; mutually exclusive with	
'gal 'dus skyon med 'jig rten dpe las 'das pa	without the flaws of a combination of contradictions, beyond worldly	
'gal ba	contradiction; contradictory; mutually exclusive; mutually exclusive	
'gal ba med	non-contradictory; no contradiction	
'gal ba'i gtan tshigs	contradictory reason	
'gal bar byed	contradict	
'gal brjod thal 'gyur	contradictory consequence	
'gal khyab phyin ci log	perverse negative pervasionCheck Kathy	
'gal khyab rnal ma	contradictory normative pervasion Check Kathy	
'gal me	firebrand	
'gal med myur du bskor ba la brten nas 'gal med 'khor lor snang ba'i dbang shes	sense consciousness to which a firebrand wheel appears in dependence	
'gal rkyen	[contradict-condition]; contradictory condition; discordant condition	
'gal spong gi dris lan	question about contradiction and answer disspelling contradiction	
'gal zla	contradictory object	
'gems	to rip, to destroy	
'gengs	fill; fulfill; satiate	
'gengs pa	fill; fulfill; satiate	
'go	head; top; beginning	
'go ba	head; top; beginning	
'go log	Go-lok [an area in Am-do]	
'go rtsom	begin; initiate	
'god	set; state; establish; arrange; register; make a record; place [on throne]	
'god pa	set; state; establish; arrange; register; make a record; place [on throne]	
'god par byed	set; state; establish; arrange; register; make a record; place [on throne]	
'god tshul	mode of statement	
'gog	cease; stop; negate; refute | individual analytical cessation	
'gog bden	true cessation; truth of cessation	
'gog cing spong 'dod 'byung	wish to cease and abandon it arises	
'gog pa	cessation; stopping	
'gog pa dang lam gyi bden pa	truths of cessation and of path; true cessations and paths	
'gog pa med pa	non-cessation; not stopped; not ceased	
'gog pa'i bden pa	true cessation; truth of cessation	
'gog pa'i nus pa	capacity to stop/cease	
'gog pa'i snyoms 'jug	absorption of cessation; meditative absorption of cessation	
'gog par byed	stops; ceases; refutes	
'gog rgyu	that which is to be stopped/refuted; object negated/refuted	
'gog snyoms	absorption of cessation; meditative absorption of cessation	
'gor ti	'Gor-ti, place name	
'grags	to be called; to be known as	
'gram	bank of a river; riverbank	
'gran sems	quarrelsome temper	
'gre	to roll one's self | extend; apply | these can be known through extending the previous reasoning	
'grel	comment on; interpret; elucidate; explain	
'grel bshad	explanation of [someone else's] commentary; commentarial	
'grel byed	commentator; elucidator	
'grel chen	"Extensive Commentary on the """"Superior Sūtra Unraveling the"	
'grel chen dri med 'od	[Kalki Puṇḍarīka's] Great Commentary on the Kālachakra Tantra:	
'grel pa	commentary; exposition; elucitation; explanation	
'grel par gsungs so	it is said in the commentary	
'grel rkang	basis for commentary/exposition/elucidation/explanation/discussion	
'grems	arrange; set out	
'gres rkang	basis for extending; basis for exposition/explanation	
'grib	diminishment; decrease; diminish	
'grib med	non-diminishment; not diminished	
'grib pa	diminishment; decrease; diminish	
'grib pa med	non-diminishment; non-decrease	
'grib pa med pa	non-diminishment; non-decrease	
'grib par bgyid pa	diminish; make diminish	
'grib par ma byas pa	not diminished; not decreased	
'grig pa	put together; fit in/together with; make correspond | since this does not agree with the statement...{MSI-121}	
'grim	wander; rove; walk about	
'grims pa	wander; rove; walk about	
'gris	Ling Dynasty [502 - 557 ce] of China	
'gro	to go; to pass (of time); to become | verb: go; become; serve; act noun: transmigrator; goer | serving as vitality and exertion	
'gro 'ong	going and coming	
'gro ba	a being; existence | transmigration [state of rebirth]; transmigrator; going; go away from	 [Bialek]: existence
'gro ba drug	six transmigrations	
'gro ba kun	all transmigrating beings; all the world	
'gro ba lngar 'khor ba	cycling/travelling in the five transmigrations	
'gro ba ma mchis pa	not go; not transmigrate; not go away	
'gro ba med do	not go; not transmigrate; not go away	
'gro ba po	goer; transmigrator	
'gro ba'i dge ba'i lo tog	harvest of the virtues of transmigrating beings; harvest of the world's	
'gro ba'i don	welfare/weal/aims of transmigrating beings	
'gro ba'i don du	for the sake of transmigrating beings	
'gro bar	going; going away from	
'gro bar 'du shes pas	thinking to go/go away	
'gro bar 'gyur	go; go away from	
'gro bar bgyid pa	going; going away from; make go away	
'gro bar bya ba'i phyir	in order to go/depart	
'gro bar byed pa	go; cause to go/depart	
'gro don	welfare/weal/aims of transmigrating beings	
'gro don rab tu 'dod pa	intensely wishing for the welfare/weal/aims of transmigrating beings	
'gro la snying brtser ldan pa'i phyir	because of being endowed with compassion for transmigrating beings	
'gro med	not go; not go away/depart	
'gro na	if go; when go	
'gro phan	helping transmigrating beings	
'gro tshul	way of going/departing	
'grogs	to come together, to be accompanied (by)	
'grogs pa ma yin	not accompany	
'grol	to untie	
'grol ba	release; liberate; free; loosen	
'gron bu	shell [cowries, that is, small shells used as dice]	
'grong	to die	
'grongs	die	
'gros	type; extension	
'gros gsum par skye ba	production in three types	
'grub	to accomplish, to complete | establish; achieve; exist; accomplish	
'grub byed	accomplisher; that which accomplishes; means of	
'grub pa	establish; achieve; exist; accomplish	
'grub pa dam pa	highest/excellent/holy achievement	
'grub par 'dod	want/wish/seek to accomplish/achieve/establish	
'grub par 'gyur ba	accomplish; achieve; establish	
'grub par bya ba	that which is to be accomplished/achieved/established	
'grub par byed	that which accomplishes; accomplish; cause to	
'grub pas thob pa	attained through achievement/practice	
'grus	zeal; enthusiasm; diligence	
'gul ba	vibrate; move	
'gum	to die	
'gums	to kill	
'gyed par	impel	
'gyel	to collapse, to fall	
'gying	high-and-mighty	
'gyod pa	contrition; regret; feeling sorry; remorse	
'gyod pa med pa	lack of contrition/regret/feeling sorry/remorse	
'gyod pa med pa la sogs pa'i rim	stages of non-contrition/regret/feeling sorry/remorse and so forth	
'gyod pa med par 'chi ba'i dus byed pa	undergoing the time of death without contrition/regret/feeling	
'gyod pa'i sgrib pa	defilement of contrition/regret/feeling sorry/remorse	
'gyod par byed	cause to be contrite/to feel regret/to feel sorry/to be remorseful	
'gyogs pa	rapidity	
'gyur	to change; to become; to happen | change; mutate; become; be; come to be; transform; grow; translate	
'gyur ba	change; mutate; become; be; come to be; transform; grow; translate	
'gyur ba 'os pa ma yin	not suitable to change	
'gyur ba ma mchis pa	immutable; unchanging	
'gyur ba med pa	immutable; unchanging	
'gyur ba med par mnyam pa	equal in being immutable/unchangeable	
'gyur ba'i bye brag	type/instance of transformation	
'gyur ba'i chos can	having the attribute/qualilty of change	
'gyur ba'i sdug bsngal	suffering of change/vicissitude	
'gyur khyad	different translation; difference in translation	
'gyur pa'i sdug bsngal	[change-of-suffering]; suffering of change; suffering of vicissitude	
'gyur tshul	how it comes to be	
'i	genetive particle: of; 's; which is; that is | (as genitive particle) of; by; in; which. (as non-case particle) and; but	
'is	instrumental particle: by; through; due to; by means of; of's | by; by means of; with; because	
'ja'	rainbow	
'ja' tshon	rainbow	
'jal	to measure out | to comprehend; measure	
'jal ba	comprehend	
'jal bar 'gyur	comprehend	
'jal byed	comprehender	
'jal pa	measure; comprehend	
'jam	to be soft	
'jam dbyangs	Mañjughoṣa [p.n. of the Buddha of wisdom]; Manjughosha	
'jam dbyangs bzhad pa	Jam-yang-shay-ba (1648-1721), principal textbook writer for Gomang	
'jam dbyangs mchog lha 'od zer	Jam-yang-chok-hla-o-ser (circa 15th c.), textbook author of Dak-tsangra-	
'jam dpal	Mañjuśrī [p.n. of the Buddha of wisdom]	
'jam dpal gzhon nur gyur pa	'Jam-dpal Gzhon-nur-gyur-pa, lit. Manjushri who became a youth (Skt. Kumārabhūtamanjushri)	
'jam mgon	"mañjunātha; epithet of Dzong-ka-ba; """"smooth protector"""" (Mañjushrī)"	
'jam pa	mild | softness; soft; smoothness	
'jam pa'i dbyangs	Mañjughoṣa; Mañjuśrī [p.n. of the Buddha of wisdom]	
'jam po	smooth	
'jang	'Jang, name of an ancient people	
'jig	to perish, to collapse; to waste; to destroy | to disintegrate; disintegrate; destroy	
'jig bskal	aeon of destruction	
'jig lta	view of the transitory collection [as a real I and mine]; the view of the	
'jig med	non-disintegrating	
'jig med gnas	Abhayagirika; Abhayagirivāsin	
'jig pa	decay | disintegrating; disintegration	
'jig pa dus mnyam	disintegrating at the same time	
'jig pa med pa	non-disintegrating	
'jig pa'i bskal pa	aeon of destruction	
'jig pa'i chos can	disintegrating subject	
'jig par 'gyur ba	disintegrating; will disintegrate; disintegration	
'jig par 'gyur te	disintegrating; will disintegrate	
'jig par bgyid pa	destroy; disintegrate	
'jig par byed	disintegrate	
'jig rten	world | [disintegrating-support]; the transient world; world; people	
'jig rten 'das	supramundane	
'jig rten 'das pa	supramundane	
'jig rten bde	happiness of the world; worldly happiness	
'jig rten chos brgyad	eight worldly concerns	
'jig rten dbang phyug	Lokeshvara (an alternate name for Kalkī Puṇḍarīka)	
'jig rten gnas pa	abiding in the world	
'jig rten gsum gyi bde ba	happiness of the three worlds	
'jig rten gyi bde ba	happiness of the world; worldly happiness	
'jig rten gyi bya ba	worldly activity	
'jig rten gyi don byed pa	one who acts for the sake of the world	
'jig rten gyi khams	world-system; world system	
'jig rten gyi tha snad	worldly convention	
'jig rten gyi tha snyad	worldly convention	
'jig rten gyi tha snyad dang brda' tsam gyi phyir	because of the conventions and expression of the world	
'jig rten gyi tha snyad la brten nas	depending upon worldly conventions	
'jig rten khams	world-system	
'jig rten kun rdzob	worldly concealer-truths; worldly conventional truths	
'jig rten la	in the world	
'jig rten la grags pa	well known to the world	
'jig rten la snying brtse ba	concern for the world; sympathy for the world	
'jig rten las 'das pa	supramundane	
'jig rten las 'das pa'i lam	supramundane path	
'jig rten las 'das pa'i sems tsam	Supramundane Mind-Only	
'jig rten las 'das pa'i ye shes	supramundane exalted wisdom	
'jig rten las 'das pa'i ye shes bla na med pa	highest supramundane exalted wisdom	
'jig rten las 'das pa'i ye shes shin tu rnam par dag pa'i lam	thoroughly pure path of supramundane exalted wisdom	
'jig rten mgon po	protector of the world	
'jig rten min pa	non-worldly	
'jig rten pa	folk, inhabitants of the world | worldly; mundane	
'jig rten pa dang 'jig rten las 'das pa	mundane and supramundane	
'jig rten pa dang nyan thos dang rang sangs rgyas rnams	worldlings, Hearers, and Solitary Realizers	
'jig rten pa'i bya ba	worldly activity	
'jig rten pa'i chos	worldly phenomena; worldly doctrines	
'jig rten pa'i chos kyi mchog	supreme mundane qualities	
'jig rten pa'i chos mchog	highest mundane qualities	
'jig rten pa'i khams	worldly realm	
'jig rten pa'i lam	mundane path	
'jig rten pa'i tha snyad	worldly conventions{N}	
'jig rten pa'i ting nge 'dzin gsum po	the three worldly meditative stabilizations	
'jig rten pa'i ye shes	worldly wisdom	
'jig rten pha rol	next world; dying; death	
'jig rten rang 'ga' ba	ordinary being	
'jig rten rgyang phan pa	Worldly Materialists (Lokāyatas){N}	
'jig rten sdug bsngal bdag nyid	the nature of the world is suffering; natural suffering of the world	
'jig rten shes ngo	worldly perspective	
'jig tshogs	the transitory collection [of aggregates] ; disintegrating collection	
'jig tshogs 'gog pa	cessation of the transitory collection	
'jig tshogs la lta ba	view of the transitory collection [as a real I and mine]; view of the	
'jig tshogs la lta ba nyon mongs pa can	having the afflicted view of the transitory collection [as a real I and	
'jig tshogs la lta ba'i bag chags	predispositions of the view of the transitory collection	
'jig tshogs la lta ba'i nyon mongs pa'i mtshan nyid	afflicted character of the view of the transitory collection [as a real I	
'jig tshogs lta ba	view of the transitory collection [as a real I and mine]	
'jigs	to fear | fear; frighten; fright	
'jigs byed	Bhairava (a wrathful deity) {T}	
'jigs med	fearless	
'jigs med pa	fearless; fearlessly	
'jigs pa	fright; frighten	
'jigs pa byed par byed do	frighten	
'jigs pa lnga	the five fears [of beginning Bodhisattvas]	
'jigs pa lnga las yang dag par 'das pa	completely transcend the five fears	
'jigs pa med pa	fearless; fearlessness	
'jigs par byed	frighten	
'jigs rten gyi khams	worldly realm	
'jigs spang	abandoning fear	
'jigs su rung ba	[frightened-as-fitting]; frightful	
'jim pa	clay; mud	
'jog	to leave; to lay down | posit; establish; deposit; designate; put; set aside	
'jog ba	placement	
'jog byed gzhan la ma ltos pa	certification that depends upon another | it does not rely upon another means of positing it	
'jog dka'	difficult to posit	
'jog pa	posit; establish; set; assign; deposit; designate; put; set aside	
'jog pa gzhi	basis of positing; bases that are being posited	
'jog pa rags pa	coarse; unrefined; stolid; large; massive; tangible; heap; quantity; put	
'jog par byed	certification; positing; establishment	
'jog par byed pa	certification; positing; establishment	
'jog sgom	[set-meditate]; stabilizing meditation	
'jog sgom gyi sgom byung gi rtogs pa	realizational consciousnesses which are states arisen from stabilizing	
'jog thub pa	can be posited	
'jog tshul	mode of positing; way of assigning	
'jog zhing	positing; establishing; designating	
'jol mo	a bird whose body is either white, red, black, or yellow, stays in trees,	
'joms	to conquer | to destroy; suppress; overcome	
'joms pa	to destroy; suppress; overcome; destruction; suppression	
'joms pa'i nus pa	the capacity to overcome	
'ju	to seize; to melt	
'jug	to enter; to put into; to lead to; to order | enter; engage; apply; usher (into); engages	
'jug bya	that which is to be entered into	
'jug byed	engager; means of engagement {T}	
'jug gzhi	basis of affixing; basis of reference; basis of engagement	
'jug ngogs	[entry-shore]; port; harbor; [river] bank | Great Exposition of the Middle Way, by Jam-yang-shay-ba ('jam	
'jug pa	continuity; enter; begin; engage; apply; entrance	
'jug pa bde ba dang go sla ba'i dbang du byas	made in terms of a felicitous and easy to understand usage	
'jug pa chad pa	continuity cut off; cut off continuity	
'jug pa'i bye brag	instance of engagement ? {T}	
'jug pa'i gnas	place of engagement ? {T}	
'jug pa'i gzhi	basis of affixing; basis of engagement	
'jug pa'i mtshan nyid	characteristic of engagement ? {T}	
'jug pa'i rim pa	stages of entry{N}	
'jug pa'i rnam par shes pa	engaging consciousness ? {T}	
'jug pa'i rten la	in dependence upon entering	
'jug par 'gyur	engage; enter; apply; operate; operates	
'jug par bya	engage; engagement; enter; entry	
'jug par byed	engage; enter; apply	
'jug rim	stages of operation	
'jug sa'i gzhi	basis which is the place of engagement	
'jug sems	[enter-mind]; practical mind of enlightenment; attitudes or aspirations	
'jug sgrub	achieving engagement; achieving through engagement	
'jug shes	operative consciousness	
'jug tshul	mode of relating	
'jug yul	object of engagement	
'jus	to seize	
'khal	to spin	
'khams	to faint away	
'khar ba	staff	
'khengs	to be full	
'khod	sit; set; settle	
'khod pa	sit; set; settle	
'khol	to appoint; to boil	
'khon	resentment; malice	
'khon 'dzin	resentment	
'khor	to turn round; to circle; to roam; retinue, attendants | sphere; retinue; companion; attendant; repaying	
'khor 'das	cyclic existence and nirvāṇa	
'khor 'gyur	circling	
'khor ba	cycle of existence/rebirth (Skt. samsara) | cyclic existence; cycle [of powerless birth, aging, sickness, and death]	
'khor ba bsten pa	partaking of/adhere to cyclic existence	
'khor ba dag tu yongs su bsngo	thoroughly dedicate to those in cyclic existence	
'khor ba dang mthun pa nyid	concordant with cyclic existence	
'khor ba dang mya ngan las 'das	cyclic existence and nirvāṇa; saṃsāra and nirvāṇa	
'khor ba dang mya ngan las 'das pa la mi gnas pa	not abiding in cyclic existence and nirvāṇa; not abiding in saṃsāra and	
'khor ba dang mya ngan las 'das pa la mi gnas pa nyid	not abiding in cyclic existence and nirvāṇa; not abiding in saṃsāra and	
'khor ba dang zhi ba ro gcig pa	the one/single/sole taste of cyclic existence and peace	
'khor ba gtong ba med nyid	non-forsaking of cyclic existence	
'khor ba ji srid	as long as cyclic existence lasts; as long as there is cyclic existence	
'khor ba ji srid par	as long as cyclic existence lasts; as long as there is cyclic existence	
'khor ba khas len pa	assert cyclic existence	
'khor ba len pa dang spong ba	assumption and abandonment of cyclic existence	
'khor ba na gnas pa	dwelling in cyclic existence	
'khor ba na rgyu ba	wandering in cyclic existence	
'khor ba na spyod pa	coursing in cyclic existence	
'khor ba thog ma dang tha ma med pa	cyclic existence without beginning or end	
'khor ba yongs su gtong	thoroughly renounce/forsake/give up cyclic existence	
'khor ba yongs su mi gtong ba	non-renunciation/non-forsaking of cyclic existence	
'khor ba yongs su shes pa	thorough knowledge of cyclic existence	
'khor ba zad kyi bar du	until the extinction of cyclic existence	
'khor ba'i 'khor lo	wheel of cyclic existence	
'khor ba'i chos can	subject to cyclic existence	
'khor ba'i mngon mtho	high status within cyclic existence	
'khor ba'i rgyun	continuum of cylcic existence	
'khor ba'i rtsa ba	root of cyclic existence	
'khor ba'i sdug bsngal	suffering of cyclic existence	
'khor ba'i zag pa	contamination of cyclic existence	
'khor ba'i zag pa dang bcas pa	together with a contaminated phenonemon of cyclic existence	
'khor bar 'gyur ba	cycle/travel in cyclic existence	
'khor bar 'khor nas	having wandered/travelled in cyclic existence	
'khor bar gtogs pa	included in cyclic existence	
'khor bar mngon mtho byed	cause [attainment of] high status in cyclic existence	
'khor bar yongs su bsngo	thoroughly dedicate to cyclic existence [i.e., to those in cyclic	
'khor bas 'jigs pa	frightened by cyclic existence	
'khor dang bcas pa	together with the retinue/companions	
'khor gsum	the three spheres [of self-contradiction]; three spheres [i.e., agent,	
'khor gsum gyis dag pa	devoid [of conceptualization] of three spheres [i.e., agent, action, and	
'khor gsum rnam par dag nyid	devoidness [of conceptualization] of three spheres [i.e., agent, action,	
'khor gsum rnam par dag pa	devoid [of conceptualization] of three spheres [i.e., agent, action, and	
'khor gsum yongs su dag pa	thoroughly devoid [of conceptualization] of three spheres [i.e., agent,	
'khor gyi dkyil 'khor	circle of attendants; circle of companions; circle of the retinue	
'khor gyi nang du	in the retinue	
'khor gyi skye bo	being who is in the retinue	
'khor lo	wheel | wheel; channel wheel	
'khor lo bar pa	middle wheel [of the teaching, mainly the Perfection of Wisdom	
'khor lo la sogs pa rin po che sna bdun	seven types of precious articles—the wheel, and so forth	
'khor lo rin chen	precious wheel	
'khor lo rin po che	precious wheel	
'khor lo rnam pa can gyi sems	mind possessing the aspect of a [divine] circle	
'khor lo rtsibs stong dang ldan pa	wheel having a thousand spokes	
'khor lo sgyur ba	universal monarch	
'khor los bsgyur ba'i rgyal po	universal emperor; universal monarch	
'khor los mtshan	marked by a wheel	
'khor los sgyur	universal emperor	
'khor los sgyur ba	universal monarch	
'khor los sgyur ba'i rgyal po	king who is a universal monarch	
'khor nye ba dang ring bas mtshungs par thos	retinue near and far similarly hear	
'khor phun sum tshogs pa	marvelous/excellent/perfect retinue	
'khor sgyur	universal monarch	
'khor zhi ro gcig pa	the one taste of cyclic existence and peace	
'khri shing	vine; creeping plant; creeper	
'khrid	lead; lead through; guide as noun: leader; instruction	
'khrid pa	lead; lead through; guide as noun: leader; instruction	
'khrigs	gather; be piled up	
'khris	near; close to; next to	
'khro ba	belligerence	
'khrud	bathing; ablution | bathing; ablution; bathe	
'khrug	to be disturbed | be disturbed/angry/agitated; fight	
'khrug pa byed pa	get disturbed/agitated; become angry; fight	
'khrug pa med pa	non-disturbance; non-anger; absence of anger; non-agitation	
'khrug pa'i sems	mind of disturbance; disturbed/agitated mind	
'khrug pa'i sems 'ga' tsam yang skyed par mi byed de	does not generate even any mental disturbance/agitation	
'khrug par 'gyur zhing	become disturbed/angry/agitated	
'khrug par byed	disturb; make angry/agitated	
'khrugs	see 'khrug | to be disturbed | be disturbed/angry/agitated; fight	
'khrugs pa	be disturbed/angry/agitated; fight	
'khrugs par 'gyur ba	become distrubed/agitated/angry	
'khrul	mistake; be mistaken; be confused; err as noun: mistake, error	
'khrul 'khor	device; machine	
'khrul 'khor sbyar ba	put together a device; put together a machine	
'khrul ba	mistaken; illusion	
'khrul ba dgag pa	refutation of mistaken [views]	
'khrul ba rtog pa	mistaken concepttal consciousness/conception	
'khrul med	non-mistaken; without mistake	
'khrul pa	mistake; be mistaken; be confused; err as noun: mistake, error	
'khrul pa med pa	unmistaken; non-erroneous; not having mistake/error	
'khrul pa mi mnga'	unmistaken; non-erroneous; not having mistake/error	
'khrul pa tsam	only mistake; mere error; only/merely erroneous/mistaken	
'khrul pa'i mtshan nyid	character of mistake; mistaken character; definition of mistake	
'khrul pa'i rgyu	cause of error/mistake	
'khrul pa'i rgyu mtshan	cause of error/mistake	
'khrul pa'i rten	basis of mistake/error; mistaken basis	
'khrul pa'i sems	mistaken mind	
'khrul par byed pa	that which causes mistake	
'khrul rgyu	cause of error/mistake	
'khrul rgyu can	having a cause of error/mistake	
'khrul rgyu de ma thag rkyen la yod pa	that having a cause of error/mistake in the immediately preceding	
'khrul rgyu gnas la yod pa	that having a cause of error/mistake in the abode	
'khrul rgyu rten la yod pa	that having a cause of error/mistake in the basis	
'khrul rgyu yul la yod pa	that having a cause of error/mistake in the object	
'khrul shes	mistaken consciousness	
'khrul snang yod mkhan	thattwhich is mistaken regarding the appearance [of its object]	
'khrung	to be born# Tibetan-English Glossary (Wordfast Format) | come into being; be born	
'khrungs	come into being; be born	
'khu ba	scorn; vie with; contend; harboring ill-will; wrong ideas	
'khu ba lnga sogs	five wrong ideas and so forth	
'khums	listen; hear; understand; realize	
'khur	to carry | responsibility; burden; carry; take on a burden	
'khyam	wander	
'khyams	wander	
'khyams shing	wander	
'khyer	to carry, to carry away; to hold, to keep | carry; bear; bring	
'khyer 'khos	ability to bear; capacity to do so	
'khyil ba	twisted; turned; accumulate together	
'khyud pa	embrace; hug	
'o	termination particle	
'o brgyal	difficulty, trouble | become weary; become tired; tire	
'o cag	we	
'o lags so	very well, all right	
'o ma	milk	
'o na	well, well then; now then, now | well then; in that case [leads into a question]; now then; well; then	
'o skol	we	
'od	light | light; shine; brightness	
'od 'phro ba	the radiant; brilliant; Radiant (fourth bodhisattva ground)	
'od 'phro ba can	the radiant; brilliant	
'od 'phro can	the radiant; brilliant	
'od byed	the luminous; 'light-giving'	
'od byed pa	the luminous; 'light-giving'; Luminous (third bodhisattva ground)	
'od chung	Little Light	
'od chung ba	Little Light (the first level of the Second Concentration)	
'od dpag med	Amitābha	
'od dri ma med pa	stainless light	
'od gsal	clear light; Bright Light	
'od gsal ba	clear light; clearly luminous	
'od gsal ba nyid	clear light; clearly luminous	
'od kyi dkyil 'khor	maṇḍala of light; circle of light	
'od lta bu	like light; light-like	
'od mi gsal ba nyid	unclear light	
'od ni phun sum tshogs pa	marvellous light; perfect light	
'od rnon	sharp rays (?)	
'od srungs	Kāśyapīya [p.n.]	
'od thig	a drop of light; light drop	
'od zer	ray | rays of light; ray	
'od zer kun nas 'phags pa gshegs pa'i dpal brtsegs rgyal po	Samudgata-raśmi-śrīkūṭa-rāja [p.n.]	
'od zer rab tu 'gyed pa	luminous; light-giving	
'og	ground floor | later; below; beneath; under	
'og gzhi	under-base{D1}	
'og ma	lower; what comes later	
'og min	Highest Pure Land; Not Low	
'og min 'gro	one who has gone to the Highest Pure Land	
'og min stug po bkod pa	Heavily Adorned/Arrayed Highest Pure Land; Akaniṣṭha Pure Land	
'og na	below; below	
'og nas	under; below; beneath; after that	
'og nas 'buyng ba	appears later [in the text]	
'og nas 'buyng ba bzhin	as appears later [in the text]	
'og tu	after | under; below; beneath	
'ol pa	kite	
'on kyang	however; but; yet; notwithstanding	
'on ta'am	however; but; yet; notwithstanding	
'on te	or if not, or else, or also	
'ong	to come; to become; to be | come; will	
'ong 'gyur ba	come; will	
'ong ba	come; will	
'ong ba 'gyur ba	come; will	
'ong ba med	not come; not coming; will not; not approaching	
'ong bar bgyid pa	make come	
'ongs	see 'ong | to come | coming; future; will come; will	
'ongs nas	having come; coming	
'ongs pa'i gzugs	future form[BJ 57.1]	
'ongs par gyur na	when it comes; when coming	
'or ma	'Or-ma	
'os	to be suitable	
'os pa	suitable	
'os pa ma yin pa	unsuitable; not suitable	
'phags	Superior; noble	
'phags dang lha dang tshangs pa yi gnas pa dpe med	the peerless land of the Superiors, gods, and Brahmā {T}	
'phags lugs	the system of the Superior [Nāgārjuna]	
'phags pa	the Noble One (lit. Surpassing One) | Superior; noble; one who has risen above the ordinary	
'phags pa bden pa bzhi	four noble truths{N}	
'phags pa chen po rnams kyi chos	the doctrines/qualities of great Superiors	
'phags pa chen po'i chos	the doctrines/qualities of great Superiors	
'phags pa dang lha dang tshangs pa'i gnas	a place with Superiors, gods, and Brahmins	
'phags pa dgyes pa'i tshul khrims	ethics that are pleasing to Superiors	
'phags pa gzungs kyi dbang phyug rgyal pas zhus pa'i mdo	The Superior Sūtra of the Questions of King Dharaṇīśvara{BJ 38.2}	
'phags pa lha	Āryadeva	
'phags pa mthong ba	Superior vision	
'phags pa shes pa	Superior cognition	
'phags pa yul 'khor skyong mdo	The Superior Sūtra of the Questions of Raṣṭapala	
'phags pa'i bden pa	truth(s) of Superiors; noble truth(s); truth(s) of the wise	
'phags pa'i bden pa bzhi	four noble truths	
'phags pa'i chos	Superior qualities; Superior doctrines	
'phags pa'i lam	path of Superiors; path of the wise; Superior's path	
'phags pa'i lam bskyed pa	generation of a Superior path	
'phags pa'i lam dang mthun pa	concordant with a(n eight-fold) Superior path	
'phags pa'i lam yang lag brgyad pa	eight branches of the path of Superiors	
'phags pa'i lus 'thob pa'i sa bon	seed(s) of attainment of a Superior body	
'phags pa'i rigs	Superior lineage	
'phags pa'i rigs dri ma med pa	stainless lineage of Superiors	
'phags pa'i rigs zag pa med pa'i dbyings	non-contaminated realm of Superiors	
'phags pa'i sa	Superior ground	
'phags pa'i sa la bskyed pa	produce a Superior ground	
'phags pa'i sa la skyed par byed	generate a Superior ground	
'phags pa'i shes rab kyi dbang po skye	produce the first exalted wisdom of Superiors	
'phags pa'i skye bo	Superior being	
'phags pa'i spyod yul	realm of Superiors; {T} a Superior's objects of activity	
'phags pa'i ye shes kyi spyod yul	realm of the exalted wisdom of Superiors; {T} objects of activity of a	
'phags par	superior; noble	
'phags pas sdug bsngal du gzigs so	Superiors viewing suffering	
'phags rgyal	'Phags-rgyal, name of an Indian town (Skt. Ujjayini)	
'pham pa	despondent	
'phang	imply; indicate; impel; fling; project	
'phangs	to throw | impelled; projected; implied; flung; indicated	
'phangs 'bras	projected effect	
'phangs pa	impelled; projected; implied; flung; indicated	
'phangs pa'i dbang	impelling power	
'phangs pa'i sdug bsngal	suffering impelled by	
'phar ba	hill-dog	
'phel	to increase; to thrive | to increase; increasing	
'phel 'grib	increase and diminishment{BJ 37.5}	
'phel ba	increase; to increase	
'phel ba dang 'grib pa	increase and diminishment	
'phel ba dang 'grib pas ngo tsha ba yin	shame due to increase and diminishment	
'phel ba ma mchis pa	non-increase; not increasing	
'phel ba med	non-increase	
'phel ba ring du 'gro ba	increase for a long time	
'phel ba'i brtson 'grus	increasing effort	
'phel bar 'gyur	increase; will increase	
'phel bar 'gyur ba	increase; will increase	
'phel bar bya	I will increase	
'phel bar byed	increase; increasing	
'phel bar byed pa	increase; increasing	
'phel bar byed par 'gyur	increase; increasing; will increase	
'phel byed pa	increase; increasing	
'phel med	non-increase	
'phel med pa	non-increase	
'phel zhing rgyas pa	increasing and extending{S 29}	
'phel zhing yangs pa	increasing and extending	
'phen	to throw	
'phen byed kyi las	impelling karma	
'phen pa	verb: imply; indicate; fling; impel; throw noun: impetus; force	
'phen pa'i dbang	force of impelling	
'pho	to change | to move; develop; progress; transmigrate	
'pho ba	to move; develop; progress; transmigrate	
'pho ba med pa	without moving; non-development; non-transmigration	
'pho bar smra ba	Saṃkrāntivadin (proponent of transmigration ?) {T}	
'pho med du 'dzin pa	holding without moving	
'phog	to hit	
'phos	to change | to move; develop; pass (from); transmigrate	
'phos pa'i tshe	at the time of having moved; at the time of moving	
'phrad	to meet with | meet; meeting{LG}	
'phrad mtshams su	at the connecting point	
'phrad pa	meet; meeting	
'phral	adventitious; superficial	
'phral du 'byung ba	arise adventitiously	
'phral gyi 'khrul rgyu	superficial cause of error/mistake	
'phral la 'jug pa	engage in superficially	
'phrin las	deed; activity; work; affair	
'phrin yig	write; writing	
'phrin yig legs pa	well-written	
'phro	spread; diffuse; scatter; emanate; scattering; radiate	
'phro ba	scattering; spread; diffuse; scatter; emanate; radiate	
'phro bar byed pa	scattering; scatter; spread; diffuse	
'phrod	meet	
'phrod 'du	meeting and staying together	
'phrod pa	meet; meeting	
'phrog	to take away; to deprive of | to deprive; rob; run away with	
'phrog pa	to deprive; rob; run away with	
'phrogs	to deprive; rob; run away with	
'phrogs pa	to deprive; rob; run away with	
'phros	spread; diffuse; scatter; emanate; radiate; elaborate	
'phros don	extension of the meaning; subsidiary topics	
'phrul	magic; emanation; forced (?)	
'phrul dga'	Land of Liking Emanation; Enjoying Emanation; Heaven of Enjoying	
'phrul gyi rkang pa	bases of magical emanations	
'phur	to fly	
'phya	to deride, to laugh	
'phya bar byed	to reprove; to blame; to criticize {T}	
'phyag	to sweep	
'phyags	to sweep	
'phyar	to brandish; lift up; hold aloft	
'phyas	to deride, to laugh	
'phyi ba	marmot	
'phyogs	to sweep	
'phyong	jump	
'thab	to fight | fight; quarrel; dispute	
'thab bral	Land Without Combat	
'thab mo	fight; quarrel; dispute	
'thab pa	fight; quarrel; dispute	
'thab par bya'o	you should fight; one should quarrel	
'thab ya	adversary	
'thad	correct; acceptable; feasible; feasibility	
'thad ldan	Dharmottara's The Correct, Commentary on (Dharmakīrti's)	
'thad pa	acceptable; feasible; correct; feasibility	
'thad pa dang sgrub pa'i rigs pa	reasoning which establishes correctness; reasonings of logical proof	
'thad pa sgrub pa'i rigs pa	reasoning which establishes correctness; reasonings of logical proof	
'thad par sgrub	establishing correctness{LG}	
'thad sgrub kyi rigs pa	reasoning which establishes correctness; reaoning(s) of logical	
'thag	to weave	
'tham	to shut closely	
'thas pa	obstructive [quality of earth (sa)]	
'thas sgrub kyi rigs pa	reasoning which establishes correctness (?)	
'thibs	covered; darkened	
'thob 'dod kyi 'dun pa	aspiration which is a wish to attain	
'thob 'dod kyi dad pa	aspiring faith	
'thob 'dod pa'i dad pa	faith that is a wish to attain	
'thob 'gyur te	get; attain; will get	
'thob pa	will get; will attain; get; attain [future of thob]	
'thob pa gzhan gyi dbang nyid	other-powered attainment	
'thob pa'i byed rgyu	creative cause of attainment	
'thob par 'gyur	will get; will attain	
'thob par 'gyur ba	get; attain	
'thob par byed do	get; attain	
'thob par byed pa	get; attain	
'thogs	to carry	
'thom pa	to be confused	
'thon	to go out	
'thor	to be scattered | separate; scatter	
'thug po	thick; dense; strong	
'thun pa	gather (?)	
'thung	to drink	
'tshab	complete; fill out	
'tshal	to wish | seek; want; ask; beg; beseech; desire ; to understand	
'tshal ba	seek; want; ask; beg; beseech; desire; sought out{S}	
'tshal ba bgyi'o	seek; want; ask; beg; beseech; desire; sought out	
'tshams	case; instance (?)	
'tshams med pa lnga	five non-shinings (?)	
'tshang	to recover, to wake up | fault; error; offense; complete	
'tshang rgya ba	become fully purified; become perfected; become purified	
'tshang rgya bya	become perfect; become fully purified	
'tshang rgya bya 'dod pa	wish to become fully purified; wish to become perfected	
'tshangs rgya ba'i tshul	the mode of becoming completely purified	
'tshar	to be finished, completed	
'tshe	to harm | to cause mischief; to cause danger to; permeate; to harm	
'tshe ba	to cause mischief; to cause danger to; permeate; to harm	
'tshe ba med pa	non-harming	
'tshe bar byed de	harming; to harm; to cause mischief; to cause danger to; permeate	
'tshe bar sems	harmful mind	
'tsher ba	shine; glittering; glitter	
'tshes	to cause mischief or danger to; persecute; harm	
'tshig pa	spite	
'tshig pa med pa	non-spite	
'tsho	to remain alive; to recover (from illness); to take care	
'tsho ba	liveliness{N}	
'tsho ba yongs su dag pa	pure livelihood	
'tshod	to cook, to brew | cook; boil	
'tshogs	to gather	
'tshol	to obtain; to search, to look for | seek; seek out; investigate; examine; research; look for	
'tshol ba	seek; seek out; investigate; examine; research; look for	
'tshol ba med pa	not investigate/examine/research/seek/look for	
'tshol bar 'gyur	seek; seek out; investigate; examine; research; look for	
'tshol byed	seek; seek out; investigate; examine; research; look for; one who...; the	
'tshud	to enter	
'tshud pa	to be entered; admitted; enter; go into; get into	
'tshugs	to be settled/established	
'u bu cag	we	
'u cag	we	
'ug pa	owl	
TI kA	commentary [tranliteration of Sanskrit word]	
Ti ka	commentary [tranliteration of Sanskrit word]	
Ti kka	commentary; [tranliteration of Sanskrit word]	
a b+hi She ka	[transliteration of Sanskrit word, abhiṣeka]; empowerment; initiation	
a b+hi She ka ba	[transliteration of Sanskrit word, abhiṣeka]; empowerment; initiation	
a ka ru	agaru plant; aloe vera	
a khu	paternal uncle	
a ku	uncle	
a la la	aho!; ah!	
a lba; a wa	child; children	
a ma	mother | mother [term of address]	
a ne	aunt	
a nu	[transliteration of Sanskrit word, anu, short for anuyoga]	
a ru ra	myrobalan arjuna; universal medicine	
a ti	[transliteration of Sanskrit word, ati, short for atiyoga]	
a yin	I doubt it; I don't think; is it so or not?	
a yod	I doubt it; I don't think; is it so or not?	
a zhang	maternal uncle	
an da rnyil	[transliteration of Sanskrit word, indranīla]	
aṣṭa-prahāṇa-saṃskāra)	compositional factors that are abandonned; {T} compositional factors	
b+ha ga	vagina [transliteration of Sanskrit word bhaga]	
ba	cow	
ba glang	ox; cow	
ba glang gnas pa	Gokulika	
ba gling spyod	Using Oxen	
ba la gegs mi byed pa yang yin pa'i gzhi mthun du dmigs pa/	that which is observed as a common locus of being associated with the	
ba lang	ox | ox; cow; cowherd; cow and bull	
ba lang gnas pa	Gokulika	
ba lang spyod	Godānīya	
ba nyid	cow-ness	
ba phyugs	cow	
ba ra bong	cow, goat, and ass	
ba ru ra'i mdo	Myrabola Sūtra; Sūtra on the Myrabolan Fruit	
ba spu	little hairs of the body; hair	
ba su mi tra	Ba-su-mi-tra (Skt. Vasumitra)	
bab	see 'bab | to come down; to fall | descend; rain; flow; fall down; move downward; slope toward	
bab col	senseless babble; rash; lacking consideration of one's own	
bab pa	descend; rain; flow; fall down; move downward; slope toward	
babs	see 'bab | to come down; to fall | descend; rain; flow; fall down; move downward; slope toward	
babs par gyur	descend; rain; flow; fall down; move downward; slope toward	
bad kan	phlegm	
bad lba	phlem goiter	
bad sa la	Bad-sa-la (Skt. Vatsa)	
bag	meal; barley; flour	
bag brkyang ste gsung ba	restrained speaker; restrained speech {T}	
bag chags	predisposition; latency; dormancy; tendency; predisposing latency	
bag chags brtan byung	arising from stable predispositions	
bag chags brtan gyur gi rig pa	a knower that arises from stable predispositions	
bag la nyal	dormancies	
bag la nyal ba	dormancies; latencies	
bag la nyal med par	no dormancies; without dormancies	
bag ma	bride	
bag med	non-conscientiousness; carelessness	
bag med gyur te	be careless	
bag med pa	non-conscientiousness; carelessness	
bag tshos	boiled grain; cooked meal; barley	
bag yod	conscientiousness; aware; conscientious; conscious	
bag yod pa	conscientiousness; aware; conscientious; conscious	
bai du' rya	cat's eye gem; lapis lazuli	
bal	wool | dragon	
bal las	spinning of wool	
bal po	Nepalese	
bal yul	Nepal	
bam	and; or; particle indicating question	
bam po	section [of a text]; fascicle	
bang	treasury; storehouse	
bang ba	treasury; storehouse	
bang chen	messenger; courier; ambassador; emissary	
bang mdzod	store-room, magazine; treasury | treasury; storehouse	
bar	the middle | intervening; middle; between; [when preceded by nas]: from ... up to	
bar 'ga'	sometimes, once	
bar ba	middle; Middle Wheel of Doctrine [i.e. the teaching of the Perfection	
bar bya	[future tense marker]	
bar byas	[past tense marker]	
bar byed	[present tense marker]	
bar chad	threat | [between-cut]; interfere; hinder noun: hindrance; interference	
bar chad bgyid pa	interfere; hinder; interrupt	
bar chad byed	interruption; hindrance; interference	
bar chad byed pa	interruption; hindrance; interference	
bar chad byed par 'gyur	interrupt; serve as an interruption	
bar chad dang bcas pa dang bar chad med pa	interrupted and uninterrupted	
bar chad gcig pa	having one interruption/intervening...	
bar chad med	uninterrupted	
bar chad med bcas	free from interruption; uninterrupted	
bar chad med lam	uninterrupted path	
bar chad med pa	uninterrupted; not hindered	
bar chad med pa yi ting nge 'dzin la reg	contact with an uninterrupted meditative stabilization	
bar chad med pa'i ting nge 'dzin	uninterrupted meditative stabilization	
bar chad med par brtson pa	uninterrupted effort	
bar chad rnam pa bzhi'i gnyen po'i dbye ba	divisions of the antidotes to the four types of interruption {T}	
bar do	intermediate state	
bar du	during, while | until; between	
bar du chad cing 'jug pa	interruptedly engaging; interrupted engagement	
bar du chad pa	non-contiguous	
bar du gcod byed	interrupt; hinder	
bar du gcod pa	verb: to interfere; hinder; interrupt noun: interference; hindrance	
bar du gcod pa yi nyes pa spong bar 'gyur	will abandon the fault of interruption {T}	
bar du gcod par byed pa	interrupt; hinder	
bar du la	until; between	
bar du ma chad pa	contiguous	
bar du nas	until; between	
bar gcod	[between-cut]; to interfere; hinder noun: hindrance; interference	
bar gyi	until; through to	
bar gyi snang ba	sky; intermediate space{LG}	
bar la	in the meantime, until | until; between	
bar ma	neutral; intermediate; middling; middle	
bar ma chad par bsgom pas	through uninterruptedly cultivating/meditating	
bar ma char par	uninterruptedly	
bar ma srid pa	intermediate state	
bar med	uninterrupted; uninterruptedly	
bar snang	sky	
bca'	make; construct [e.g., a mudrā]; arrange [e.g., the legs in a meditation	
bca' sga	dried ginger{S}	
bcad	to cut (off); to decide | cut; eliminate; decide; judge; condemn	
bcad don ma thob pa	not attaining an object with respect to which superimpositions have	
bcad ldog	elimination-isolate [a conceptually isolatable factor that is a mere	
bcad pa	cut; decided; eliminated; judged; condemned	
bcad shes	subsequent cognizer; subsequent cognition; re-cognition	
bcad shes; dpyad shes	subsequent cognition	
bcag	to break; to knock out	
bcangs	to hold; keep; put off [past tense of 'chang, to hold; to keep]	
bcas	accompanied by, possessed of, together with | formulate; make; construct [e.g., a mudrā]; arrange [e.g., the legs in a | having; together [with]	
bcas pa	having; together with	
bcas shes	(lit.) cognition of the [already] determined (see: bcad pa'i yul can)	
bcil ba	abandon; give up; subjugate	
bcing	bind	
bcings	to bind	
bcings pa	bind; bondage{N}	
bco	ten	
bco brgyad	eighteen	
bco lnga	fifteen	
bcol	to appoint; to entrust (to)	
bcol gtams	trust	
bcom	to conquer | destroy; overcome; triumph over	
bcom ldan	conqueror; victor	
bcom ldan 'das	the Victorious One (Skt. bhagavant), epithet of the Buddha | [conqueror-possessing-passed beyond]; Supramundane Victor; Blessed	
bcom ldan 'das kyis kun tu bstan pa	completely demonstrated/taught/indicated by a Supramundane Victor	
bcom nas	having conquered/destroyed/triumphed over	
bcom pa	destroy; overcome; triumph over	
bcom pa'am blos cha shas so sor bsal ba na	when it is broken up or mentally divided/separated into parts	
bcom zhing	destroy; overcome; triumph over	
bcos	to make, to prepare | fabricated; made up	
bcos ma	fabricated; artificial; made up; fabrication	
bcos ma ma yin pa	non-artificial; non-fabricated	
bcos ma ma yin pa'i myong ba	non-artificial experience	
bcos ma yin pa	fabricated	
bcos min	non-artificial; non-fabricated; uncontrived	
bcos min gyi myong ba	uncontrived experience	
bcos mngon par rtogs pa'i rgyan gyi 'grel pa	"Commentary on (Maitreya's) """"Ornament for Clear Realization,"""""	
bcos pa	fabricated; made up	
bcos pu	fabricated; made up	
bcu	ten	
bcu bzhi	fourteen	
bcu gcig	eleven	
bcu gcig pa	eleven; eleventh	
bcu gnyis	twelve	
bcu gnyis po	twelfth; twelve	
bcu pa	tenth; ten	
bcu po	tenth; ten	
bcud	beings; essence; what is in the vessel; animate being	
bcud kyi sems can	"beings in the world; worldly beings; lit.: """"beings in the vessel""""{Lati}"	
bcud kyis len	essence-extraction	
bcud len	essence-extraction; essence-extraction (the treatment of aging)	
bcug	to put into; to lead to; to order | 1) indicates causative construction 2) enter; engage; apply; usher into	
bcugs pa	be intimate with; love	
bcus	ten; twisted	
bcus pa	twisted	
bdag	I | self; I [can be used to refer to oneself]; nature; entity	
bdag 'bras	possessional effect	
bdag 'du shes	conceive as a self; conception of a self; one who conceives of a self	
bdag 'dzin	conception of self | [self-as-grasp]; conception of self; conceiver of a self; apprehension of	
bdag 'dzin gyi 'gog bden	true cessation of the conception of selflessness	
bdag 'dzin kyi bag chags	predispositions/latencies of the conception of self	
bdag bskyed	self generation; self-generation	
bdag cag	we	
bdag cag gi ston pa	our teacher [Buddha]	
bdag ces bya ba bdud kyi sems	self is a devilous mind	
bdag dang bcas pa	having a self; with a self	
bdag dang bsam pa mthun pa	thought that is concordant with mine	
bdag dang gzhan	self and other	
bdag dang gzhan bde ba	happiness of self and other	
bdag dang gzhan dang snying rje	compassion for self and other	
bdag dang gzhan mnyam pa nyid	sameness of self and other	
bdag dang gzhan mnyam pa'i sems nyid	mind [which sees] self and other as the same	
bdag der 'du shes	conceive as a self; conception of a self; one who conceives of a self	
bdag dga'	one's own joy {T}	
bdag gcig 'brel	related in the sense of being one essence; related as the same essence	
bdag gcig tu 'brel	related in the sense of being one essence	
bdag gi	mine; my	
bdag gi 'du shes	"conception of """"I"""""	
bdag gi ba	"mine{N}; the """"mine"""""	
bdag gi ba'i ngo bo	"the entity that is the """"mine""""; the innermost entity"	
bdag gi bar 'dzin pa	conceive as mine	
bdag gi brtson 'grus	personal effort	
bdag gi dbyings	basic element of self	
bdag gi dngos po	existence of self	
bdag gi don	one's own welfare; one's own purpose	
bdag gi don rjes su thob pa	attain one's own purpose	
bdag gi gnas	abiding in the self	
bdag gi gzhi	self base; self-base	
bdag gi med pa	no [conception of] mine	
bdag gi ngo bo	entity of the self; my entity	
bdag gir	mine{N}	
bdag gir 'dzin pa	conception of mine{N}	
bdag gis	by me; I [did something ...]{BJ 28.1}	
bdag gis bdog pa thams cad yongs su gtang ba	I completely abandon all possessions	
bdag gzhan mnyam pa nyid	sameness of self and other	
bdag la chags pa	attachment to self	
bdag la dgongs su gsol	please pay heed to me {VM}	
bdag lta	view of a self	
bdag lta'i bag chags	predispositions of the view of self	
bdag ma mchis pa	no self; selfless; non-self	
bdag med	[self-not exist]; selflessness; selfless	
bdag med ma	Tantric siddhā, one of the nine wives of Marpa	
bdag med pa	[self-not exist]; selflessness; selfless	
bdag med pa la 'dzin pa	conception of selflessness	
bdag med pa la bdag go snyam du phyin ci log go	mistakenly think that the selfless is a self	
bdag med pa mchog gi bdag nyid	essence of the highest selflessness	
bdag med pa mngon par rtogs pa	clearly realize selflessness; clear realization of selflessness	
bdag med pa nyid	selflessness	
bdag med pa tsam	mere selflessness	
bdag med pa'i don	meaning of selflessness; object of selflessness {T}	
bdag med pa'i don ni kun tu rtog pa tsam gyi don	the meaning of selflessness is [the same as] the meaning of conceptiononly	
bdag med pa'i lta bu	view of selflessness{N}	
bdag med pa'i mtshungs pa nyid	sameness of selflessness	
bdag med pa'i rnam pa bsgom pa	meditation on the aspects of selflessness	
bdag med par so sor rtog pa	individual investigation of selflessness	
bdag med phra mo	subtle selflessness	
bdag med rags pa	coarse selflessness	
bdag mtshan	self-character; character of the self	
bdag mya ngan las 'das pa	personal nirvāṇa; nirvāṇa for oneself	
bdag ni sangs rgyas su 'gyur ro	I will become a Buddha	
bdag ni zag pa thams cad zad do	I have exhausted all contaminations	
bdag nyid	[self-ness]; essence; nature; entity	
bdag nyid che	great being; great essence	
bdag nyid chen po	great essence; essence of greatness; great being	
bdag nyid dang ni gzhan dag	self and other	
bdag nyid gcig	one essence	
bdag nyid gcig pa	same essence	
bdag nyid kun shes par bya ba'i phyir	in order that the entity may be thoroughly known {T}	
bdag nyid kyi bsod nams	own merit	
bdag nyid kyi dbang gis skye ba	self-powered production	
bdag nyid kyis sangs rgyas kyi dgongs pa thob pa'i phyir	because of obtaining the thought of the Buddha by oneself	
bdag nyid kyis skye ba	production by itself	
bdag nyid nga rgyal	pride of selfhood	
bdag pa'i 'bras bu	dominant effect; empowering effect	
bdag pa'i rkyen	empowering condition	
bdag po	master, owner | decisive condition; sovereignty; owner; master	
bdag po nyid	sovereignty	
bdag po rkyen	dominant condition	
bdag po'i 'bras bu	dominant effect; empowering effect; proprietary effect	
bdag por 'dzin pa	conception of sovereignty/ownership	
bdag rdzogs	self perfection/completion	
bdag rkyen	empowering condition; dominant condition	
bdag sgra	a possessor	
bdag spobs	personal inspiration	
bdag tu 'du shes	"conception of """"I"""""	
bdag tu 'dzin pa	conception of self; conceive as a self	
bdag tu 'dzin pa'i rten nye bar len pa'i phung po lnga	the five appropriated aggregates that are the basis for the conception of	
bdag tu 'dzin pa'i rten spangs pa'i phyir	through abandoning the basis of the conception of self	
bdag tu log par 'dzin pa	mistaken conception of a self	
bdag tu lta	view of self; view as a self	
bdag tu lta ba	view of self; view as a self	
bdag tu lta ba bskyed mi dgos	it is not necessary to produce a view of self	
bdag tu lta ba bskyed pa'i phyir	due to producing a view of self	
bdag tu lta ba la sogs pa dang mtshungs par ldan pa	connected with the view of self and so forth	
bdag tu lta ba nor ba tsam	the mere illusion of a view of self	
bdag tu lta ba'i phyin ci log dgag pa	negate the mistaken view of self	
bdag tu lta bas thar pa	freedom from the view of self	
bdag tu mngon par zhen pa'i gzhi ni sems	the basis which is conceived to be the self is the mind {T}	
bdag tu rmongs pa la sogs pa	obscuration with respect to self, and so forth	
bdag tu snang ba	appearance as a self; appear as a self	
bdag yod ces bya ba	"the statement, I exist"""" {T}"""""	
bdar sha chod	take to heart	
bde	to be happy/peaceful | bliss; pleasure; happiness; abiding{LG}; easy (to understand){BJ 8.2}	
bde 'byung	Bliss-Arising	
bde 'dod	desire happiness	
bde 'dod pa	desire happiness; desire for happiness	
bde 'gro	good/happy transmigration;good/happy rebirth	
bde 'gror 'gro ba	go to a happy rebirth	
bde ba	happiness | bliss; pleasure; happiness; abiding{LG}; easy; easy to understand{BJ	
bde ba 'thob	attain happiness	
bde ba bla na med pa	highest happiness; unsurpassed happiness	
bde ba bskyed pa	produce happiness	
bde ba can	Sukhāvatī [name of a Buddhist Pure Land]; Blissful Place; Blissful	
bde ba che	great happiness	
bde ba chen po	great happiness; great bliss	
bde ba chen pos brtan pa	steadfast by way of great happiness	
bde ba chung ba	little happiness	
bde ba dang mi 'bral ba'i dgongs pa nyid	thought that is not free from bliss	
bde ba dang mi 'bral ba'i rnam pa	aspect that is not free from bliss	
bde ba dang yid bde ba mang ba	great bliss and mental happiness	
bde ba gcig pa	security; one abiding	
bde ba gsum	three happinesses; three blisses	
bde ba mang ba	much happiness	
bde ba nyams su myong ba	experience bliss; experience happiness	
bde ba nye bar sgrub pa'i bsam pa	a thought that is established in bliss	
bde ba phun sum tshogs pa	completion of bliss; marvelous bliss	
bde ba rnam pa gsum	three aspects of bliss; threefold bliss	
bde ba skyed par byed pa	produce happiness	
bde ba skyes pa	create happiness	
bde ba yang ma yin sdug bsngal ba yang ma yin pa'i tshor ba	feeling that is neither happiness nor suffering	
bde ba'i dgongs pa nyid	blissful thought; happy thought	
bde ba'i khyad par	attribute(s) of bliss {T}	
bde ba'i lhag pa'i bsam pa	special thought of bliss	
bde ba'i rnam pa bsgrub pa	establish the aspect of happiness; {T} establishment of bliss	
bde bar	easily | happily; blissfully	
bde bar brjod	state in an easy to understand form{BJ 8.2}	
bde bar byed pa	make happy	
bde bar gnas mchog	blissful abode	
bde bar gnas pa	blissful abode; abide happily	
bde bar gnas so	abide happily	
bde bar gshegs	One Gone to Bliss [epithet of Buddha]	
bde bar gshegs kyi bstan pa	teaching of the One Gone to Bliss	
bde bar gshegs pa	[happy-ly-went]; One Gone to Bliss; Well-gone One; an epithet of	
bde bar log par 'dzin pa	wrongly apprehend happiness	
bde blag tu	easily; happily	
bde chen	great bliss	
bde chung	Little Bliss	
bde dang mi ldan	free from happiness	
bde dang sdug bsngal chen po zhi ba thob bya	attain the pacification of great happiness and suffering	
bde dang sdug bsngal zhi ba	pacify happiness and suffering	
bde dbyangs	"Day-yang (""""Blissful Melody"""") College of Dre-b#ung Monastic"	
bde gshegs	One Gone to Bliss; Well-Gone One; an epithet of Buddha; the One	
bde gshegs bstan pa	teaching of the One Gone to Bliss	
bde la bag yod	predisposed to happiness; predispositions to happiness	
bde legs su bgyid pa	make happy	
bde mchog	Cakrasaṃvara Tantra	
bde mchog dril bu pa'i lugs	Ghaṇṭāpāda's system of Cakrasaṃvara	
bde mchog lu'u i ba'i lugs	Lūhipāda's system of Cakrasaṃvara	
bde rgyas	Vast Bliss	
bde skyid	to be happy; happiness	
bde'i rgyu	cause of happiness	
bden	to be true | truth; true	
bden 'dzin	the conception of true existence; conception of inherent existence	
bden 'dzin kun btags	the artificial conception of true existence	
bden 'dzin lhan skyes	the innate conception of true existence	
bden 'dzin mngon gyur	manifest conception of true existence	
bden bzhi	the four truths	
bden bzhi'i chos 'khor	turning the doctrine of the four truths	
bden gnyis	the two truths [i.e. ultimate truth (don dam bden pa, paramārtha-satya)	
bden grub	truly existent; truly established	
bden grub kyis stong pa	emptiness of true establishment	
bden la mkhas	wise with respect to truth	
bden med	not truly existent	
bden nyid	essence	
bden pa	true; truth | truth; reality [i.e., what exists the way it appears]	
bden pa bzhi po	the four truths	
bden pa gnyis	the two truths [i.e. ultimate truth (don dam bden pa, paramārtha-satya)	
bden pa la 'jug	enter into the truth; engage in the truth	
bden pa la mkhas pa	wise with respect to truth	
bden pa mngon rtogs	clear realizer of the truth; clear realization of the truth	
bden pa mthong ba	see the truth	
bden pa rnam can	having the aspect of the truths	
bden pa'i tshig	true words	
bden par 'dzin pa	the conception of true existence	
bden par grub pa	true establishment; truly existent; truly established; name of school	
bden par grub pa'i snang ba	appearance of true existence{Lati}	
bden par grub pas stong ba	empty of being truly established	
bden par gsung ba	one who speaks truth	
bden par yod pa	true existence; truly existent; truly established	
bden po so so la	with respect to the individual truths	
bden snang	appearance of true existence{Lati}	
bden snang gi lhag ma	remainder of appearances of true existence	
bden stong	empty of true existence{BJ 29.7}	
bdog pa kun gtong	renounce/cast away/give away all possessions	
bdog pa thams cad gtong	renounce/cast away/give away all possessions	
bdud	demon | Demon	
bdud glu btsan	violent evil nāgas	
bdud gnas	abode of Demons	
bdud kyi gnas	abode of Demons	
bdud kyi gnas rnam par 'jig par bgyid pa	completely destroy the abode of Demons	
bdud kyi phyogs	faction of Demons; demonical faction	
bdud kyi phyogs 'gyur ba	faction of Demons; demonical faction	
bdud kyi ris su gtogs pa'i lha	gods included within hosts of Demons	
bdud kyi sde	group of demons; army of demons	
bdud kyi sgyu	Demon's illusion	
bdud kyi stobs thams cad rab tu 'joms pa	Sarva-māra-pramardin [p.n. of a Buddha]	
bdud kyi zhags pa	Demon's trap	
bdud kyis 'ching ba	bonds of Demons; demonical bonds	
bdud kyis 'joms pa	destroyed by Demons; oppressed by Demons	
bdud kyis smras pa	spoken by a Demon; speech of a Demon; demonical speech	
bdud mo stag 'dren	Bdud-mo Stag-'dren	
bdud rigs	demon-race	
bdud rnams phyogs dang bcas te	demons along with their factions	
bdud rtsi	ambrosia; nectar	
bdud rtsi 'bab sbyang	purification by way of descent of ambrosia	
bdud rtsi 'bebs sbyang	purification by way of descent of ambrosia	
bdud rtsi'i dbyings	Deathless Realm (?)	
bdud rtsi'i dbyings kyi sgo	door of the Deathless Realm	
bdud sdig can	Sinful Demon	
bdud yi dam	tutelary demon	
bdug spos	[burn-incense]; burning incense; incense	
bdun	seven	
bdun cu rtsa bdun	seventy-seven	
bdun pa	seventh	
bdun po	seventh	
be'u	calf	
be'u skyes ma thag	a calf who has just been born	
bem po	matter	
bem shes gang rung ma yin pa'i 'dus byas	a compounded phenomenon which is neither matter nor consciousness	
bem shes gang rung ma yin pa'i dngos po	a thing which is neither matter nor consciousness	
bem shes ldan min 'du byed gsum	the three: matter, consciousness, and non-associated compositional	
bgad	laugh; smile; make laugh or smile	
bgegs	difficulty | obstacle; obstructing force; obstructing entity; obstructor; interference	
bgegs byed pa	act/serve as an obstacle/interference/evil interference	
bgegs ma mchis pa	unobstructed; without obstacles/ interference	
bgegs med pa	unobstructed; without obstacles/ interference	
bgo	to put on	
bgo ba	clothes | clothing	
bgo gzhi	basis of infusion	
bgo skal la spyod pa	partake of/enjoy the share	
bgo ste	share; divide up	
bgod	to divide	
bgos	to put on; to divide	
bgrang	to count; to consider | count; number; calculate; compute; reckon; enumerate; tally; numerate	
bgrang ba	count; number; calculate; compute; reckon; enumerate; tally; numerate	
bgrang ba las yang dag par 'das pa	thoroughly passed beyond enumeration	
bgrang bar 'dod pas	wish to count	
bgrang yas	[number-lacking]; numberless; uncountable; countless; incalculable	
bgrangs	to count; to consider | count; number; calculate; compute; reckon; enumerate; tally; numerate	
bgrangs pa dang gzhal ba dang brtags pa	counting and measuring/comprehending and analyzing	
bgres pa	elder man; elder	
bgro	to confer, to discuss	
bgrod	progress; get along; advance; proceed; travel; go; traverse; vehicle	
bgrod dka' ba'i lam la kun tu zhugs pa	entering a path difficult to traverse	
bgrod pa	progress; get along, advance, proceed; travel; go	
bgrod pa gcig pa'i lam	path of sole progress; path of sole passage; path of the one vehicle	
bgrod par bya ba	something to be traversed/progressed over/proceeded over/travelled	
bgrod thub pa	can progress/get along/advance/proceed/traverse	
bgros	to confer, to discuss	
bgyi	to do; to say, to ask | do; perform; make; act	
bgyi ba	do; perform; make; act; manufacture	
bgyi ba ma mchis pa	not something to be done	
bgyid	to do; to say, to ask | do; perform; make; act; manufacture	
bgyid pa	do; perform; make; act; manufacture	
bgyis	to do; to say, to ask | do; perform; make; act; manufacture	
bgyis par 'gyur	do; perform; make; act; manufacture	
bi sho d+ha na	purification	
bka'	order | word; saying; teaching; order; word [of Buddha]	
bka' bab	transmission; doctrine that has befallen one through transmission	
bka' brgyud	G#a-gyu Order [a sect of Tibetan Buddhism]	
bka' bsdu bzhi pa	The Great Calculation of the Doctrine, Which Has the Significance of a	
bka' bsko ba	order; command	
bka' chems	testament	
bka' chems ka khol ma	Bka' chems ka khol ma, title of a historiographical work	
bka' dang bstan bcos	[Buddha's] word and [Indian] treatises	
bka' drin	kindness | kindness (hon.); beneficence; beneficent force/might	
bka' gdams	[word-advice]; the G#a-dam school [name of lineage traced to Atiśa]	
bka' gdams gdams ngag pa	Preceptual G#a-dam	
bka' gdams gzhung pa ba	Textual G#a-dam	
bka' gdams pa	G#a-dam-b#a [a Tibetan order, or person of that order]	
bka' grims	sovereign law	
bka' rgyud	transmission of the word	
bka' stsal	[word-bestow]; say (hon.); prounounce; explain; teach; speak; grant	
bka' stsal ba	[word-bestow]; say (hon.); prounounce; explain; teach; speak; grant	
bka' stsal bdun	seven pronouncements [the mental and physical aggregates, sensespheres,	
bka' yang dag pa'i tshad ma	[Jang-chup-dzü-trül's (byang chub rdzu 'phrul)] Validity of the True	
bkag	stop; negate; refute; negation; negative; limit	
bkag pa	negation; stop; negate; refute; negative; limit	
bkag shul	in place of the negation; left over after the negation	
bkan	turn/face upwards	
bkan te bzhag	place facing upwards	
bkand	turn/face upwards	
bkang	fill; fulfill; satiate	
bkang ba	fill; fulfill; satiate	
bkar	separate; segregate; isolate; tie down to; specify	
bkar ba	select; put aside; separate; tie down to; specify	
bkar btags	distinguish as [Buddha's] word	
bklag	read out loud; read out	
bklags	see klog | to read | read out loud; read out	
bkod	set; state; establish; arrange; register; make a record; place [on throne]	
bkod pa	set; state; establish; arrange; register; make a record; place [on throne]	
bkol	see 'khol | to appoint	
bkor bdag rgyal po	custodian of property	
bkra ba	shining; beautiful; variegated	
bkra mi shis	misfortune, mischief	
bkra shis	good fortune; good luck; auspiciousness	
bkra shis 'khyil	D#ra-s#hi-kyil [name of Monastic University in Am-do (a mdo)	
bkra shis lhun po	D#ra-s#hi-hlün-b#o [name of a monastery in gtsang province, Tibet,	
bkra shis rtags brgyad	eight good luck symbols; eight auspicious symbols	
bkra shis yin pa	being auspicious	
bkral ba	commentary; comment; elucidate	
bkral ba la ltos med du	without depending/relying on commentaries	
bkres	to be hungry | hunger	
bkres pa	hunger; hungry	
bkres pa dang skom pa bzlog pa	overcome hunger and thirst	
bkrol	see 'grol | to untie	
bkrol pa	release; liberate; set free; loosen	
bkru	wash; cleanse; bathe	
bkru ba	wash; cleanse; bathe	
bkug	summon; draw in	
bkug nas	having summoned; having drawn in	
bkum	see 'gums | to kill	
bkur	see 'khur | to carry	
bkur bsti	respect; service	
bkur sti	respect; respectful; service	
bkur; bkur sti	respect; respectful; service; honor	
bla	sign, symbol; to be superior, better; what is above	
bla brgyud	lineage of lamas	
bla ma	lama, teacher | [high-not or high-mother]; lama [none higher]; heavy	
bla ma bsnyen bkur	guru devotion; respect for the guru; serve and venerate the guru	
bla ma gus	guru devotion; respect for the guru	
bla ma la gus nyan	guru devotion; respect for the guru	
bla ma la phu dud pa bya ba	guru devotion; respect for the guru	
bla ma lnga bcu pa'i rnam bshad	Fifty Stanzas on the Guru	
bla ma nyid	guruness; heaviness	
bla ma pa	Uttarīyas	
bla ma'i brgyud pa	lineage of lamas	
bla mar bgyis par 'gyur	treat as lama/guru	
bla med	highest; unsurpassed; none higher	
bla med kyi rgyud	Highest Yoga Tantra; Unsurpassed Yoga Tantra	
bla na ma mchis pa	[high-to-not-exist]; unsurpassable{BJ 31.5}; highest; unsurpassed	
bla na mchis	[high-to-exist]; surpassable{BJ 29.4}	
bla na mchis pa	surpassable	
bla na med	[high-to-not-exist]; highest; unsurpassable; unsurpassed; none higher	
bla na med pa	[high-to-not-exist]; highest; unsurpassable; unsurpassed; none higher	
bla na med pa la bsgral ba	liberated in the unsurpassable	
bla na med pa nyid	unsurpassability {T}	
bla na med pa yang dag par rdzogs pa'i byang chub	complete/perfect unsurpassable enlightenment	
bla na med pa yang dag par rdzogs pa'i byang chub tu nges pa yin	is definite in complete/perfect unsurpassable enlightenment	
bla na med pa ye shes	unsurpassable exalted wisdom	
bla na med pa ye shes kyi thabs	method(s) of unsurpassable exalted wisdom	
bla na med pa'i 'bras bu	fruit of the unsurpassable; unsurpassable fruit	
bla na med pa'i byang chub	unsurpassable enlightenment; highest enlightenment	
bla na med pa'i gnas	unsurpassable abode; abiding in the unsurpassable	
bla na med pa'i sgom pa	meditation on the unsurpassable; cultivation of the unsurpassable	
bla nar	unsurpassable; highest; high; above	
bla re	canopy	
blang	adopt; adopting; assume; take up; take; receive; assert; assertion	
blang ba	adopt; assume; take up; take; receive; assert; assertion	
blang bar bya ba	will adopt; object adopted; will assume; will take up	
blang bya ba	object adopted	
blang dor	attracting and repelling | adopt and discard	
blang med	non-adoption; non-assumption; not take up	
blang nas	having adopted; having assumed; having taken up	
blangs	see len | to obtain; to accept; to take; to attract | adopt; assume; take up; receive; take; assert; assertion{BJ 10.6}	
blangs te	adopting; assuming; taking up; asserting	
bldag	to lick	
blo	mind, thought; understanding, intelligence | awareness; knowledge; mind; intellect; intelligence	
blo 'chang	mindful	
blo 'dod	greed	
blo 'khrul pa	mistaken awareness	
blo brtan	Sthiramati [p.n. of one of Vasubandhu's three main disciples; wrote	
blo brtan par	firmly intelligent; of firm intelligence; of steady intelligence	
blo bur	[misspelling of glo bur] adventitious{BJ 81.5}	
blo bur ba'i dri ma	adventitious defilements	
blo bzan rta dbyangs	Lo-sang-da-yang (1867-1937); author of Investigation of the Limits of	
blo bzang chos kyi rgyal mtshan	L#o-sang-chö- g#yi-gyel-tsen, the 1st Paṇ-chen Lama (1569-1662)	
blo bzang don sgrub	another name for En-sa-ba (dben sa pa), a famous yogi	
blo bzang dpal ldan bstan pa'i nyi ma	[mind-good-glory-possessing-teaching-of-sun]; Lo-sang-bel-den Denbay-	
blo bzang dpal ldan chos kyi grags pa	Lo-sang-bel-den Chö-gyi-drak-b#a, the 5th Panchen Lama (1853/41882	
blo bzang dpal ldan ye shes	Lo-sang-bel-den-ye-shay, the 3rd Panchen Lama (1737/8-1780 ce)	
blo bzang grags pa	Lo-sang-drak-ba (1357-1419) [monastic name of Dzong-ka-ba]	
blo bzang ye shes	Lo-sang-ye-shay, the 2nd Panchen Lama (1663-1737 ce)	
blo can	intelligence; intelligent; with a mind	
blo chen skye ba	arising of great intelligence	
blo chung	narrow-minded | of little intelligence; small intelligence	
blo chung ba	of little intelligence; small intelligence	
blo dang ldan	[intelligence-possessing]; intelligent; the intelligent; the wise	
blo dang ldan pa	[intelligence-possessing]; intelligent; the intelligent; the wise	
blo dman	little intelligence{BR}	
blo don dam pa	ultimate awareness	
blo don mthun	factually concordang awareness{Gön-chok}	
blo gnod med	non-defective awareness	
blo gnod med la snang ba'i dbang gis bzhag pa	posited through the force of appearing to a non-defective	
blo gros	intelligence, intellect; understanding | intelligence; intelligent	
blo gros can	intelligent	
blo gros chen po	great intelligence; great intelligent one(s){LG}; p.n. of a Bodhisattva	
blo gros dang ldan pa	intelligent	
blo gros dge ba	virtuous intelligence	
blo gros gnyis can	having two-pointed mind{S 15}	
blo gros ma sbyangs pa	untrained intelligence	
blo gros ma smin pa dang yang dag par smin pa	non-maturation and complete maturation of intelligence	
blo gros mi zad pa	Akṣayamati [p.n. of a Bodhisattva, the main interlocuter in the	
blo gros mi zad pa'i mdo	Teaching of Akṣayamati Sūtra, P. 842, vol. 34	
blo gros mi zad pas bstan pa'i mdo	Teaching of Akṣayamati Sūtra, P. 842, vol. 34	
blo gros nan pa	certain intelligence (?); {T} earnest intelligence	
blo gros ngan pa	bad intelligence	
blo gros rnam par g.yengs pa	distracted intelligence {T}	
blo gros shin tu rnam dag	very pure intelligence; p.n. of a Bodhisattva [the main interlocuter in	
blo gros thogs pa mi mnga' ba	unhindered intelligence; unobstructed intelligence {T}	
blo gros yang dag par smin pa	completely matured intelligence	
blo gros yangs pa	extensive intelligence; p.n. of a Bodhisattva [the main interlocuter in	
blo gros zhi ba	peaceful intelligence; pacified intelligence	
blo gsal gling	L#o-s#el-l#ing College of Dre-b#ung Monastic University	
blo gsal ling	"L#o-s#el-l#ing (""""Lucid Intelligence"""") College of Dre-b#ung"	
blo gsar	new awareness{BR}	
blo gsar mig 'byed	opener of the eye of new awarenesses{BR}	
blo gter	treasury of wisdom{BR}	
blo kha ma phyogs	has not turned the mind (towards){BJ 70.5}	
blo kha phyogs pa	directed	
blo kun rdzob pa	conventional awareness	
blo la 'dzin	memorize	
blo la snang ba'i dbang gis bzhag pa	posited by the force of appearing to the mind	
blo ldan	intelligent, wise | [intelligence-possessing]; the intelligent; the wise; an epithet of	
blo ldan pa	[intelligence-possessing]; the intelligent; the wise; an epithet of	
blo ldog rnam pa bzhi	four reversals	
blo lta	awareness; mind	
blo mchog dang ldan pa	endowed with the highest intelligence	
blo mchog gi bde ba	happiness of the highest intelligence	
blo mngon gyur pa	manifest awareness	
blo ngan	evil-minded | doubt; bad intelligence	
blo phyin ci log	mistaken awareness	
blo rab tu gnas pa	abide in awareness	
blo rig	knowledge and awareness	
blo rig bdun du dbye ba	division of knowledge and awareness into seven parts{BR}	
blo rig gi mtha' dpyod	Investigation of the Limits of Pervasion With Respect to Awareness	
blo rig gi rnam bzhag	Presentation of Awareness and Knowledge, by Jam-yang-shay-ba ('jam	
blo rig gi rnam bzhag nyer mkho kun 'dus blo gsar mig 'byed	Presentation of Awareness and Knowledge, Composite of All the	
blo sbyong	mind-training	
blo'i gzhan sel	other-eliminator that is a mind; mental exclusion	
blo'i rgyu	cause of awareness	
blo'i tha snyad	mental convention	
blo'i yul du bya rung ba	suitable to be taken as the object of an awareness	
blon che	great councillor	
blon po	minister	
blon po rin po che	husband ? {T}	
blos rig par bya ba	object of knowledge by a mind; {T} suitable to be known by an	
blos rtogs pa	realized by an awareness {T}	
blta	to look (at/towards), to watch; to inspect, to examine | verb: to view; to look noun: view; false view	
blta ba	view; look	
blta ba bya'o	you should view	
blta bar dka'	difficult to view	
blta bya	viewing{TN}	
bltams	be born; be full	
bltams pa	be born; be full	
bltas	to look (at/towards), to watch; to inspect, to examine | verb: to view; to look noun: view; false view	
bltas pa	verb: to view; to look noun: view; false view	
bltos pa	view; point of view{TN}	
bltos pa med pa	not view; not look	
bltos sa	place of relation; referent	
bltos sa la bstos nas	in relation to a particular referent{T3-93}	
blun pa	dull; foolish; stupid; deluded	
blun po	fool | dull; foolish; stupid; deluded	
bo	boil over; spill; spill over	
bo de le'u ci	the Indian master Bodhiruci	
bobs	to descend; fall down; move downward	
bod	Tibet	
bod mo	Tibetan (woman)	
bod pa	Tibetan (man) | Tibetan [person]	
bod sgra	vocative particles (?)	
bod skad	Tibetan language	
bod yig	written Tibetan	
bogs	enhancement	
bogs 'byin pa'i spyod pa	deeds which issue forth from enhancement{TGP}	
bon	Bon, an indigenous Tibetan religion	
bon po	a male adherent of the Bon religion	
bong bu	ass | donkey; ass	
bong tshod	size	
bor	see 'bor | to abandon; to lose | to throw away; to give up or cast aside	
bos	see 'bod | to call, to summon	
bra bo	buckwheat | a type of bean (two types: white and yellow, found inside a triangular	
brag	rock | echo	
brag ca	echo	
brag cha	echo	
brag cha'i spyod yul la gnas pa	abiding in the range of activity of an echo	
brag ja	echo	
brag ngos	craggy cliff; the face of a cliff	
brag rdzong	craggy cliff	
brag ri	stony mountain	
brag srin mo	rock-ogress	
bral	see 'bral | to be separated/free (from), deprived (of) | separation; free from; lack; devoid; separate from	
bral 'bras	effect of separation	
bral ba	separation; free from; lack; devoid	
bral ba nyid	separation	
bral ba'i 'bras bu	separative effect; effect which is a state of separation; effects of	
bral ba'i rang bzhin	free from inherent existence; nature of freedom	
bral ba'i yon tan	good qualities of separation	
bral bar bgyid pa	separate; free; disjoin	
bral bar bya ba	separation; free from	
bram ze	Brahmin | Brahmin; brāhman	
bram ze chang mi btung ba	Brahmins do not drink beer	
bram ze'i rigs	Brahmin lineage; Brahmin family	
bran	servant	
bran bzangs	Bran-bzangs	
bran dang 'dra ba	like a servant	
brda	sign | terminology; term	
brda 'dogs pa'i gzhi	basis of designation by verbal conventions{BJ 77.2}	
brda byas pa	referentiality	
brda dang sgra	terms and sounds	
brda dbang	force of terminology	
brda la 'dris pa'i rjes su zhugs pa	engage in acquaintance with terminology	
brda la byang	trained in language	
brda la byang ba'i skyes bu	a languaged person; a person trained in language	
brda la ma byung ba'i byis pa	a child not versed in terminology	
brda las byung ba'i sems bskyed pa	produce a mind that is versed in terminology	
brda sbyar pa	connecting the terminology [to the object for the first time]	
brda sprod pa	expound; make distinctions of terms; explain words	
brda' sbyor	terminological connection	
brdab pa	to hit; to clap	
brdabs	to throw down; to stomp	
brdad ba	rub	
brdar	terminology; term; rubbing{BJ 11.2}; rubbed	
brdar btags	impute terminology	
brdeg 'cha'	[beat-make]; torment; to slip; fall	
brdeg pa	beat	
brdos	swollen; swell	
brdos bcas	[swollen-having]; swollen; bursting; bubbly	
brdul	dust	
brdung	to beat	
brdung ba	to beat	
brdungs	to beat	
brdzab	obscure; conceal; hide; fake; appear as if real	
brdzabs	obscure; conceal; hide; fake; appear as if real	
brdzang	send; send off; dispatch	
brdzangs	send; send off; dispatch	
brdzun	falsity; lie; false; counterfeit; lying	
brdzun du smra ba	lying; lie	
brdzun du smra ba las ldog pa'i yon tan	qualities that are reversed from lying	
brdzun gyi tshig	false words; lie	
brdzun pa	false; falsity; counterfeit; lying	
brdzun par grags	renowned as false	
brdzun par grub pa	falsely established	
brdzus pa	spontaneous birth	
brdzus te skye ba	spontaneous birth	
bre pa	spread out; enveloped	
brel	to be separated from, to be without	
breng	series; {T} garland	
breng chags su	[series-formed-ly]; continuously	
bres	manger	
bres pa	spread out; enveloped	
brgal	to cross | cross over; objection; object; disputation	
brgal ba	cross over; objection; object; disputation	
brgal ba dang lan	objections and answers	
brgal dka' ba'i zam pa	bridge difficult to cross	
brgal lan	answers to objections; objections and answers	
brgal nas	having crossed over; having objected/debated	
brgald	cross over; object; controversy; objection	
brgya	hundred	
brgya 'gyur gyis lhag pa yin pas	since it is a hundredfold greater than	
brgya byin	śakra; Shakra [a name for Indra, the king of the gods in Hindu	
brgya byin la sogs pa	Śakra and so forth	
brgya phrag bcu gnyis	twelve hundred	
brgyad	eight	
brgyad pa	eighth	
brgyad pa sa	ground of the eighth	
brgyad pa'i sa	eighth ground; level of the eighth	
brgyad stong don bsdus	[Dignāga's] Summary Meanings of the Eight Thousand Stanza	
brgyal	to faint away	
brgyal ba	faint	
brgyal ba la sogs pa'i skabs	occasion/time of fainting and so forth	
brgyan pa	decorate; ornament; beautify; wear	
brgyud	lineage	
brgyud 'bras	indirect effect	
brgyud 'gal	indirect contraction/contradictories	
brgyud kyi lhan cig byed rkyen	indirect cooperative condition	
brgyud kyi nyer len	indirect substantial cause	
brgyud ldan	[lineage-possessing]; lineaged	
brgyud ldan mkhas pa'i ded dpon bsten	relied on captains who are scholars possessing the transmission	
brgyud mar	indirect; lineaged; successive	
brgyud nas skyed byed	indirect producer	
brgyud pa	indirect; lineaged	
brgyud rgyu	indirect cause	
bri	decrease; lessen; {T} write	
bri ba	decrease; write	
bri ba 'am 'phel ba mi mthong ba	not perceive decrease or increase	
bri ba med cing 'phel ba med pa	neither decrease nor increase	
bri bar bya'o	will/should decrease	
bri med	non-decrease	
bri med cing 'phel ba med pa	neither non-decrease nor non-increase	
brin pa	in demand; precious	
bris	see 'bri | to write	
bris ba	write; draw(ing); writing	
bris pa'i ri mo	draw a picture	
brje	to switch out of; to exchange	
brjed	forget; forgetfulness{DK 5.9}	
brjed byang	Purification of Forgetfulness	
brjed kyis dgos pa	fear of forgetting	
brjed nges pa	forgetfulness	
brjed pa	forget; forgetfulness	
brjed par byas na	forget; forgetfulness	
brjes	to switch out of; to exchange	
brjid	shine; glitter	
brjid pa bgyis par 'gyur	shine; glitter	
brjod	to say | to speak; say; to express; state; expression; statement	
brjod 'dod kyi kun long	speaker's intention	
brjod bral	unpredictable	
brjod bya	object of expression; subject discussed; subject matter; object	
brjod byed	expressor; expressive; means of expression	
brjod byed kyi sgra	expressive sounds	
brjod du ma mchis pa	inexpressible; ineffable	
brjod du med	inexpressible; ineffable	
brjod du med pa	inexpressible; ineffable	
brjod du med pa'i dngos po	inexpressible things	
brjod kyis mi lang ba	inexpressible	
brjod mdzad	state; indicate; express	
brjod med	inexpressible; not expressed; ineffable; not stated	
brjod pa	speak; say; express; state; expression; verbalizations	
brjod pa byed	expressor	
brjod pa mdzad	speak; spoken; express; state; expressed; stated	
brjod pa mnyam pa nyid	sameness of expressions	
brjod pa smra ba	proponent of expressions	
brjod pa tsam du	mere statement; mere expression	
brjod pa'i bag chags	predispositions of verbalization	
brjod pa'i kun rdzob	verbal conventionalities; expressional conventionality	
brjod pa'i rnam pa	aspects of expression	
brjod par bya	what is to be expressed; subject matter	
brjod par bya ba la	with respect to what is to be expressed	
brjod par bya ba ma yin	inexpressible; ineffable	
brjod par bya ba ma yin pa nyid	inexpressibility; ineffability	
brjod par bya'o	should be expressed	
brjod par zad	speak; say; express; state	
brjod zin	already explained; already explain; previously explained{LG 30.3}	
brkam pa	desire; greed	
brkyang	extend	
brkyang ma	left channel	
brkyangs	extend	
brlabs	see rlob | to bless	
brlag	destroy; demolish; lose; crush; grind; harm	
brlags	destroy; demolish; lose; crush; grind; harm	
brlan	wet; damp [quality of water]	
brlang pa	rough	
brnab sems	covetousness	
brnams	to choke	
brnan	emphasize ? {T}	
brnga	to reap	
brnya	to borrow	
brnyan	image (?)	
brnyas	to borrow	
brnyed	verb: find; gain; discover noun: goods; property; profit	
brnyeg	refers to; referent	
brnyes	to find; to obtain | verb: find; gain; discover noun: goods; property; profit	
brnyes nas	having found; having gained	
brnyes pa	find; gain; discover; get; goods; property; profit	
brnyon med du	undeniably	
bro ba	taste	
bros	see 'bros | to flee	
brtag	verb: examine; analyze; investigate noun: conceptuality; thought	
brtag gnyis	The Two Chaptered (= Hevajratantra)	
brtag mi nus pa	not able to investigate	
brtag pa	investigation | (1) investigate; analyze; examine (2) sustain; an inquiry	
brtag pa mtha' bzung du	in a hypothetical way	
brtag pa mtha' bzung du lam gyi nus mthu bstan pa yin na	if this indicates the strength of the path in a hypothetical way ...{TGP	
brtag par bya	to investigate; analyze; examine	
brtags	to consider; to ponder, to examine | investigate; examine; analyze; impute; imagine; designate	
brtags mi nus pa	not able to investigate; unanalyzable	
brtags nas	having investigated/analyzed/imputed/imagined/designated	
brtags pa	analyze; investigate; examine; imputed; imaginary	
brtags pa mkhas pa 'dzangs pas rig pa	discerned by the wise	
brtags pa tsam	merely imputed	
brtags pa'i bdag nyid	imputed entity	
brtags par dka' ba'i shin sbyangs	pliancy difficult to analyze	
brtags par sla ba'i shin sbyangs	pliancy easy to analyze	
brtan	adjective: stable; firm; steadfast verb: have faith in; believe in; trust	
brtan byed	make firm; make steady	
brtan chags par gnas pa med na ni	if one does not abide steadily...{TGP 25}	
brtan g.yo'i tshad	measure of relative fluxation	
brtan med g.yo ba	unstable; not firm	
brtan pa	steadfast, firm | adjective: stable; firm; steadfast verb: have faith in; believe in; trust	
brtan pa'i tshul khrims	stable ethics; firm ethics	
brtan par	firmly; steadily	
brtan par mi 'gyur pa'i rdzas yod	substantial existent in the sense of being statically unchanging	
brtan por gnas pa des mi rnyed la	a steady dwelling is not gained by that{TGP 25}	
brtan rnams	steadily cognized	
brten	depend; rely; resort to; support	
brten byed	rely on; depend on	
brten cing	depending upon; relying on	
brten nas	depending upon; relying upon	
brten nas brtags pa	imputed dependently; dependent designation	
brten nas btags pa	imputed dependently	
brten nas gdags pa	imputed dependently; dependent designation{N}	
brten pa	supported; dependent; in the sense of	
brten par bya'o	one should depend; one should rely	
brten par byed	make firm; stabilize	
brten par byed pa	make firm; stabilize; basis	
brtsad	see rtsod | to argue, to debate (about)	
brtsad pa	dispute{S}; debate; objection	
brtsad pa'i gzhi	basis of dispute	
brtsams	see rtsom | to set about, to be about; to plan | beginning; composition{BJ 9.4}; to be based [on]	
brtsams nas	beginning with; stemming from{BJ 29.2}	
brtsams pa	beginning; begin; composition	
brtsams te	beginning; composition	
brtse	to love | noun: mercy; love; kindness verb: feel mercy; pity; love	
brtse ba	noun: mercy; love; kindness verb: feel mercy; pity; love	
brtse ba can	merciful; loving	
brtse ba dang bcas pa	merciful; loving	
brtse ba dang ldan pa	merciful; loving	
brtse ba med pa	merciless; without mercy	
brtse ba yid la byed pa	merciful mental contemplation; mental contemplation of mercy	
brtse ba'i bdag nyid	merciful nature	
brtse bas byams pa	love due to mercy {T}	
brtse bas sbyin pa	mercifully giving {T}	
brtse bas sbyin pa la rjes su ston pa	teaching of merciful giving {T}	
brtse bas sdug bsngal khas len pa	assert suffering with mercy {T}	
brtse dang ldan pa	merciful	
brtse ldan	merciful	
brtsegs	piled up	
brtsegs pa	piled up	
brtser bcas	merciful; loving	
brtses	verb: feel mercy; pity; love noun: mercy; pity; love; kindness	
brtsi	to reckon; calculate; to hold as important	
brtsigs	see rtsig | to built	
brtsis	to reckon; calculate; to hold as important	
brtsod	dzö (crossbreed of a yak and a cow) which has long, narrow straight	
brtson	verb: to endeavor; make effort; strive; exert oneself noun: effort	
brtson 'grus	effort; diligence | effort; diligence; zeal; industry	
brtson 'grus brtan pa	stable effort	
brtson 'grus brtsams pa	initiate effort; begin making effort	
brtson 'grus can	having effort; dillegent	
brtson 'grus chen po rtsom pa	the great effort of composition ? {T}	
brtson 'grus dang ldan pa	having effort; dilligent	
brtson 'grus drag	fierce effort; violent effort	
brtson 'grus kyi dbang po	faculty of effort; power of effort	
brtson 'grus kyi pha rol tu phyin pa dang ldan pa	having the perfection of effort; with the perfection of effort	
brtson 'grus la brten nas	in dependence upon effort	
brtson 'grus la brten pa	in dependence upon effort	
brtson 'grus la sogs pa la sbyor ba	application/engagement in effort, etc.	
brtson 'grus mchog	supreme effort; highest effort	
brtson 'grus na ... grogs su gyur pa	effort assists ... {T}	
brtson 'grus nyams pa	degenerated effort	
brtson 'grus pa	effort; diligence; zeal; industry	
brtson 'grus pha rol phyin	perfection of effort	
brtson 'grus rtsom pa	initiate effort; begin making effort	
brtson 'grus tha ma dang 'bring dang mchog	final, middling, and supreme effort	
brtson 'grus yongs su shes par bya	one should know this through effort {T}	
brtson 'grus zhan pa	small effort; inferior effort	
brtson byed	to endeavor; make effort; strive; exert oneself	
brtson gyur	endeavor; effort	
brtson ldan	having effort; dilligent	
brtson pa	verb: to endeavor; make effort; strive; exert oneself noun: effort	
brtson pa bgyid par 'gyur ro	endeavor; make effort; strive; exert oneself	
brtson pa byed	to endeavor; make effort; strive; exert oneself	
brtson pa cher byed	to endeavor; make effort; strive; exert oneself	
brtson pa cher mdzad do	to endeavor; make effort; strive; exert oneself	
brtson pa dang bcas pa	having effort; dilligent	
brtson pa ma gtang ba	non-abandoned effort; p.n. of a Buddha	
brtson pa mdzad do	to endeavor; make effort; strive; exert oneself	
brtson pa mi btang ba	non-abandoned effort; p.n. of a Buddha	
brtson pa mi gtong ba	non-abandoned effort; p.n. of a Buddha	
brtson pa'i dgos pa yin	the necessity for effort	
brtson pa'i mthu	force of effort	
brtson pa'i rab	fierce effort; violent effort	
brtson pa'i rang bzhin	nature of effort	
brtson pa'i stobs	force of effort	
brtson par 'gyur	make effort; exert oneself; endeavor	
brtson par bya	will endeavor; will make effort; will exert oneself	
brtson par bya'o	should endeavor; should make effort	
brtson par byas pa	to endeavor; make effort; strive; exert oneself	
brtson par byed do	to endeavor; make effort; strive; exert oneself	
brtson par rung	suitable as effort; suitable effort	
brtson rab	fierce effort; violent effort	
brtson te	making effort	
brtson zhing 'tshol ba	make effort and seek	
brtul ba	disciplined	
brtul zhugs	conduct; modes of conduct	
bsab	complete; fill out	
bsabs	complete; fill out	
bsad	see gsod | to kill | killing; kill; murder	
bsad bya	person killed	
bsad pa gyur pa	killing; kill	
bsad par bya bar 'gyur ba	killing; kill	
bsad par gyur pa	killing; kill	
bsag	accumulate	
bsags	see gsog | to gather, to collect | accumulate	
bsags pa	composite; accumulate	
bsags pa rjes su dran pas dga' ba yid la byed pa	since one remembers the collections, there is the mental engagement of	
bsal	clear away; remove; throw off; eradicate; separate	
bsal ba	"clear away; remove; throw off; eradicate; separate; the """"thesis"""" [of a"	
bsal ba song	"you have come to accept the """"thesis"""" [of the consequence]"	
bsal bar bya ba yin	is an object of removal; will clear away/remove/throw	
bsal bar gyur	clear away; remove; throw off; eradicate; separate	
bsal bya	object of removal; that which should be cleared away/removed/thrown	
bsal bya log sgrub	perverse achieving of that which is to be avoided	
bsal dgos	ought to clear away/remove/throw off/eradicate/separate	
bsal nas	having cleared away/removed/thrown off/eradicated/separated	
bsam	verb: think; contemplate noun: thought	
bsam byung	arisen from thought/thinking/contemplation	
bsam du med	inconceivable; unthinkable	
bsam gtan	concentration	
bsam gtan bde ba	bliss of concentration	
bsam gtan bzhi	four concentrations{N}	
bsam gtan bzhi pa	fourth concentration	
bsam gtan dang ldan pa	endowed with concentration	
bsam gtan dang po	the first concentration	
bsam gtan dang po'i dngos gzhi khyad par	special actual basis of the first concentration	
bsam gtan dang po'i dngos gzhi tsam	mere actual basis of the first concentration	
bsam gtan dang po'i dngos gzhi'i snyoms 'jug khyad par can	actual absorption of a special first concentration	
bsam gtan dang po'i dngos gzhi'i snyoms 'jug tsam po ba	actual absorption of a mere first concentration	
bsam gtan dang shes rab	concentration and wisdom	
bsam gtan dang ting nge 'dzin thob pa	attain the meditative stabilization of the concentration(s)	
bsam gtan dang zag pa med pa'i sdom pa	concentration and uncontaminated vows {T}	
bsam gtan dge ba	virtuous concentration; virtue of the concentration(s)	
bsam gtan gnyis pa	second concentration	
bsam gtan gsum pa	third concentration	
bsam gtan gyi bde ba dag la ma chags pa	not attached to the blisses of the concentration(s)	
bsam gtan gyi bde la ro myang med nyid	non-experience of the blissful taste of the concentration(s)	
bsam gtan gyi don du brtson par 'gyur	effort for the sake of the concentration(s)	
bsam gtan gyi pha rol tu phyin pa	perfection of concentration	
bsam gtan gyi sdom pa	concentrative discipline	
bsam gtan gzugs med min	non-formless concentration	
bsam gtan la dbang la	power with respect to concentration(s)	
bsam gtan la dga'	delight in the concentration(s)	
bsam gtan la gnas pa	abide in the concentration(s)	
bsam gtan la mos pa	interest/belief/faith/inclination towards/zeal/keenness in concentration	
bsam gtan las byung bde ba mngal	womb of bliss arisen from concentration	
bsam gtan mngon par sgrub pa	manifestly establish the concentration(s)	
bsam gtan pa	concentrator; meditator	
bsam gtan pha rol phyin	perfection of concentration; perfect concentration	
bsam gtan phyi ma	Concentration Continuation Tantra	
bsam gtan sa	level(s) of the concentrations	
bsam gyis khyab pa	[thought-by-covered]; conceivable; thinkable	
bsam gyis mi khyab	[thought-by-not-covered]; inconceivable; unthinkable	
bsam gyis mi khyab pa	[thought-by-not-covered]; inconceivable; unthinkable	
bsam ngo dang bral ba	free from thought	
bsam pa	thought | verb: think; thinking; imagine; wish noun: thought; thinking; wish	
bsam pa 'gal	contradictory thought; contradictory with thought	
bsam pa ... dga' ba	joyful thought; delight in thought	
bsam pa ... ma gos pa	stainless thought	
bsam pa ... rgya chen po	extensive thought	
bsam pa dag pa	pure thought	
bsam pa dang blo	thought and awareness	
bsam pa dang ldan pa'i sems bskyed pa	mind-generation having thought	
bsam pa dang sgom pa	thought and meditation	
bsam pa dgu po	nine thoughts; ninth thought	
bsam pa dman pa	inferior thought	
bsam pa gcig pa nyid	oneness of thought	
bsam pa ji bzhin	literal thought; in accordance with thought	
bsam pa la bsten pa	rely upon thought/contemplation	
bsam pa las byung ba'i shes pa	consciousness arisen from thought/contemplation	
bsam pa ma dag	impure thought	
bsam pa mnyam pa	same thought; sameness of thought	
bsam pa mthun pa	concordant thought	
bsam pa nyung ngus chog par 'dzin pa	satisfied with a small thought {T}	
bsam pa rdzogs pa	complete/perfect thought	
bsam pa rdzogs par byed do	fulfill/complete/perfect one's thought	
bsam pa rlabs po che	great thought; great waves of thought	
bsam pa rnam dag	pure thought	
bsam pa thag pa	unusual attitude	
bsam pa thugs su chud nas	having known the thought	
bsam pa tsam gyi chog par 'dzin pa	satisfied by the mere thought/by only thought ? {T}	
bsam pa yang ni dag pa	pure thought; purity of thought	
bsam pa yongs su rdzogs pa	fulfill/complete/perfect one's thought	
bsam pa yongs su rdzogs par byed do	fulfill/complete/perfect one's thought	
bsam pa'i phyir	due to thought	
bsam pa'i sgo nas	from the viewpoint of thought	
bsam par bgyid pa	conceivable; thinkable	
bsam par bya ba	think; imagine; wish; object of thought	
bsam par bya ste	think; imagine; wish; object of thought | to be considered	 [Hopkins]: think; imagine; wish; [Hopkins]: object of thought; think; imagine; wish;
bsam par gyis	because of thought; one should think	
bsam pas	due to thought; because of thought	
bsam pas ni rtogs par byed pa'i sgo nas	from the viewpoint of realization by thought	
bsam pas zin pa zhi ba'i	of the pacification affected by thought; of the pacification done with	
bsam yas	inconceivable; unthinkable	
bsam yas dpag tu med pa	inconceivable and measureless	
bsams	see sems | to think (about/of) | verb: think; imagine; wish noun: thought; wish	
bsams bzhin	according to one's thought; spontaneously	
bsams bzhin du skye ba	arise spontaneously	
bsams bzhin du srid par skye ba	spontaneously arise in cyclic existence	
bsams pa	verb: think; imagine; wish noun: thought; wish	
bsams pa las byung ba	arisen from thought/thinking/contemplation	
bsams pa las byung ba'i shes rab	wisdom arisen from thinking/thought/contemplation	
bsams pa sems pa	a mind thinking	
bsdad	to wait; to stay, to live | to subsist; abide; stay; reside; sit; stop; dwell	
bsdams	to fetter | restrained; bound; bring together; collect; bind; tie; fasten vow	
bsdams pa sgo	door of restraint; restraining door	
bsdams par 'gyur	restrain; bind	
bsdebs	to join	
bsdigs pa	conquer; subdue	
bsdu	collect; conclude; gather; include; abridge	
bsdu ba	collect; conclude; gather; include; abridge; Asaṅga's Compendium of	
bsdu ba dman pa dang 'bring ba dang mchog	the small, middling, and great collections	
bsdu ba'i dngos po	collected things	
bsdu bar tshigs su bcad pa	collected verses	
bsdud	collect; conclude; gather	
bsdums	put together; bring together; make agree; conciliate	
bsdus	to collect; to gather | collect; conclude; gather; include; abridge	
bsdus 'grel	condensed commentary	
bsdus grwa	Collected Topics [on prime cognition]	
bsdus nas	having collected/abridged/abbreviated/brought together	
bsdus pa	collect; compose; gather; include; abridge	
bse ru	rhinoceros	
bse ru lta bu rang sangs rgyas	rhinoceros-like Solitary Realizer	
bse ru lta bu'i rang rgyal	rhinoceros-like Solitary Realizers	
bse ru lta bu'i rtogs pa sngon du song ba'i rang rgyal gyi mi slob lam	path of no more learning of Solitary Realizers who previously had the	
bse ru lta bu; bse ru lta bu'i rang rgyal	Rhinoceros-like [Solitary Realizer]	
bsgo	to say; to soil, to stain | infuse; deposit; order	
bsgo bar	infuse; deposit; order	
bsgo bar byed	infuse; deposit; order; cause to infuse, etc.	
bsgo gzhi	basis of infusion/depositing	
bsgom	to meditate | meditate; meditatively cultivate	
bsgom pa	meditate; meditatively cultivate	
bsgom pa las byung	arisen from meditation	
bsgom pa thabs la brten pa	meditation/cultivation relying upon method	
bsgom pa'i lam	path of meditation	
bsgom par bya ba ma yin pa	not to be cultivated in meditation	
bsgom pas spang bar bya ba	that which is to be abandoned by meditation; object of abandonment by	
bsgoms	to meditate | meditate; meditatively cultivate	
bsgoms pa	meditate; meditatively cultivate	
bsgoms pa las byung ba	arisen from meditation	
bsgoms pa las byung ba'i shes rab	wisdom arisen from meditation	
bsgoms pa'i nyams yid la 'char ba	a dawning to mind of meditative experience; a dawning to mind of	
bsgoms pa'i stobs	power of meditation; power of having cultivated	
bsgoms par bya	to be cultivated; to be meditated on; that which is to be cultivated/to be	
bsgoms pas thob pa'i lam	path attained through meditation	
bsgos	to soil, to stain | infuse; deposit; order	
bsgos pa	infuse; deposit; order	
bsgrag	proclaim; declare; shout forth	
bsgrags	to promulgate | proclaim; declare; shout forth	
bsgrags pa	proclaim; declare; shout forth	
bsgral	liberate; save; free	
bsgral ba	liberate; save; free	
bsgral ba bya ba	liberate; save; free	
bsgral bar bya'o	should/will liberate/free/save	
bsgrald	liberate; save; free	
bsgreng	raise	
bsgrengs	raise	
bsgrib	obstruction; defilement; obstruct; defile	
bsgrib par 'gyur ro	will obstruct/defile	
bsgribs	obstruct; defile	
bsgribs na	if/when obstructed/defiled	
bsgribs pa	obstruction; defilement; obstruct; defile	
bsgrigs	to arrange	
bsgrol te	liberate; save; free; release	
bsgrub	to complete, to accomplish, to achieve | achieve; attain; accomplish; prove; complete	
bsgrub bya	probandum; proven; that which is to be proven; object being proven	
bsgrub bya mthar thug grub pa la	in order to achieve the final object of achievement	
bsgrub bya'i chos	predicate of the probandum; quality/predicate to be proved	
bsgrub cing	achieve; attain; accomplish; prove; complete	
bsgrub nas	having achieved/attained/accomplished/proved/completed	
bsgrub pa	achieve; attain; accomplish; complete; establish; prove	
bsgrub pa'i sa	ground of achievement	
bsgrub par 'gyur	will achieve/attain/accomplish	
bsgrub par bya'o	will/should achieve/attain/accomplish	
bsgrubs	to complete, to accomplish, to achieve | achieve; attain; accomplish; prove; complete	
bsgrubs nas	having achieved/attained/accomplish/proven/completed	
bsgrubs pa	achieve; attain; accomplish; prove; complete	
bsgrun	compete; vie with	
bsgyur	transform; change; affect; control; form | gling bzhi dbang bsgyur ba'i rgyal po	
bsgyur ba	transform; change; affect; control; form	
bshad	see 2'chad | to explain | explanation; exposition; explain; set forth; explicate	
bshad bya	object of explanation; what is to be explained{BJ 38.5}	
bshad dgos pa	must explain	
bshad du cung zad kyang med do	not even explain a little	
bshad pa	explanation; exposition; explain; set forth; explicate	
bshad pa dag ni kun tu 'byung	the source of explanations; explanations are the source {T}	
bshad pa la	concerning the exposition ...	
bshad pa la zhugs pa	engage in explanation; enter into explanation {T}	
bshad pa legs bshad kyi rgya mtsho	Ocean of Good Explanations: Explanation of the Treatise	
bshad pa'i 'bras bu ni rnam pa brgyad	the fruit of explaining has eight aspects {T}	
bshad pa'i 'bras bu rnam par dbye ba	differentiating/dividing the fruit of explanation {T}	
bshad pa'i chos	the doctrine which is explained; doctrines which explain {T}	
bshad pa'i rgyud	Explanatory Tantra [the second of the Four (Medical) Tantras]	
bshad pa'i skabs	the occasion of explaning {T}	
bshad par bya	will explain; object of explanation	
bshad par gyur pa	explain; expound; set forth	
bshad sbyar	a connected explanation	
bshad zin to	(already) explained	
bshags	confessed; conferred; revealed; lay open; explain; confess	
bshags pa	having conferred; revealed; lay open; explain; confess; confession	
bsham	see shom | to prepare | to arrange [as in to arrange offerings]; to prepare; set up	
bsham pa	to arrange [as in to arrange offerings]; to prepare; set up	
bshams	layout; to arrange; arrangement; to prepare	
bshang ba	feces	
bshes	friend	
bshes gnyen	spiritual friend (Skt. kalyānamitra) | [friend-relative]; spiritual friend; spiritual guide	
bshes gnyen mi ldan	without a spiritual friend	
bshes gnyen pa	[friend-relative]; spiritual friend; spiritual guide	
bshes pa	friend	
bshes pa'i spring yig	Friendly Letter, by Nāgārjuna (klu sgrub), P. 5682, vol. 129	
bshib	align	
bshibs	align	
bshig	see 2'jig | to waste; to destroy	
bshig pa'i stong pa	an emptiness which destroys	
bshol ba la chags pa	attachment to idleness; attachment to procrastination {T}	
bshu	to peel; to transcribe	
bshul	journey; roadway; {T} passageway	
bshus	to peel; to transcribe	
bsil	cool	
bsil ba	cool; be cooled	
bsil ba thob par byed pa	obtain coolness	
bska ba	astringent	
bskal bzang rgya mtsho	G#el-sang-gya-tso [1708-1757, the Seventh Dalai Lama]	
bskal don	supersensory object	
bskal mchog	supreme eon	
bskal pa	aeon | eon; age	
bskal pa bye ba stong	thousand ten million eons	
bskal pa chen po	great eon	
bskal pa dpag med	immeasurable/uncalculable eons	
bskal pa gang gA'i klung gi bye ma snyed	as many eons as there are grains of sand in the Ganges	
bskal pa grangs ma mchis pa	innumerable/incalculable eons	
bskal pa grangs med	innumerable/incalculable eons	
bskal pa grangs med 'da' ba	passage of countless/innumerable eons	
bskal pa grangs med pa gsum	three periods of innumerable/incalculable eons	
bskal pa mang po	many eons	
bskal pa stong phrag du ma	many thousands of eons	
bskal pa'i me 'bar ba	blazing fire [at the end] of an eon	
bskam	dry; dry up; wither	
bskang	fill; fulfill; complete	
bskangs	fill; fulfill; complete	
bsko ba	order; command	
bskor	see skor | to surround; to besiege, to encircle; to turn; to set in motion | encircle; surround; revolve; circumambulate; turn round; turn [a wheel]	
bskor ba	encircle; surround; revolve; circumambulate; turn round; turn [a wheel]	
bskor ba byas nas	having circumambulated/ encircled/ surrounded/ revolved/turned	
bskor bar bya	encircle; surround; revolve; circumambulate; turn round; turn [a wheel]	
bskor byas nas	having circumambulated/ encircled/ surrounded/ revolved/turned	
bskor pa	encircle; surround; revolve; circumambulate; turn round; turn [a wheel]	
bskrad	expel	
bskri	see skri | to charge, to assign	
bskrun	make; form; produce	
bskrun pa	make; form; produce	
bskul	see skul | to exhort | rouse; arouse; entreat; urge on; incite; urge; exhort	
bskul ba	rouse; arouse; entreat; urge on; incite; urge; exhort	
bskul bar byed	arouse; entreat; urge on; incite; urge; exhort; cause to arouse	
bskul cing	arouse; entreat; urge on; incite; urge; exhort	
bskul ma	exhortation; entreaty; urging on; inciting; urging	
bskul ma mdzad pa bzhin	in accordance with the exhortation/urging	
bskul na	if/when dispatched/aroused/entreated/urged on/incited/urged/exhorted	
bskuld	rouse; arouse; entreat; urge on; incite; urge; exhort	
bskum	to contract; draw in; withdraw; bend [as in bending limbs]	
bskums	to contract; draw in; withdraw; bend [as in bending limbs]	
bskur	see skur | to send; to give | bestow; make someone carry; send	
bskyab	see skyob | to guard; to save, to rescue | protect; defend; guard	
bskyab par bya ba'i sems can yal bar bor	abandon/neglect sentient beings who are to be protected	
bskyabs	see skyob | to guard; to save, to rescue	
bskyal	see skyel | to bring	
bskyang	see skyong | to guard, protect | keep; sustain; maintain; protect; guard	
bskyangs	keep; sustain; maintain; protect; guard	
bskyed	see skyed | to generate | generate; produce; engender	
bskyed 'bras	effect of production	
bskyed bya	object produced; that which is produced	
bskyed byed	producer	
bskyed cing	generate; produce; engender	
bskyed cing yongs su bsngo ba	generate and thoroughly dedicate; produce and thoroughly dedicate	
bskyed de	produce; generate; engender	
bskyed nas	produce; generate; engender	
bskyed pa	produce; generate; engender	
bskyed pa'i 'bras bu	effects that are produced	
bskyed par 'gyur	produce; generate; engender	
bskyed par bgyid	produce; generate; engender	
bskyed par bya ba	that which is/is to be produced/generated/engendered	
bskyed par bya'o	will produce/generate/engender; should produce/generate/engender	
bskyed par byas la	produce; generate; engender	
bskyed par byed de	increase	
bskyed par byed pa	producer; generator; engenderer; creator	
bskyed par mdzad pa	producer; generator; engenderer; creator	
bskyed rim	stage of generation; generation stage	
bskyod	arouse; stir; move; cause to go	
bskyod mi nus so	cannot be moved; cannot be shaken; cannot be deflected; cannot move	
bskyod pa	arouse; stir; move; cause to go	
bskyod par mi nus	unmovable; unshakeable	
bskyud pa	loss; forgetfulness	
bslab	see slob | to learn | to learn; teach; train in	
bslab btus	[teaching-collection]; Śāntideva's Compendium of Instruction, P 5336,	
bslab bya	advice; precepts; instruction; that which is to be taught	
bslab pa	training; learning; learn; teach; train in	
bslab pa gsum	threefold training{N}	
bslab pa kun las btus pa'i tshig le'ur byas pa	[teaching-collection]; Śāntideva's Compendium of Instruction, P 5336,	
bslab pa ma yin	non-learner; non-learning; non-training	
bslab pa mnyam pa	sameness of training	
bslab pa rnams dang bsgoms pa yi 'bras bu	fruit of trainings and meditations	
bslab pa sbyin pa	giver of teachings	
bslab pa'i 'bras bu rnam pa bzhi	four aspects of training; {T} the fourfold effects/fruits of training	
bslab pa'i gzhi	basis of training	
bslab pa'i tshul	mode of training; how to train{DASI 552.6}	
bslab par bya ba	object of training; will train	
bslab par bya'o	one should train; you should train	
bslabs	see slob | to learn | to learn; teach; train in	
bslabs nas	having trained	
bslad pa	pollution; affected by{BJ 60.4}	
bslang	see slong | to order; to beg | motivate; ask; beg; collect; gather; raise; cause to rise; inspire; excite	
bslang ba	motivate; ask; beg; collect; gather; raise; cause to rise; inspire; excite	
bslangs	see slong | to order; to beg | motivate; ask; beg; collect; gather; raise; cause to rise; inspire; excite	
bslod byed	pollutants	
bslu ba	controvertible; deceptive	
bslu ba med pa	[deceive-not-exist]; inevitable; without deceiving; non-deceptive	
bslu ba'i chos	deceptive phenomenon	
bslus	see slu | to deceive, to bewitch, to delude; to conjure up	
bsnam	carry; brandish; take up; add	
bsnams	to take | carry; take up; grasp; brandish; add	
bsnams pa	carry; take up; grasp; brandish; add{Gön-chok}	
bsngags	to praise	
bsngags pa	praise	
bsngags pa mi ston te	{C}praises	
bsngo	dedicate	
bsngo ba	dedicate	
bsngo ba yin	dedicate	
bsngo bgrang	review	
bsngo yin	dedicate	
bsngos	dedicate	
bsnun	to stick in	
bsnun pa	focusing on (?)	
bsnyad	to tell | emphasize; explain	
bsnyad pa	emphasize; explain	
bsnyal	to lay down	
bsnyems pa	haughty	
bsnyen bkur	respect; reverence; veneration; serve and venerate	
bsnyen bkur bgyis par 'gyur	pay respect to; revere; venerate	
bsnyen bkur bya ba	respect; reverence; veneration	
bsnyen bkur byas	respect; reverence; veneration; serve and venerate	
bsnyen bkur byas na	respect; reverence; veneration	
bsnyen bkur byas pa	respect; reverence; veneration	
bsnyen bkur byed	respect; reverence; veneration; pay respect; venerate; serve and	
bsnyen bkur byed pa	respect; reverence; veneration; pay respect; venerate	
bsnyen pa	approximation	
bsnyen par	approximate; near	
bsnyen par bya	approximate	
bsnyen par byed pa	approximate	
bsnyen par gyis	approximate	
bsnyen te	approximate; near	
bsnyod	to feed	
bsnyon	deny; tell a lie; disavow falsely; lie noun: lie	
bsnyon 'dzugs	accuse falsely; assert falsely	
bsnyon btsugs	accuse falsely; assert falsely | [lie-set]; accuse falsely; assert falsely	
bsnyon du med	undeniably{N}	
bsnyon gzugs	accuse falsely; assert falsely	
bsnyon med du	[deny-not exist-as]; undeniably	
bsnyon mi nus pa	undeniably	
bsnyon tshugs	accuse falsely; assert falsely	
bsnyond	deny; to tell a lie	
bsnyung bar gnas pa	fasting	
bsnyung bar gnas pa la sogs pas gdungs la	they torment themselves by abiding in fasting and so forth{TSV 68a}	
bso	see gso | to take care; to train; to nourish, to raise; to restore	
bsod nams	virtue, merit | merit; virtue; meritorious	
bsod nams bgyi ba'i dngos po	phenomenon of meritorious work	
bsod nams bya ba'i dngos	actual activity of merit; actual meritorious action	
bsod nams bya ba'i dngos po	phenomenon of meritorious activity	
bsod nams che	great merit	
bsod nams chen po	great merit	
bsod nams dang ye shes gnyis	the two, merit and wisdom,	
bsod nams dang ye shes kyi tshogs	collections of merit and wisdom{N}; collections of merit & wisdom	
bsod nams kyi khyad par	feature of merit	
bsod nams kyi las kyi dngos po	phenomenon of meritorious work	
bsod nams kyi phung po	heap of merit; aggregation of merit	
bsod nams kyi tshogs	collection of merit; accumulation of merit	
bsod nams ma yin pa	non-merit	
bsod nams phung	heap of merit; aggregation of merit	
bsod nams phung po	heap of merit; aggregation of merit	
bsod nams rgya chen po 'phel	increase extensive great merit	
bsod nams rgya chen rgyun mi 'chad	uninterrupted continuum of vast merit	
bsod nams rgyun mi 'chad	uninterrupted continuum of merit	
bsod nams skye	Born from Merit	
bsod nams skyes	Born from Merit	
bsod nams tshogs dang ldan pa	having the collection of merit	
bsod nams yang dag bsdus pa	collect merit; collection of merit	
bsod nams ye shes kyi tshogs dpag tu med pa	immeasurable collections of merit and wisdom	
bsod nams ye shes rab rdzogs	complete/perfect/fulfill merit and wisdom	
bsod nams ye shes rang bzhin	natural merit and wisdom; nature of merit and wisdom	
bsod nams ye shes tshogs	collections of merit and wisdom	
bsod nyams	overindulgence	
bsod par byed	kill	
bsod snyoms	alms	
bsod snyoms pa	alms-person	
bsog	accumulate	
bsogs	accumulate	
bsrab pa'i sa	ground of diminishment	
bsrabs	diminished; thinned	
bsrabs pa	diminished; thinned	
bsrabs pa'i sa	level of diminishment	
bsrabs pa'i sgom pa	meditation on diminishment; cultivation of diminishment	
bsrang	straighten	
bsrangs	straighten	
bsre ba	mixture; combine	
bsreg	scorch	
bsreg pa	burning; burn	
bsregs	scorched	
bsregs nas	having burned; burning	
bsres	combine; mixture; confuse	
bsres pa	confuse; combine; mixture	
bsrung	see srung | to guard, to protect	
bsrung 'khor	circle of protection; protective retinue	
bsrung ba	protect/guard/keep/maintain/preserve/sasfeguard [e.g., vows and	
bsrung ba med pa	without	
bsrung bar mdzad	protect/guard/keep/maintain/preserve/safeguard [e.g., vows and	
bsrungs	see srung | to guard, to protect | protect/guard/keep/maintain/preserve/safeguard [e.g., vows and	
bsrungs pa	protect/guard/keep/maintain/preserve/safeguard [e.g., vows and	
bstan	to teach, to explain, to instruct; to show, to display | teach; indicate; show; demonstrate	
bstan 'gyur	the complete collection of the Buddhist commentarial tradition	
bstan bcos	treatise	
bstan bcos dbus dang mtha' rnam par 'byed pa	Vasubandhu's Treatise on the Differentiation of the Middle and the	
bstan bcos rtsom pa	composition of the treatise	
bstan bya	object of indication; object taught	
bstan byed	teach; indicate; show; demonstrate	
bstan dang ston pa lta bas phyi nang gnyis	Buddhist and Outsider [are distinguished] by way of teaching, teacher,	
bstan gzhugs pa	enter into the teaching; engage in the teaching	
bstan na	bites{C}	
bstan pa	(Buddhist) teaching | teach; show; demonstrate; indicate noun: teaching; taught	
bstan pa 'gal	contradiction of the teaching	
bstan pa dang bshad pa	teaching and explanation	
bstan pa dang mi 'gal ba	not contradictory with the teaching	
bstan pa la 'jug par bya ba	enter into the teaching	
bstan pa ltar	in accordance with the teaching	
bstan pa'i tshig	the words that indicate; the words indicated; the words taught	
bstan par bya	teach; indicate; show; demonstrate	
bstan par bya ba	teach; indicate; show; demonstrate	
bstan par zhugs pa	enter into the teaching; engage in the teaching	
bstan rgyu	[show-cause]; that which is to be shown/taught/demonstrated; should	
bstan tshod	the measure indicated	
bstan yod kyi gzugs	demonstrable form	
bstar	clean; polish	
bsten	rely on; make use of; stay close to; adhere to	
bsten nas	having relied upon/made use of/stayed close to/adhered to	
bsten pa	rely on; adhere to; use; to make use of; stay close to	
bsten pa bya	rely on; adhere to; use; to make use of; stay close to	
bsten par bya	will/should rely upon/make use of/stay close to/adhere to	
bsten par byed	rely on; adhere to; use; to make use of; stay close to; cause to rely on,	
bsten par gyis	relied on; adhered to; used; made use of; stayed close to	
bstod	to praise | praise; laud	
bstod byed	praise; laud	
bstod cing	praising; lauding	
bstod pa	praise; laud	
bstod par byed	praise; laud	
bstun pa	compare with; accord with	
bsu	to join | go to meet; escort	
bsus	see bsu | to join | go to meet; escort	
bswe	S#ay Monastery (a Jo-nang-b#a monastery in Am-do Province)	
btab	to cast, to throw, to strike | offer; cast; throw; plant; put; set; give	
btab nas	having offered; having cast; having thrown; having planted; having	
btab pa	offer; cast; throw; plant; put; set; give	
btad	aim; focus	
btags	to bind, to attach | impute; imputed; designate; designated	
btags 'dzin rtog pa	conception conceiving imputed existence	
btags chos	designated phenomenon{N}; phenomenon imputed	
btags don	designated object	
btags gzhi	basis of designation; basis of imputation	
btags kyi cha	factor of superimposition that, while not being pot, appears as like pot	
btags nas	having imputed; having designated	
btags pa	imputed; imputation; designated; designation; impute; designate; hang	
btags pa tsam du	merely imputed; merely designated	
btags pa tsam du yod pa	nominal existent	
btags pa'i kun rdzob	imputational conventionality	
btags pa'i tshig	imputed word	
btags pa'i yod pa	imputed existent; imputedly existent	
btags par mdzad pa	impute; designate	
btags par smra ba	Proponent of Imputation	
btags par yod	imputedly existent; imputed existent	
btags tsam	only imputed	
btags yod	imputed existence; imputed existent; imputedly existent	
btags yod chos gsum	three properties of an imputed existent	
btags yod chos gsum tshang ba	triply qualified imputed existent	
btags yod kyi gang zag	imputedly existent person	
btags yul gyi steng nas grub pa	existence in the object designated	
btags zhi	basis of imputation	
btang	to let go, to send; to give away, to give; to abandon; to let; to set free | give; treat; cast away; send; let go; give away; let loose; play [an	
btang ba	give; treat; cast away; send; let go; give away; let loose; play [an	
btang bar bgyi ba	send; give; treat; cast away; let go; give away; let loose; play [an	
btang nas	having given/cast away/sent/let loose	
btang snyoms	equanimity; neutral feeling; neglect	
btang snyoms 'dug cing	equanimical	
btang snyoms bzhag	equanimity	
btang snyoms bzhag pa	equanimity	
btang snyoms dang ldan pa	endowed with equanimity; having equanimity	
btang snyoms kyi rgyu mtshan yid la byed pa	mental contemplation that is the cause of equanimity	
btang snyoms mdzad	practice equanimity	
btang snyoms pa	one who has equanimity	
btang snyoms su byed	equanimity	
btang snyoms su byed pa	equanimity	
btang snyoms su bzhag pa	equanimity	
btang snyoms tshad med	limitless equanimity; immeasurable equanimity	
btang ste	give; treat; cast away; send; let go; give away; let loose; play [an	
bteg pa	raise; lift	
bting	to spread	
bton	to utter; to obtain; to put, to place out | cause to come out; expel; recite; take out	
btsa'	to give birth, to bring forth | born; give birth; bring forth; bear	
btsa' ba	born; give birth; bring forth; bear	
btsal	see 'tshol | to obtain; to search, to look for | search; search for; seek [past of 'tshal]	
btsal ba	search; search for; seek{BJ 15.1}	
btsal ba'i tshe na	at the time of searching{BJ 56.1}	
btsal bar bya	will search; search	
btsal bya	object sought {T}	
btsan	violent spirits	
btsan po	emperor in the Tibetan Empire	
btsan thabs	force; coercion	
btsas	see btsa' | to give birth, to bring forth	
btsas pa	born; bring forth; bear; give birth	
btsegs pa	piled up [past of rtseg, to pile up]	
btso	cook; boil	
btso ba	to cook; boil; cause to ripen {T}	
btso blag mkhan	washer man	
btso lag mkhan pa	washer man	
btso ma	purified substance; refined; purified	
btsog pa	dirty	
btsol ba	seek	
btson	prisoner	
btson khang	prison	
btson pa	prisoner	
btson ra	prison	
btson rwa	prison; jail	
btsos	see 'tshod | to cook, to brew | cook; boil	
btsos pa	cooked; boiled	
btsugs	plant; establish; set; set up; penetrate	
btsun mo	queen | queen; a woman of rank; wife; goddess	
btsun mo rol pa	sporting with queens	
btsun pa	respectable, noble | monastic; monk	
btsun pa grol sde	Bhadanta Vimuktasena	
btud	bow; pay reverence; pay homage	
btul nas	having disciplined	
btung	verb: drink noun: anything for drinking	
btung ba	drink	
bu	child; son | child; son; boy	
bu 'byung ba	beget a child	
bu gcig pa	one son; person who has one son	
bu gzhon pa	young boy; youthful child {T}	
bu la byams pa yang shin tu che ba	[a mother's] love for her child is very great {T}	
bu lon	debt {T}	
bu mo	daughter; girl	
bu pho	son	
bu ram	molasses	
bu ram shing ba	Sugarcane One	
bu ram shing pa	Sugar-Cane-One	
bu smad	children and [their] mother	
bu ston	Bu-dön (1290-1364), the great Sa-gya scholar, author of the History of	
bu ston rin po che	Bu-ston Rin-po-che (1290–1364), a Tibetan Buddhist master	
bu tsha	offspring, children	
bud med	woman | woman; women	
bud med mthong na nyon mongs pa med pa	when seeing a woman, afflictions do not occur ? {T}	
bud med rin po che	jewel-woman; precious woman	
bud shing	kindling [according to Sanskrit] {T}	
bud shing las me	fire [which arises] from kindling {T}	
buddha-dharma-saṃgha-āśayaḥ = guṇavattva-darśanād bhakti-viśeṣaḥ)	faith; devotion	
bug pa	hole	
bum 'dzin rtog pa	conceptual consciousness apprehending pot	
bum dbang	vase initiation	
bum pa	pot	
bum pa can gyi rnal 'byor	pot-possessing yoga	
bum pa dang gcig	one-with-pot	
bum pa dang gcig ma yin pa las log pa	opposite from being one with pot	
bum pa dang gcig tu gyur pa'i bum pa	pot-which-is-one-with-pot	
bum pa dang tha dad	different-from-pot	
bum pa ma yin pa	not being a pot; non-pot	
bum pa ma yin pa las log pa	opposite-from-not-being-a-pot	
bum pa ma yin pa ma yin pa	non-non-pot	
bum pa med pa	non-existence of pot	
bum pa mya yin pa las log pa	opposite from non-pot	
bum pa tshad mas ma dmigs pa	non-observation of a valid pot	
bum pa yin pa	being a pot	
bum pa yin pa las log pa	opposite-from-being-a-pot	
bum pa'i 'bras bu	effect of a pot	
bum pa'i blo'i gzhan sel	mental other-eliminator of pot	
bum pa'i bye brag	instance of pot	
bum pa'i byed rgyu	creative cause of pot	
bum pa'i don spyi	pot's meaning generality	
bum pa'i ldog pa	pot's isolate	
bum pa'i phyi logs su byung ba	subsequent arising of pot	
bum pa'i rgyu	cause of a pot	
bum pa'i snga logs su byung ba	prior arising of pot	
bung ba	bee	
bya	bird; hen; to do, to make, to commit; to prepare; to speak, to tell | (1) activity; object; deed; do; action [future of byed, to do; make	
bya ba	deed, act, affairs; (so-)called | activities{N}; deed; doing; action; do; indicator of object of a verb	
bya ba 'grub pa	achieve activities	
bya ba 'grub pa la nges par 'gyur ba	will become definite in the activities to be achieved {T}	
bya ba bcas pa'i gnas	place of action; level of activities ? {T}	
bya ba byed	perform activities; do; accomplish	
bya ba byed pa	perform activities; do; accomplish; performance of function	
bya ba byed pa tha dad pa	perform different activities	
bya ba byed pa tha mi dad pa	perform non-different activities	
bya ba byed pa'i rigs pa	suitability of performing activities {T}; reasoning of the performance	
bya ba gcig	one action; one activity	
bya ba la phyin ci ma log pa dang rtsom pa	begin without being mistaken with respect to activities ? {T}	
bya ba ldan	active	
bya ba ma yin pa mi byed pa	not being inactive ?? {T}	
bya ba mang po	many activities; busy	
bya ba mang po'i 'du 'dzi yong su spang ba	not having many activities	
bya ba mang pos yongs su skyo ba	aversion due to there being many activities {T}	
bya ba mdzad pa	perform activities; act	
bya ba med pa'i gnas	abide in non-activity; place of non-activity	
bya ba mthun pa nyid	concordance of activities; concordant activities	
bya ba mtshungs pa nyid	similarity of activities	
bya ba nan tan du grub pa'i ye shes	exalted wisdom of earnestly/ardently achieving activities	
bya ba ngan zhen gyi le lo	laziness which is an attachment to bad activities	
bya ba rnams	actions; activities	
bya ba rnams la phyin ci ma log pa	non-mistaken with respect to activities	
bya ba sgrub pa	achieve activities; accomplishment of activities ? {T}	
bya ba tha dad byed	perform different actions	
bya ba'i phyir	because of doing; because of; due to	
bya ba'i rigs	analysis of action	
bya bar rigs	analysis of action	
bya bral	free from activities	
bya byed	activities{N}; action and agent	
bya byed kyi rigs	analysis of action and agent	
bya byed las gsum	the three: action, agent, and object	
bya dgos pa	to be done; must be done	
bya dka'	difficult to do	
bya dka' ba	difficult to do	
bya dka' ba mang ba	very difficult to do	
bya dka' ba spyod pa	practice what is difficult to do	
bya gag rim	Kukkulika	
bya med	non-activity	
bya mo	hen	
bya nag	black bird (a bird frequently eaten in India)	
bya rdzogs kyi skad cig ma'i thung mtha' gcig las med	no more than a single smallest moment in which an action can be	
bya rgod	vulture	
bya rgod phung po ri	Vulture Peak Mountain	
bya rgyud	Action Tantra	
bya rgyud rigs	[the three] Action Tantra lineages	
bya rlag	red vulture	
bya rog	crow | crow; bird	
bya sgrub ye shes	exalted wisdom of achieving activities	
bya sla ba	easy to do; easy	
bya tshogs	Bya-tshogs, name of a forest	
byad gzugs	shape	
byad gzugs dang bong tshod dang stobs mtshungs pa	similar shape, size, and power	
byams	love; Maitreya [p.n. of the future Buddha]	
byams 'dod	love	
byams chos	the teaching [i.e. the Five Treatises] of Maitreya{BJ 45.2}	
byams dang snying rje	love and compassion	
byams dang snying rje min pa'i bsam med	thought of non-love and non-compassion; {T} there is no thought that	
byams la sogs bsgom pa mchog	supreme meditations on love, etc.	
byams mgon	protector of benevolence | the Protector Maitreya	
byams pa	kindness, benevolence, love; to love; Byams-pa (Skt. Maitreya) | love; Maitreya	
byams pa byed pa	practice love; love	
byams pa chen po	great love	
byams pa dang thugs rje	love and compassion	
byams pa la sogs pa che ba nyid	greatness of love and so forth {T}	
byams pa ni bde ba dang ldan pa'i rnam pa yin	love is the aspect which has bliss ? {T}	
byams pa ni gnod sems kyi gnyen po ste	love, the antidote of a non-defective mind; {T} love is the antidote to a	
byams pa ni sred pa'i rang bzhin	love whose nature is attachment ? {T}	
byams pa nyid	love	
byams pa'i rnam thar	Liberation of Maitreya Sūtra	
byams pa'i sems pa	loving mind	
byams pa'i seng ge'i sgra chen po	Lion's Roar of Maitreya Sūtra, P. 760 (23), vol. 24	
byams par 'dod	love	
byams pas bskyed pa	produce love; {T} generate through love	
byams zhus kyi le'u	The Questions of Maitreya Chapter [of the Saṃdhinirmocana-sūtra]	
byang	purify; cleanse; north; later	
byang 'phags kyi mkhyen pa	exalted wisdom that directly realizes emptiness and an exalted knower	
byang ba	purify; cleanse	
byang ba'i rang bzhin thams cad shes par gyis shig	know everything [about] the purified nature! {T}	
byang bar bya'i sgom pa	purifying meditation ? {T}	
byang bar byed par 'gyur	purify; cleanse	
byang chub	enlightenment | [purified-realized]; enlightenment	
byang chub 'thob pa	attain enlightenment	
byang chub bar sa rnams gong nas gong du ni rnam dag	purity in the progressively higher grounds to enlightenment {T}	
byang chub bgegs byed pa rung ba	suitable to serve to obstruct enlightenment; {T} suitable to obstruct	
byang chub bgegs su 'gyur ba	serve to obstruct enlightenment; {T} become an obstruction to	
byang chub bzang po	Bodhibhadra (16th century?) [p.n. of a Buddhist philosopher]	
byang chub che	great enlightenment	
byang chub chen po	great enlightenment	
byang chub chen po la 'dun pa drag po	strong aspiration to great enlightenment	
byang chub chen po la dmigs pa	object of observation of great enlightenment	
byang chub chen po lhur len pa	intent on great enlightenment	
byang chub chen po rmad byung can	marvellous great enlightenment	
byang chub chen po yang dag par 'grub pa	thoroughly accomplish great enlightenment; thoroughly established in	
byang chub chen po'i rgyu mtshan	cause of great enlightenment	
byang chub chen po'i tshogs	collection of great enlightenment; accumulation of great enlightenment	
byang chub chen por smon pa	resolve for great enlightenment	
byang chub chen por yongs su bsngos pa	dedicated to great enlightenment {T}	
byang chub dam pa	highest enlightenment	
byang chub dam pa 'thob par byed	attaining the highest enlightenment; to attain the highest enlightenment	
byang chub dam pa thob par 'gyur ba	attain the highest enlightenment	
byang chub dang mthun pa'i phyogs sum cu so bdun	thirty-seven harmonies with enlightenment	
byang chub dang nye bar shes pa	intimate knowledge of enlightenment {T}	
byang chub dga' ldan	joyful enlightenment	
byang chub dman pa dang 'bring dang khyad par can	small, middling, and special enlightenment	
byang chub dri med yangs pa	stainless, extensive enlightenment	
byang chub gzhung lam	The Highway to Enlightenment, Dzong-ka-ba's exposition of the	
byang chub kyi bar du	until enlightenment {T}	
byang chub kyi bar du sa gong nas gong du rnam par dag pa'i khyad par	feature of purity in the higher and higher grounds up to enlightenment	
byang chub kyi chos nyid	reality of enlightenment	
byang chub kyi phyogs	the [thirty-seven] harmonies with enlightenment	
byang chub kyi phyogs dang mthun pa	the [thirty-seven] harmonies with enlightenment	
byang chub kyi phyogs dang mthun pa sum cu rtsa bdun bsgom pa	cultivate the thirty-seven harmonies with enlightenment	
byang chub kyi phyogs dang mthun pa'i bdag nyid kyi shes rab	exalted wisdom that is the essence of the harmonies with	
byang chub kyi phyogs dang mthun pa'i chos	phenomena/doctrines that are harmonies with enlightenment	
byang chub kyi phyogs dang mthun pa'i spyod pa	practice the harmonies with enlightenment	
byang chub kyi phyogs dang mthun pas bsdus pa'i shes rab	exalted wisdom included within the harmonies with enlightenment	
byang chub kyi phyogs dang mthun pas mang du gnas	many abiders in the harmonies with enlightenment; {T} many abodes	
byang chub kyi phyogs kyi chos	doctrines/phenomena that are harmonies with enlightenment	
byang chub kyi phyogs la sogs pa rin po che'i gnas nyid kyi phrin las	activities of the precious state of abiding in the harmonies with	
byang chub kyi sems	the altruistic aspiration to enlightenment; mind of enlightenment{N}	
byang chub kyi sems bskyed pa rnams kyi the tshom gcod pa	eliminate doubt with respect to generating the mind of enlightenment	
byang chub kyi shing	the tree of enlightenment	
byang chub kyi skabs	occasion of enlightenment	
byang chub kyi snying po	essence of enlightenments; place/seat of enlightenment; platform of	
byang chub kyi snying po la 'dug gi bar du	seated in the middle of the place of enlightenment	
byang chub kyi spyod pa la 'jug pa'i dka' 'grel	"Commentary on the Difficult Points of """"Engaging in the Bodhisattva"	
byang chub kyi tshogs	collection of enlightenment	
byang chub kyi yan lag	branch of enlightenment	
byang chub kyi yan lag bdun	seven branches of enlightenment	
byang chub kyi yan lag rnam par bzhag pa	establish the branches of enlightenment	
byang chub kyi yan lag tu gyur pa dag	branches of enlightenment	
byang chub kyi yan lag yod pa	have the branches of enlightenment	
byang chub la 'god do	set/establish in enlightenment	
byang chub la gzhol ba	flow toward enlightenment {T}	
byang chub la zhugs pa	abider in enlightenment	
byang chub lam gyi rim pa'i 'khrid yig 'jam pa'i dbyangs kyi zhal lung	Sacred Words of Mañjuśrī, by Nga-wang-lo-sang-gya-tsho (ngag	
byang chub lam gyi sgron ma	Atīśa's Lamp for the Path to Enlightenment, P. 5343, vol. 103	
byang chub lam gyi sgron me	[Atīśa's] Lamp for the Path to Enlightenment	
byang chub mchog	supreme enlightenment; highest enlightenment	
byang chub mchog gi sa bon nyid	seeds of supreme enlightenment	
byang chub mchog tu sems bskyed pa	mind of altruistic aspiration to highest enlightenment	
byang chub nye bar rtogs pa	realized enlightenment {T}	
byang chub pa	enlightenment; enlightened person	
byang chub phyogs dang mthun pa	the [thirty-seven] harmonies with enlightenment	
byang chub phyogs mthun	the [thirty-seven] harmonies with enlightenment	
byang chub phyogs mthun chos	phenomena/doctrines that are harmonies with enlightenment	
byang chub rab tu thob pa	attain enlightenment	
byang chub rang sangs rgyas pa	enlightenment of a Solitary Realizer; {T} ? enlightened Solitary	
byang chub rnam par dag pa nyid	complete purification/purity of enlightenment	
byang chub sems	[purified-realized-intention]; altruistic aspiration to enlightenment	
byang chub sems bskyed	altruistic mind generation	
byang chub sems dag blang ba	assume the mind of enlightenment; take up the mind of enlightenment	
byang chub sems dpa'	Skt. bodhisattva | Bodhisattva; a hero with respect to contemplating enlightenment; one	
byang chub sems dpa' bcu	ten Bodhisattvas	
byang chub sems dpa' bslab pa	Bodhisattva learner	
byang chub sems dpa' gdol ba	Bodhisattva outcast	
byang chub sems dpa' ma yin pa	non-Bodhisattva	
byang chub sems dpa' rigs la gnas pa	abiding in the Bodhisattva lineage	
byang chub sems dpa' rnams kyi nang	interior of Bodhisattvas	
byang chub sems dpa' rtog med	non-conceptual Bodhisattva; Bodhisattva free from conceptuality	
byang chub sems dpa' spyod pa	Bodhisattva deeds	
byang chub sems dpa' thams cad dang mnyam pa	similar to all Bodhisattvas	
byang chub sems dpa' yang dag par rjes su mi mthong	thorough non-viewing of a Bodhisattva	
byang chub sems dpa' yi 'byor ba	greatness of a Bodhisattva	
byang chub sems dpa'i 'bras bu bzhi	four fruits of a Bodhisattva	
byang chub sems dpa'i mtshan spyi	general name of a Bodhisattva	
byang chub sems dpa'i rigs can ma nges pa	not definite in the Bodhisattva lineage	
byang chub sems dpa'i rnal 'byor spyod pa bzhi brgya pa'i rgya cher 'grel pa	"Commentary on [Āryadeva's] """"Four Hundred [Stanzas] on the Yogic"	
byang chub sems dpa'i rtags lnga	five signs of a Bodhisattva	
byang chub sems dpa'i sa	Bodhisattva ground	
byang chub sems dpa'i sde snod	Bodhisattva basket	
byang chub sems dpa'i sdom pa	Bodhisattva vow	
byang chub sems dpa'i skyon ma mchis pa	faultless Bodhisattva	
byang chub sems dpa'i skyon med pa	faultless Bodhisattva; faultlessness of a Bodhisattva	
byang chub sems dpa'i skyon med par 'jug pa	enter into the faultlessness of a Bodhisattva	
byang chub sems dpa'i spyod pa la 'jug pa	Engaging in the Bodhisattva Deeds, by Śāntideva, P. 5272, vol. 99	
byang chub sems dpa'i spyod pa la 'jug pa'i rnam bshad rgyal sras 'jug ngog	Explanation of Engaging in the Bodhisattva Deeds, Entrance of	
byang chub sems dpa'i tshul khrims kyi sdom pa	vow of Bodhisattva ethics	
byang chub sems dpa'i yongs su smin pa	thorough maturation of a Bodhisattva	
byang chub sems kyi 'grel pa	[Nāgārjuna's] Essay on the Mind of Enlightenment [P2665-2666, vol.	
byang chub sems ni skye ba	arising of the mind of enlightenment	
byang chub sems pa	[purified-realized-intention]; Bodhisattva; one intent on full	
byang chub shing	the tree of enlightenment [i.e. the tree under which Śākyamuni Buddha	
byang chub thag mi ring	not far from enlightenment {T}	
byang chub theg chen	(great) vehicle of enlightenment	
byang chub thob pa	attain enlightenment	
byang chub thob par 'dod pa	desire to attain enlightenment	
byang chub thob par bya'o	will/should attain enlightenment; you should attain enlightenment	
byang chub tu bsngo ba	dedicate to enlightenment {T}	
byang chub tu lung ston par 'gyur	teach scriptures on/for enlightenment; give spiritual instructions on	
byang chub tu sems bskyed do	generate the mind of enlightenment	
byang chub tu sems bskyed pa	generate the mind of enlightenment	
byang chub tu yongs su bsngos pa	dedicated to enlightenment {T}	
byang chub yang dag par 'grub	thoroughly accomplish enlightenment; thoroughly established in	
byang chub yangs pa	extensive enlightenment	
byang chub zhi ba	peace of enlightenment	
byang phyogs	the [thirty-seven] harmonies with enlightenment north; northern	
byang phyogs so bdun	the thirty-seven harmonies with enlightenment	
byang rtse	"Jang-d#zay (""""North Point"""") College of Gan-den Monastic University"	
byang sa	Asaṇga's Bodhisattva Grounds{DASI 558.6}	
byang sa dang de'i bsdu ba	[Asaṇga's] Bodhisattva Grounds (bodhisattva-bhūmi) and its	
byang sdom	Bodhisattva's vow	
byang sems	see byang chub sems dpa' | [purified-realized-intention]; mind of enlightenment; altruistic	
byang sems 'phags pa	bodhisattva superiors	
byang sems 'phags pa'i sa	ground of a Bodhisattva Superior	
byang sems kyi 'phags pa	Bodhisattva Superior	
byang sems kyi lam	Bodhisattva path	
byang sems kyi mkhyen pa	exalted knower of a Bodhisattva	
byang sems kyi theg pa	Bodhisattva Vehicle	
byang sems so skye'i lam	path of a Bodhisattva who is an ordinary being	
byang sgra mi snyan	Uttarakuru; the country of the nothern Kurus; the northern [continent	
byas	to do, to make, to commit; to prepare; to speak, to tell | verb: do; act; perform; fabricate; take ... as {BJ 37.4} noun: action	
byas chos	fabricated practices	
byas nas	having taken ... as{BJ 37.4}; having done; having fabricated	
byas nas ring mo zhig lon pa	do for a long time	
byas pa	product; produced thing{N}; do; act; perform; fabricate; performance	
byas pa bsrang ba'i sa	level of completion	
byas pa can	fabrication	
byas pa las byung ba	arisen from having made	
byas pa rtogs pa'i sa	level of realizing completion; ground of realizing completion	
byas pa'i sa	level of accomplishment; ground of realizing	
bye	see 'bye	
bye ba	verb: open noun: ten million; ten millions	
bye ba khrag khrig brgya stong	one hundred thousand million ten millions ? {T}	
bye ba phrag brgya	one billion; 100 10 million	
bye brag	instance; particularity; detail; special; particular; region	
bye brag 'byed pa	discriminate; distinguish	
bye brag byed pa	discriminate; distinguish	
bye brag gi mtshan nyid	the character of particulars	
bye brag gyur pa	non-associated; differentiated	
bye brag kho na	only particularity	
bye brag ma mchis pa	undifferentiated(ness)	
bye brag med	non-differentiated; undifferentiated	
bye brag med pa	non-differentiated; undifferentiated	
bye brag med par	non-differentiated; undifferentiated	
bye brag pa	"Vaisheṣhika (""""Particularists"""") School"	
bye brag phyed pa	discriminate	
bye brag smar ba	Vaibhāṣika	
bye brag smra ba	Vaibhāṣika [a Hīnayāna Buddhist school]; Great Exposition School	
bye brag tu	in particular{BJ 38.4}; particularly; detailed	
bye brag tu brtags pa	impute as particulars; analyze in detail	
bye brag tu bshad pa	detailed explanation	
bye brag tu mi shes pa dang the tshom za bar don 'dzin du 'jug pa	engage in apprehending the meaning, ignorant of the details and with	
bye brag tu shes	know in detail {T}	
bye brag tu shes par bya ba	to be known in detail; one should know this in detail {T}	
bye brag tu shes par byed pa	make known in detail {T}	
bye'u	see byi'u	
byed	to do, to make, to commit; to prepare; to speak, to tell | do; act; perform; does; refer (to){BJ 24.5}	
byed du 'jug pa	engage in doing	
byed gzungs	refers to{LG}	
byed las	function	
byed pa	verb: do; act; perform; refer (to){BJ 24.5} noun: agent; instrument	
byed pa byas pa	do what is to be done	
byed pa dang bcas pa	active	
byed pa la sgro 'dogs pa	superimposition/exaggeration/reification with respect to	
byed pa la skur pa 'debs pa	deprecation with respect to agent/activities	
byed pa la zlas pa	from the point of view of function{Gön-chok}	
byed pa ma mchis pa	non-active; no agent	
byed pa med pa	non-active; no agent	
byed pa po	agent; doer	
byed pa po dang las dang bya ba rnams mi dmigs pa'i phyir	because one does not perceive an agent, action, or object acted upon	
byed pa po dang za ba po dang shes pa po dang grol ba po	agent, enjoyer, knower, and person liberated	
byed pa po ni mi dmigs so	an agent is not observed	
byed pa rgyu mthun gyi 'bras bu	functionally causally concordant effect	
byed pa yang yin pa'i gzhi mthun du dmigs pa/	observed as a common locus between different substantial entities	
byed pa'i sngon 'dzin dbang po mngon sum	a sense direct perception apprehending blue which induces a doubting	
byed par 'dzin pa	apprehend an agent	
byed par rtog pa	conceive as an agent {T}	
byed po min	non-agent; no agent	
byed rgyu	creative cause	
byed rgyu bcu	ten creative causes	
byed rgyu nus ldan	potent creative cause	
byed rgyu nus med	impotent creative cause	
byed rigs pa	suitable to refer (to){BJ 24.5}	
byed sgra	the instrumental case	
byes	"Jay (""""Splinter"""") College of S#e-ra Monastic University"	
byi	rat | see 'byi	
byi dor	sweeping	
byi dor byas	sweep	
byi la	cat	
byi'u	a dark-headed bird that stays near houses	
byi'u/bye'u	nestling	
byin	blessing; to give, to confer	
byin brlabs pa	blessed; empower; bless	
byin gyis brlab pa	to bless; blessed; empower	
byin gyis brlabs	to bless; blessed; empower	
byin gyis brlabs pa	blessed; empower; bless	
byin gyis rlabs can	blessed; empower; bless	
byin gyis rlabs shing babs par gyur	bless; empower	
byin gyis rlob	to bless; blessed; empower	
byin gyis rlob par byed	to bless; blessed; empower	
byin gyis rlobs kyis spyod	practice due to empowerment	
byin pa	give; giving; gift; calf [of the leg]	
byin rlabs can	blessed; empower; bless	
bying	laxity; lethargy; sunk	
bying ba	laxity	
bying ba dang rgod pa	laxity and excitement {T}	
bying na gnas pa	abiding in laxity	
byings	structure; general; all; expanse; sphere; element; verbal root	
byis pa	child | child; children; childish beings	
byis pa btsas ma thag pa	a child who has just been born	
byis pa ltar 'jug	behave like a child	
byis pa rnams la ni slu bar byed pa yin la	to a child these are deceptive	
byis pa'i chos	doctrines of children; qualities of children; childish doctrines	
byis pa'i rang bzhin can	having childish nature	
byis pa'i rmongs pa	childish and ignorant	
byol son gi skye gnas pa	animal womb	
byol song gi skye gnas	animal womb	
byon	see 'byon	
byon nas	having come	
byon pa	come; arrive	
byos	to do, to make, to commit; to prepare; to speak, to tell | listen (?); hear (?); pour (?); {T} to make; to do [imperative??]	
byu ru	coral	
byug pa	verb: anoint; apply a salve noun: salve; ointment	
byugs	verb: anoint; apply a salve noun: salve; ointment	
byung	see 'byung | to arise; occur; arisen; come forth; occur; emerge; appear	
byung ba	to arise; arisen; arising; come forth; emerge; appear; occur	 [Hopkins]: arisen; arising; come forth; emerge; appear; occur
byung ba ma yin	non-arising; non-arisen	
byung ba'i rim pa	chronology{N}	
byung bar byed pa	cause to arise; produce	
byung bar gyur na	when ... arises	
byung bar gyur te	arise; arising; occur	
byung gyur	to arise; arising; occur; arisen; come forth; occur; emerge; appear	
byung nas	having arisen	
byur lba	unlucky goiter	
bza'	to eat; food [future stem]	
bza' ba	food	
bza' ba stong pa nyid	empty of food	
bza' mi	husband and wife	
bzad pa	bear; endure; resist	
bzang	to be good | good; right; nice	
bzang ba	comely | good; right; well done	
bzang ba min	not good; not right	
bzang bar du	while it is good ...; while it is right ... ?{T}	
bzang lam pa	one on an auspicious path {T}	
bzang po	excellent, good | good; right; nice	
bzang po bas ches bzang po	most auspicious; good in every respect	
bzang po spyod pa'i smon lam gyi rgyal po	Aspirational Prayers for Auspicious Deeds, P. 716, vol. 11	
bzang po'i gnas su skyes pa	born in a good place {T}	
bzang za ba	good; right; nice	
bzas	to eat; food [past stem]	
bzhad mo	laugh	
bzhag	see 'jog | to leave; to lay down | to posit; set; assign; establish; put; designate [past tense]	
bzhag cing	positing; setting; assigning; designating	
bzhag nas	having posited; having arranged; having set; having established	
bzhag pa	to posit; set; assign; establish; put; designate; present [past tense]	
bzhag pa'i tshe	when posited; when set; when put; when assigned	
bzhag par bya ba	object posited; posit; set; assign; designate; establish	
bzhags tsam	merely posited	
bzhams	to calm down, to appease	
bzhed	assert; wish; want; desire; accept; take; say; intend	
bzhed pa	assert; wish; want; desire; accept; take; say	
bzheng	to rise; erect	
bzhengs	to rise, get up | to rise; erect	
bzhengs pa	to rise; erect	
bzhengs te	rising; erecting	
bzhes	to take; to experience, to practise | to take up; put on (hon.)	
bzhes thag	cigarette	
bzhi	four	
bzhi mdor	four-way crossroads{S}	
bzhi pa	fourth; four	
bzhi po	four; fourth	
bzhin	face; according to, in accordance with; like; to be like | adjective: as; like; similarly; while; in accordance with{BJ 58.4} noun:	
bzhin du	according to; like | as; like; similarly; while; in accordance with	
bzhin pa	like; particle indicating present continuous; like; similarly; while; in	
bzhir	as four	
bzhon	mount [noun and verb]	
bzhon pa	riding-beast | mount	
bzhu	offer; receive; melt; digest	
bzhugs	to stay, abide; to sit; to be alive | dwell; reside; live; stay; sit [past tense stem]	
bzhugs pa	dwell; reside; live; stay; sit [past tense stem]	
bzhugs te	dwelling; residing; living; staying; sitting	
bzhus	see 2'ju | to melt | offer; receive; melt; digest	
bzla	repeat; recite; mutter; pass beyond	
bzla ba	repeat; recite; mutter; pass beyond{S 53.4}	
bzlas	repeat; recite; mutter; pass beyond	
bzlas brjod	repetition	
bzlas brjod dang bcas pa'i bsam gtan	concentration with repetition	
bzlas brjod la ma bltos pa'i bsam gtan	concentration without repetition	
bzlas brjod lam bltos pa'i bsam gtan	concentration without repetition	
bzlas brjod yan lag bzhi	four branches repetition	
bzlas brjod yan lag bzhi ldan	four-branched repetition	
bzlog	reverse; reversing; stop; turn around; oppose; overcome{BJ 18.5}	
bzlog nas	having reversed; stopping; having opposed; having overcome	
bzlog nyid	reversal	
bzlog pa	reverse; reversing; stop; turn around; oppose; overcome{BJ	
bzlog par bya	reversing; overturning; reverse; overturn; stop; turn around; oppose	
bzlums pa	material objects; (morsel of) food	
bzo	to make; manufacture {T}	
bzo ba	to make; manufacture {T}	
bzo ba'i sprul sku	artisan emanation body	
bzo grwa	factory	
bzo sbyangs	Śreṇika [p.n. of a wanderer, also called Vatsagotra]	
bzo sbyangs gzugs can snying po	King Bimbisāra	
bzo shes	vocational knowledge; knowledge of crafts {T}	
bzo ston pa	teach crafts	
bzod	bear; endure; resist; be patient; forbear; withstand; patience	
bzod byas nas	having been patient/tolerant/forbearing	
bzod ma nas zhi ba	quiescient from the start	
bzod pa	bear; endure; resist; be patient; forbear; withstand; patience	
bzod pa 'thob	attain patience/forbearance/endurance/tolerance	
bzod pa bla na med pa	unsurpassed/highest/sublime patience/forbearance/endurance/tolerance	
bzod pa brgyad	eight forbearances	
bzod pa che ba	great forbearance/patience/endurance/tolerance	
bzod pa dang ldan pa	patient; tolerant; forbearing; endowed/possessing	
bzod pa dang shes pa	forbearance and knowledge	
bzod pa la dga' ba	liking patience/forbearance/endurance/tolerance	
bzod pa nyid	patience; forbearance; endurance; tolerance	
bzod pa phun sum tshogs pa	complete/perfect/marvelous patience/forbearance/endurance/tolerance	
bzod pa smra ba	Advocating Patience/Forbearance/Endurance/Tolerance	
bzod pa yongs su smin pa'i mtshan nyid	character of thoroughly matured	
bzod pa'i gnas skabs	state/period/level of forbearance	
bzod pa'i mthu la gnas pa	abiding in the power of patience/forbearance/endurance/tolerance	
bzod pa'i pha rol tu phyin pa	perfection of patience/forbearance/endurance/tolerance	
bzod pa'i tshogs kyi rgyu mtshan yin pa	being a cause/sign of the collection of	
bzod par 'gyur	become/is patient/forbearing/enduring/tolerant	
bzod par bya ba	that which is to be endured/tolerated/withstood/forbeared/patient about	
bzod shes	forbearance and knowledge	
bzos	to make; manufacture	
bzung	see 'dzin | to seize, to hold; to embrace; to take over; to take sth. as | apprehend; grasp; hold; conceive; taken from (here through to...)	
bzung 'dzin	apprehended object and apprehending subject	
bzung 'dzin rdzas gzhan	apprehended object and apprehending subject being different	
bzung 'dzin rdzas tha dad kyis stong pa	the emptiness of apprehended-objects and apprehending-subjects	
bzung 'jug	state of union{Lati}	
bzung 'os pa	suitable to be apprehended {T}	
bzung ba	apprehend; grasp; hold; conceive; taken from (here through to ...)	
bzung bar 'os pa	suitable to be apprehended; suitable to be grasped {T}	
bzung bya	apprehended object	
bzung nas	begin; beginning from/with; taken from (here through to ...)	
bzung rnam	that which has the aspect of the apprehended	
bzung ste	begin; beginning from/with; taken from (here through to ...)	
bzung yul	apprehended object	
bzungs	apprehend; grasp; hold; conceive; taken from (here through to ...)	
ca lag	things; goods	
cag	plural marker	
can	"possessing; having; subject to | what; however; whatever; can indicate question: """"Is ... (the case)?"	
cang	any, any thing, anyone, whatever | at all; anything	
car	permanently	car nar; 1) permanently, all the time, always. 2) continuously, repeatedly, one after another
ce na	if it is asked	
ces	particle indicating quotation; thus	
ces bya	indicates quotation; it is said	
ces bya ba	indicates quotation; it is said	
ces pa	particle indicating quotation	
cha	part | part; factor; an odd number (see example 2); all of (the parts of | portion	
cha bcas	part-owner	
cha byad	appearance; gestalt	
cha can	the whole; parts-possessor{N}	
cha dang ldan pa	concordance; concordant; entitled to	
cha dang mthun	concordant; concordance; limb; wing	
cha dang mthun pa	concordant; concordance	
cha gcig	one part {T}	
cha lugs	appearance | style; appearance; gestalt; form; comportment	
cha med	[part-not-exist]; partless; indefinite	
cha mnyam	equal	
cha mnyam pa'i the tshom	equal doubt	
cha mthun	partial concordance	
cha nas bzhag pa	qualified by; posited from the point of view of	
cha shas	portion | part; portion; parts; factor	
cha shas can	whole; possessing parts	
cha shas med pa	partless	
cha shas su phye nas	having divided into portions	
cha tshang	[parts-all]; entire	
cha yis	appears{TN}	
chab	water	
chab ma	ghee (i.e., clarified butter); lid; valve(?)	
chab rnyog pa	turbid water; murky water	
chab rnyog pa can mchis pa'i snod	container filled with murky water	
chab srid	kingdom, dominion, territory	
chad	to be cut (off; into pieces); to be separated; to descend; to be decided/determined | verb: cut off; split off noun: annihilation; nullification	
chad lta smra ba	Proponent of Annihilation	
chad lta spong	the annihilationist view is abandoned	
chad mtha'	the extreme of annihilation	
chad pa	begotten/born from | cut off; annihilation; nullification	
chad pa med	not cut off; non-annihilation; uninterrupted	
chad pa med par 'jug pa	uninterruptedly engaging; uninterrupted engagement	
chad pa'i mtha'	extreme of annihilation{N}	
chad par 'gyur ba	annihilate; cut off	
chad par bgyid pa	annihilate; cut off	
chad par lta ba	view of annihilation; annihilationist view{N}	
chad par smra ba	Proponent of Annihilation	
chag	to break; to be attached to, to yearn for | to break; to decrease	
chag chag	sprinkle; wash	
chag med	without a break	
chags	to be attached to, to yearn for; to arise; love; passion	
chags bcas	having desire; having attachment; desirous; attached	
chags bral	separated from attachment; separated from desire{Gön-chok}	
chags bral sngon song	abandoning [some] attachments/afflictions before [the path of seeing]	
chags med	non-attached; non-attachment	
chags med gyur	non-attachment	
chags pa	love; passion; passionate | attachment	
chags pa lam du byas pa	using desire in the path	
chags pa med	non-attachment; unattached	
chags pa med pa	non-attachment; unattached	
chags pa mi mnga' ba	non-attachment; unattached	
chags pa'i mtha'	extreme of attachment	
chags pa'i yid	attached mind	
chags par 'gyur	be attached; attached	
chags par 'gyur bzhin	be attached; attachment	
chags par byed pa	attachment	
chags par gyur te	be attached; attached	
chags sems	attached mind; mind of attachment	
chags shing	being attached; attached	
chags spangs	abandoning attachment	
chal ba	faulty [past tense of 'chal ba]	
chal ba'i tshul khrims	faulty ethics	
chang	beer	
chang khang	bar; beer hall	
chang tshong	tavern	
chang tshong ma	beer-seller (F)	
char	simultaneously; all; at the same time; together; rain	
char 'dod bye 'u	cātaka-nestling	
char pa	rain	
char rgyas par	widespread	
char sprin	rainclouds	
chas	garment | by the factor (= cha + instrumental particle)	
che	great; big	
che 'bring chung	small, middling, and great	
che ba	to be great | great; big	
che ba nyid	greatness	
che ba'i lhag pa'i bsam pa	great special thought; great unusual thought	
che ba'i nga rgyal	pride of greatness	
che ge	such a person; such a one	
che ge mo	such a person; such a one	
ched	for the sake of; {T} intent	
ched bzhin	according to the training	
ched du	on account of | for the sake of; for the purpose of; for; benefit.	
ched du brjod pa	saying; sayings; {T} purposeful expressions	
ched du brjod pa'i sde	sayings{S}	
ched du bya	train; trainee	
ched du bya ba	intended activity; intended object; trainee; object of intent	
ched du bya ba'i 'dul bya	special intended trainee [for whose sake a teaching or tantra was	
ched du byed 'dul bya	special trainee(s); {T} intended trainees ?	
ched du ci phyir	for what purpose?; for the sake of what?	
chen	great; big; large	
chen po	great; big, vast; a great one | great; large; big; great one	
chen po nyid	greatness	
chen po nyid rnam pa bdun	seven aspects of greatness; seven greatnesses	
chen po skor	greater cycles	
chen po stong pa nyid	great emptiness	
chen po yi chen po	great of the great	
chen po'i 'bring	middling of the great	
chen po'i chen po	great of the great	
chen po'i chung ngu	small of the great	
chen por bgyid	make great	
chen por gyur pa	become great	
chen por mi bgyid	not make great	
cher gyur pa	great; become great	
ches	very; big; great; greatly {T} [comparative indicator]; more; -er ??	
ches khyad par du 'phags pa	superior; much superior {T}	
ches mchog	greatest; highest; supreme	
chibs	horse	
chibs kha	bridle	
chig rkyang	separate, single	
chig shad	single shad	
chings	structure (?; see example)	
cho 'brang	lineage	
cho 'phrul	miracle; magical display {VM}	
cho ga	rule; knowledge; {T} rite; ritual	
cho nge	lamentable	
cho nges	lamentation	
cho rigs	father's lineage	
chod	to be decided; to be certain; to cut (off); to decide | (1) to be cut off; (2) imp. of gcod, to cut	
chod par	to be cut off	
chog	to break; to knock out; to be allowed, permitted	
chog 'dzin	contentment; satisfaction	
chog ma shes pa'i brtson grus	effort which is insatiable	
chog mi shes	discontented; discontented mind; unsatisfied mind	
chog mi shes pa	discontented; discontented mind; unsatisfied mind	
chog mi shes pa'i brtson 'grus	effort of one who is not satisfied	
chog pa	permissible; allowed; permitted; when used with instrumental, the	
chog pa 'dzin pa	contented; satisfied	
chog pa shes pa	contented mind; satisfied in mind	
chog par 'dzin pa	contented; satisfied	
chog par 'dzin pa'i gnyen po yid la byed pa bsgom pa	cultivating mental contemplation that is an antidote to satisfaction	
chog shes	[enough-know]; be content; be satisfied; satisfaction	
chog shes pa	content; satisfied; contentment; satisfaction; knowing satisfaction	
choms pa	uproot	
choms par gyur pa	uproot	
chos	Buddhist teaching, Dharma (Skt. dharma), doctrine; religion; religious teaching; thing | phenomenon; religion; property; quality; doctrine; qualificand	
chos 'byung	lit. origins of Buddhism; name of a literary genre	
chos 'dod	desire doctrine	
chos 'dod pa	desire doctrine	
chos 'dod par bya'o	one should desire doctrine	
chos 'dul ba	disciplinary doctrine	
chos 'phags	wise with respect to doctrine; wise with respect to phenomena; p.n. of	
chos ... smos	statement of doctrine	
chos bdag med pa	selflessness of phenomena	
chos bsgyur dkar chag	[Bu-d#ön's (bu ston rin chen grub)] Catalogue of the Translated	
chos bshad pa	explanation of doctrine	
chos bstan pa	teaching doctrine; doctrinal teaching	
chos bstan pa gcig	one doctrinal teaching	
chos btags pa rnam par gzhag pa'i dmigs pa	object of observation that is posited in terms of imputed phenomena	
chos bzod	doctrinal forbearance; forbearance with respect to the doctrine [of...]	
chos bzod shes	doctrinal forbearance and knowledge	
chos can	subject; qualification; quality possessor; logical subject; phenomena	
chos can 'ba' zhig pa	merely propounded subject; mere subject	
chos can brjod pa'i sgra	terms which express qualifications	
chos can mthun snang	commonly appearing subjects{N}	
chos can nus med	powerless subject	
chos dang bden pa dang rigs pa dang theg pa gdags pa rnam par gzhag pa	positing phenomena, truths, lineage, and vehicle; {T} positing the	
chos dang chos nyid rnam par 'byed pa	Maitreya's Differentiation of Phenonema and the Nature of Phenomena	
chos dang don	doctrine and meaning	
chos dang gang zag	phenomena and persons {T}	
chos dang ldan	having the quality (of ...)	
chos dang ldan pa	having the quality (of ...)	
chos dang mthun	concordant with doctrine/phenomena	
chos dang mthun pa'i chos la zhugs pa	entering into doctrine/phenomena and what is concordant with	
chos dang rjes su mthun pa'i chos la zhugs zhing	entering into doctrine/phenomena and what is concordant with	
chos dang skad cig ma ma yin pa'i gzhi mthun pa	a common locus of being a phenomenon and non-momentary	
chos dbying	element of [superior] qualities; sphere of reality; nature of	
chos dbyings	element of [superior] qualities; sphere of reality; nature of phenomena	
chos dbyings stod pa	Nāgārjuna's Praise of the Basic Element of [Superior] Qualities	
chos dbyings ye shes	exalted wisdom of the element of qualities; exalted wisdom of the	
chos de dang rdzas tha dad pa'i sgo nas chos de'i 'bras bu'i rigs su gnas pa	abiding in the type which is an effect of that phenomenon from the side	
chos de la yon tan du blta ba	viewing qualities with respect to phenomena	
chos dkar	pure doctrines; pure phenomena; pure qualities	
chos dkon mchog la	jewel of doctrine; precious doctrine	
chos dmigs pa	observing phenomena/doctrine	
chos dran pa pa nye bar bzhag pa	establishment in mindfulness of phenomena	
chos dung	religious conch	
chos gdags pa	imputed phenomena; imputed qualities	
chos gdags pa rnam par bzhag pa	positing imputed phenomena; positing imputed qualities	
chos gnas par bya ba	abiding in doctrine/phenomena	
chos gos	monk-robe | [religion-clothing]; religious robes	
chos gos yongs su longs spyod pa	resources of religious robes	
chos grwa	[religion-school]; doctrinal college; religious college	
chos gsum	three practices	
chos khrims	religious law{SW,GZ}	
chos kun	all phenomena	
chos kyi 'khor lo	wheel of doctrine	
chos kyi 'khor lo bskor ba	turn the wheel of doctrine	
chos kyi 'od	light of the doctrine {T}	
chos kyi bar chad du gyur pa	interruptions with respect to doctrine	
chos kyi bdag	self of phenomena	
chos kyi bdag med	selflessness of phenomena	
chos kyi bdag med phra mo	subtle selflessness of phenomena	
chos kyi bdag med rags pa	coarse selflessness of phenomena	
chos kyi bdag tu 'dzin pa	the conception of a self of phenomena	
chos kyi char	rain of doctrine	
chos kyi dbyings	sphere of reality{N}; nature of phenomena; element of qualities	
chos kyi dbyings su 'gyur ba	become the sphere of reality; become the nature of phenomena	
chos kyi de bzhin nyid rnam par dag pa'i mtshan nyid	pure character of the suchness of phenomena	
chos kyi de kho na nyid	suchness of phenomena	
chos kyi de nyid	suchness of phenomena	
chos kyi dmigs pa	observation of phenomena; observation of doctrine	
chos kyi don	the meaning of doctrine	
chos kyi grags pa	Dharmakīrti [name of the Indian philosopher, author of the Seven	
chos kyi gtan	delineate doctrine	
chos kyi khams	phenomenon-constituent	
chos kyi longs spyod rdzogs pa	complete enjoyment of the doctrine {T}	
chos kyi longs spyod rdzogs pa rgyun mi 'chad par 'jug pa	engage continuously in the complete enjoyment of the doctrine {T}	
chos kyi mchog	highest doctrine; supreme doctrine	
chos kyi mchog sdud pa	compendium of highest doctrine	
chos kyi mchog tu 'gyur	highest doctrine; supreme doctrine	
chos kyi mdo	sūtras of doctrine	
chos kyi mdzod	treasury of doctrine	
chos kyi mig	eye of doctrine	
chos kyi mig dri ma dang bral ba	eye of doctrine that is free from defilements	
chos kyi mig rdul med cing dri ma dang bral ba	eye of doctrine that is stainless and free from defilements	
chos kyi mtshan ma	sign of phenomena/doctrine	
chos kyi mtshan nyid	characteristic of phenomena	
chos kyi mtshan nyid phyin ci ma log pa	non-mistaken characteristic of doctrine/phenomena	
chos kyi rang bzhin	nature of phenomena	
chos kyi rgyal	King of Doctrine	
chos kyi rgyal po	King of Doctrine	
chos kyi rgyun	stream of doctrine	
chos kyi rjes su lta ba	viewer of phenomena; viewer of doctrine	
chos kyi rjes su mthun pa'i chos	doctrines that are concordant with doctrine	
chos kyi rnam grangs	enumeration of phenomena	
chos kyi rnga rdung ba	beat the drum of the doctrine {T}	
chos kyi ro	taste of doctrine	
chos kyi sbyin pa	gift of doctrine; giving doctrine	
chos kyi sgo	door of doctrine	
chos kyi sgron ma	lamp of doctrine	
chos kyi shugs kyis	force of doctrine; strength of doctrine	
chos kyi sku	Truth Body; Actual Body	
chos kyi skye mched	phenomenon source; phenomenon-source; phenomenon-sense-sphere	
chos kyi skye mched pa'i gzugs	form for the mental consciousness	
chos kyi snang ba	appearance of phenomena; viewing phenomena	
chos kyi snying po can	essence of doctrine	
chos kyi sprin	cloud of doctrine; Cloud of Doctrine (tenth bodhisattva ground)	
chos kyi spyan	eye of doctrine	
chos kyi tshig	verbal expression	
chos kyis 'phags pa	superior qualities; exalted by doctrine; superior doctrine; name of a	
chos kyis bsdu ba	compendium of doctrine; collection of phenomena	
chos kyis phongs pa 'gyur pa dang mthun pa	concordant with being impelled by doctrine/phenomena	
chos kyis phongs par 'gyur ba dang mthun pa	impelled by phenomena/doctrine	
chos la bag yod pa	conscientiousness with respect to doctrine	
chos la bdag med pa	selflessness of phenomena	
chos la bdag med pa'i ye shes rnam par mi rtog pa	not realizing the exalted wisdom [realizing] the selflessness of	
chos la brten pa	depending upon doctrine; depending upon phenomena	
chos la bzod pa	doctrinal forbearance; forbearance with respect to the doctrine [of...]	
chos la dbang ba	power with respect to doctrine/phenomena	
chos la dga'	joy in doctrine	
chos la dga'ba	joy in doctrine	
chos la dmigs pa	observing phenomenon; observing phenomena	
chos la dmigs pa'i byams pa	love observing phenomena	
chos la dmigs pa'i snying rje	compassion observing phenomena	
chos la gcig tu dga' zhing	delighting only in doctrine	
chos la gus pa	respect for doctrine	
chos la khong khro ba'i sgrib pa	obstruction of anger with respect to doctrine/phenomena	
chos la khong khro sgrib	obstruction of anger with respect to doctrine/phenomena	
chos la longs spyod pa	doctrinal resources; resources with respect to doctrine; resources in	
chos la longs spyod rdzogs pa	completion of doctrinal resources	
chos la longs spyod rdzogs pa rgyun mi 'chad pa	not cutting off the continuum of completion of doctrinal resources	
chos la longs spyod rdzogs par mdzad pa	completion of doctrinal resources	
chos la mi dga'	not delighting in doctrine/phenomena	
chos la mi g.yo	unmoving with respect to doctrine/phenomena	
chos la mi mos pa	non-belief/faith/interest/inclined towards/zeal in doctrine	
chos la mos	belief/faith/interest/inclined towards/zeal in doctrine	
chos la mos pa	belief/faith/interest/inclined towards/zeal in doctrine	
chos la mos pa'i rnal 'byor la brtson pa	effort in the yoga of belief in doctrine	
chos la mos pa'i rnal 'byor la brtson par bya'o	one should make effort in the yoga of belief in doctrine	
chos la mos pa'i sa bon	seeds of belief/faith/interest/inclination towards/zeal in doctrine	
chos la mos par byed	belief/faith/interest/inclined towards/zeal in doctrine	
chos la mun pa med	non-obscuration with respect to doctrine	
chos la nga rgyal spangs pa	abandon pride with respect to qualities/doctrine	
chos la nges par rtog pa'i bzod pa	forbearance of the definite realization of doctrine	
chos la nges rtogs kyi bzod pa	forbearance of the definite realization of doctrine	
chos la rin po cher 'du shes	discrimination with respect to the precious doctrine; discrimination	
chos la ser sna med pa	not miserly with respect to the doctrine/phenomena {T}	
chos la sgro 'dogs pa'i mtha'	extreme of superimposition/exaggeration/reification with respect to	
chos la tshul bzhin yid la byed pa	mental engagement in accordance with doctrine/phenomena	
chos la zhugs pa	enter into doctrine	
chos las chos nyid gzhan yin pa	phenomena are different from reality	
chos las mi g.yo	not wandering from the doctrine {T}	
chos lugs	order	
chos ma bstan	not teaching doctrine	
chos ma mos pa	non-belief/faith/interest/inclined towards/zeal in doctrine	
chos ma yin pa	improper{N}	
chos mchog	supreme quality; supreme mundane qualities; highest mundane	
chos mchog gi rtse sbyor	peak training of the supreme mundane quality [path of preparation]	
chos mchog sdud pa	compendium of highest qualities; compendium of the highest doctrines	
chos mchog tu 'gyur	supreme quality; supreme mundane qualities	
chos mdzod	treasury of doctrine	
chos med pa	non-existence of phenomena	
chos mi ldog pa'i rtags	sign of not reversing from the doctrine	
chos mi mthun sbyor gyi sgrub ngag	proof statement using a qualitative dissimilarity	
chos min	improper; non-religious	
chos min bya ba	acting improperly	
chos ming	names of phenomena; names of doctrines	
chos mngon	knowledge; higher knowledge; higher doctrine	
chos mngon pa	Higher Knowledge; knowledge; higher doctrine; Manifest Knowledge	
chos mngon pa'i mdzod	Vasubandhu's Treasury of Knowledge (Abhidharmakoṣa), P 5590,	
chos mngon pa'i mdzod kyi bshad pa	Vasubandhu's Explanation of the Treasury of Knowledge	
chos mngon pa'i mdzod kyi tshig le'ur byas pa	Vasubandhu's Stanzas of the Treasury of Knowledge	
chos mngon par rtogs pa; chos mngon rtogs	clear realizer of doctrine	
chos mngon rtogs	clear realizer of doctrine; clear realization of the doctrine	
chos mnyam nyid	sameness of phenomena	
chos mnyam pa nyid	sameness of phenomena	
chos mthun pa	qualitative similarity	
chos mthun sbyor gyi sgrub ngag	proof statement using a qualitative similarity	
chos ngo bo nyid med pa nyid du ston pa	teach that phenomena are natureless	
chos nyid	reality; quality; noumenon; real nature; actuality; nature; final reality	
chos nyid dang mi 'gal ba	not contradictory with reality	
chos nyid dang ni 'gal ba med	not contradictory with reality	
chos nyid de tshad mar bya'o	valid in terms of reality	
chos nyid kyi gzugs	form of reality; noumenal form	
chos nyid kyi rigs pa	analysis of the nature; reasoning of nature	
chos nyid kyi sems	mind of reality	
chos nyid kyi tshul	mode of reality	
chos nyid kyis rnam par nges pa	definite by way of reality	
chos nyid pa	reality; quality	
chos nyid phyir	in reality	
chos nyid rang bzhin rnam dag mthong tshul	the mode of seeing the pure nature, reality{PGP 79}	
chos nyid skyon med	faultless reality; faultless quality	
chos nyid thob pa	obtaining reality; obtaining qualities	
chos nyid yongs grub de bzhin nyid	noumenal; thoroughly established thusness	
chos nyid zab mo	profound reality	
chos pa	follower of Dharma | religious practitioner; Buddhist {GZ 68b. 3}	
chos ra	debating courtyard	
chos rab ston	thoroughly teach doctrine	
chos rab tu rnam par 'byed pa	differentiation of phenomena	
chos rdzogs longs spyod	complete enjoyment of doctrine	
chos rgyal	King of Doctrine	
chos rgyal po	King of Doctrine	
chos rgyun	stream of doctrine	
chos rgyun gyi ting nge 'dzin	meditative stabilization of the stream of doctrine	
chos rnam par 'byed pa	investigation of phenomena/doctrine	
chos rnam par gzhag pa	positing phenomena/doctrine	
chos rnams dang ni gang zag	phenomena and persons	
chos rnams kyi bdag gi ngo bo	the nature of self in phenomena	
chos rnams kyi chos nyid	reality of phenomena	
chos rnams kyi dngos po med	non-thingness of phenomena	
chos rnams kyi ni gtso bo ste	main doctrines/phenomena/qualities	
chos rnams kyi ni mchog yin	highest qualities/doctrines	
chos rnams kyi stong pa nyid	emptiness of phenomena	
chos rnams la sems mnyam pa nyid	mental equanimity with respect to phenomena	
chos rnams rang bzhin	nature of phenomena	
chos rnams sna tshogs	various phenomena; various doctrines	
chos rnams so so'i ming ni sgyu ma ste	individual names of phenomena	
chos rnams thams cad	all phenomena	
chos rnams thams cad ni bdag med	all phenomena are selfless	
chos sdings	Chö-ding Hermitage (above what became S#e-ra Monastic University	
chos shes	knowledge of attributes; doctrinal knowledge{Gön-chok}	
chos shes pa	knowledge of attributes; doctrinal knowledge	
chos skad	doctrinal language	
chos sku	Truth Body; Body of Attributes	
chos skyon	[religion-protector]; protector of the religion; protector of the doctrine	
chos smra	Proponent of Doctrine	
chos smra ba	Proponent of Doctrine	
chos spong	abandoning the doctrine	
chos spong ba	abandoning doctrine; abandoning phenomena	
chos spong bar 'gyur ba	abandoning doctrine; abandoning phenomena	
chos spyod	practice doctrine; religious practice	
chos spyod pa	practice doctrine; religious practice	
chos spyod pa bcu	ten religious practices	
chos sred pa	attachment to phenomena	
chos ston pa	teaching doctrine; doctrinal teaching	
chos thams cad	all phenomena	
chos thams cad bdag med pa	all phenomena are selfless{T1 8.1}	
chos thams cad kyi don dam pa'i ngo bo nyid	the ultimate nature of all phenomena	
chos thams cad la bdag tu log par 'dzin pa	mistaking all phenomena as having self	
chos thams cad med pa	all phenomena are non-existent; {T} non-existence of all phenomena	
chos thams cad mnyam pa nyid	sameness of all dharmas	
chos thams cad ngo bo nyid med pa nyid du ston pa	teach that all phenomena are natureless	
chos thams cad ni bdag med pa'o	all phenomena are selfless	
chos thams cad stong zhing bdag med pa	all phenomena are empty and selfless	
chos thos pa	hearing doctrine	
chos tshad med pa yongs su tshol zhing 'dzin pa	thoroughly investigation/examination/research and apprehending	
chos tshol ba	investigate/examine/research phenomena/doctrine	
chos tshul	the way of doctrine	
chos yang dag par sdud pa'i mdo	Compendium of Doctrine Sūtra (dharmasaṃgīti-sūtra), P. 90, vol. 36	
chos yin pa	proper{N}	
chos yongs su tshol ba	investigate/examine/research phenomena/doctrine	
chu	water; river	
chu 'bab	waterfall	
chu bo	river | river; stream	
chu bur rdol ba can	Bursting Blisters (Hell)	
chu klung	river | Patañjali [proper name of the author of the Yoga-sūtras]; river	
chu lo	chulo (sorrel leaves)	
chu ltar	like water; similar to water {T}	
chu sdor	meat	
chu shel	moon gem; moonlight; lovely as the moon	
chu tshod	hour; wristwatch; clock	
chu zla	reflection of moon in water; image; reflection	
chu zla'i gzugs	form of moon in water	
chu'i klung	river	
chu'i phung po	water aggregate; aggregate of water	
chu'i skye bo	water creature	
chud	to enter into	
chud gsan	to waste	
chud gzan	waste	
chud gzan cing	wasting; having wasted	
chud gzan par gyur na	if one wastes; wasting	
chud gzon	wastes	
chud mi gzan phyir	because of not wasting	
chud mi gzom	cause to be wasted	
chud mi za	not wasting	
chud mi za ba	not wasting; non-wastage	
chud mi za ba'i rgyu yin pa	being the cause of not wasting; being the cause of non-wastage	
chud pa	to enter into	
chud par 'gyur	will enter into	
chud za	to waste	
chud za ba	to waste	
chud za bar 'gyur ro	waste; will waste	
chud zos pa	to waste	
chud zos par gyis shig	must not waste; should not waste	
chug	to put into; to lead to; to order	
chung	to be small, young	
chung ba	small	
chung bar	small	
chung chung	small; very small	
chung du 'gro ba	decrease	
chung gnyen	child-marriage	
chung ma	wife	
chung ngu	the youngest; childhood; small	
chung ngu dang chen po	small and great	
chung ngu skor	lesser cycles	
chung ngu yid la byed pa	small mental engagement	
chung ngu'i 'bring	middling of the small	
chung ngu'i chen po	great of the small	
chung ngu'i chung ngu	small of the small	
chung ngu'i sems	small mind; small-minded	
chung ngus chog shes pa	satisfied with little	
chung shos	the youngest	
ci	what?; which	 [Bialek]: what?
ci 'ang med pa	nothingness	
ci 'ang med pa'i skye mched	sphere of nothingness	
ci 'dra	how; whatever | [what-like]; whatever like; whatever; what like?	
ci 'dra ba	[what-like]; whatever like; whatever; what like?	
ci brjod	what has been told(?)	
ci la	of what?	
ci la brten te	depending upon what; having what basis	
ci la dgongs nas	thinking of what?	
ci la gnas	having what basis	
ci ltar	how?; how	
ci ma rung	[what-not-fitting]; how nice it would be!; how would it not be fitting?	
ci nas kyang	[what-from-even]; in any case; by all means	
ci nus	[what-able]; whatever one can; as much as possible	
ci phyir	why?; for what reason?	
ci rigs pa	[what-type]; any; and either; either	
ci rigs sbyar	either is affixed	
ci slad du	on account of what?	
ci ste	if	
ci thub	[what-able]; whatever one can; as much as possible	
ci tsam	how much?; so much	
ci yang	at all; anything	
ci yang med	nothingness	
ci yang med pa'i skye mched	sphere of nothingness	
ci yod	[what-is]; what is?; whatever	
ci zhig	what	
ci'i phyir	why? | why?; for what reason? [lit.: because of what?]	
ci'i slad du	why? on account of what? | on account of what?; why?	
cig	"particle indicating """"a"""" or imperative (often untranslatable)"	
cig car	simultaneous; simultaneously | simultaneous; simultaneously; at one time	 [Hopkins]: simultaneously
cig car ba	simultaneous	
cig car du	simultaneous; at one time; simultaneously	
cig char du	simultaneous; simultaneously; at one time	
cig dang yud tsam zhig	minute; second	
cig sgra	the sound, cig, (?)	
cing	and; pronoun indicator; present and past participal indicator	
cis	by any	
cis kyang	in any case; by all means	
co	hair	
cod pan	crown	
cog ro lo chen	the Great Translator J#ok-ro	
cog rtse	table	
cung zad	a little, a bit | [little-only]; slight; only a little; a little; any	
cung zad kyang	slight; only a little; a little; any	
cung zad lkog gyur	slightly hidden phenomenon	
cung zad lkog yur	slightly hidden phenomena	
cung zad mi	slight; only a little; little; any	
cung zad phye ste	slightly extensive	
cung zad tsam	only slightly; only a little	
cung zad tsam zhig	only slightly; only a few	
d+hi	DHI, seed syllable of Mañjuśrī	
d+hu ti	"dhuti; """"central channel"""""	
da	now | now; presently; nowadays	
da drag	hidden da {T}	
da dung	still; still more	
da gdod	still again; still	
da lan	the present	
da lta	now | present; now; presently; nowadays	
da lta ba	now; present; nowadays	
da ltar	now | present; now; presently	
da ni	now; presently; nowadays	 [Hopkins]: presently; nowadays
da res	nowadays; at present	
da ste	from now on	
dad	to believe	
dad dang 'dun la brten pa	depend upon faith and aspiration	
dad ldan	having faith; faithful	
dad ma yin	non-faith; unfaithful	
dad pa	faithfulness	
dad pa bskyed nas	having produced faith	
dad pa dag	pure faith; faithful	
dad pa dang dga' ba dang blo'i rgyu	cause of faith, happiness, and knowledge	
dad pa dang ldan pa	having faith; faithful	
dad pa la sogs pa dge ba'i chos su snang ba	appear as virtuous qualities, faith and so forth	
dad pa la sogs pa'i rnam pa	aspects of faith and so forth	
dad pa mang ba	much faith	
dad pa skyed par byed pa	produce faith	
dad pa thob pa	obtain faith	
dad pa yid la byed pa	mental contemplation of faith	
dad pa yongs su smin pa	thoroughly mature faith	
dad pa'i dbang po	faculty of faith	
dad pa'i sa	ground of faith	
dad par	faithful	
dad par 'gyur	have faith	
dad par gyur pa	have faith	
dad par med par	non-faith; unfaithful	
dag	(1) to purify; to clean; (2) plural marker	
dag byis	purify (?)	
dag cig	some	
dag cig zhugs pa	firmly established (?)	
dag dang ma dag min	neither pure nor impure	
dag gyur pa	become pure	
dag ma dag	pure and impure; purity and impurity{BJ 6.3}	
dag pa	lacking; free of; devoid of; pure of; clear; correct	
dag pa 'jug pa	enter into purity	
dag pa ma yin	not pure; impure	
dag pa pha rol 'gro	become perfectly pure	
dag pa rab 'byams	endless purity	
dag pa rab 'gyur	become completely pure	
dag pa'i bdag thob	attainment of a pure nature	
dag pa'i kun rdzob	pure conventionality	
dag par ston pa	throughly teach complete perfect enlightenment and the thorough	
dag rgyu	to be corrected/purified; that which is to be corrected/purified	
dag sa	pure ground	
dag zhing	Pure Land	
dal	leisure	
dal 'byor	leisure and fortune	
dal 'byor gyi skor rnams bsgom	meditate on the topics of leisure and fortune	
dal 'gro'i rgyun	[gently-going-continuum]; river	
dal ba	leisure	
dal ba la snying po len 'dod	the wish to extract the essence with respect to leisure{MSI 514}	
dal bar skye ba	produce leisure; produce in a moment	
dal bus	gently; quietly; gradually	
dal gyis	gently	
dal med	without rest	
dam	vow | (1) or; and; question particle (2) tight; firm; excellent; holy (3) promise	
dam bca'	thesis; promise	
dam bca' ba	thesis; promise; Defender	
dam bca' ba'i blo	awareness which promises	
dam bca' tsam	mere thesis{LG 30.5}	
dam bcas	thesis; promise	
dam bcas pa	thesis; promise	
dam can	[promise-having]; name of a deity who has promised to defend	
dam chos	the excellent doctrine; Buddhism	
dam chos bsgrub par bya ba	follow the excellent doctrine	
dam chos cher gzung	apprehend the excellent doctrine as great	
dam chos legs gzhag pa	well established in the excellent doctrine	
dam chos yun ring gnas pa	abide in the excellent doctrine for a long time	
dam pa	noble | excellent; the ultimate; highest	
dam pa ma yin pa'i chos	false doctrine	
dam pa ma yin pa'i chos yongs su 'dzin pa	apprehend what is not the excellent doctrine	
dam pa yin pa	excellence	
dam pa'i chos	excellent doctrine{N}; true doctrine	
dam pa'i chos 'dzin pa	apprehend what is not the excellent doctrine	
dam pa'i chos 'jig pa'i dus kyi tshe	the time of the disintegration of the excellent doctrine	
dam pa'i chos kyang yun ring du gnas par 'gyur	abide also in the excellent doctrine for a long time	
dam pa'i chos ma yin pa yongs su 'dzin pa	apprehend what is not the excellent doctrine	
dam pa'i chos yun ring du gnas par bya ba	make the excellent doctrine abide for a long time	
dam pa'i don	ultimate truth; ultimate object; object of the ultimate	
dam pa'i don du	in terms of the ultimate truth; ultimately	
dam pa'i don du yod	exists ultimately	
dam pa'i don ni grub pa	establish the ultimate truth	
dam par sgrub pa	establish as ultimate; ultimately established	
dam po	tight; firm	
dam sbring nge ba	tightly; tenaciously	
dam sbring sbring	tightly; tenaciously	
dam sri	gnome spirit	
dam tshig	[promise-word]; promise; pledge; vow	
dam tshig can	[promise-word-having]; one who has a promise	
dam tshig gi phyag rgya	pledge seal	
dam tshig pa	[promise-word-having]; pledge being; one who has a promise (e.g. a	
dang	and; with; or	 [Hopkins]: with; or
dang 'dra ba	similar	
dang 'dra ba'i	which is similar	
dang ba	to be pure | clear; pure	
dang ba nyid	purity; clarity	
dang ba rab	completely pure; completely clear	
dang ba'i dad pa	faith of clear delight	
dang ba'i shugs	force of purity; force of clarity	
dang bar 'gyur te	clarify; purify	
dang bcas pa	together with	
dang bcas par	together with	
dang bral	free of; devoid of	
dang bral ba	free of; devoid of	
dang bral ba gyur pa	free of; devoid of	
dang bral bar	free of; devoid of	
dang du blang bya	voluntarily assume	
dang du len	voluntarily assume	
dang du len pa	to voluntarily assume	
dang du mi len	not voluntarily assume; involuntary assume	
dang ldan	with; having; connected with; endowed with	
dang ldan gyur	with; having; connected with; endowed with	
dang ldan pa	with; having; connected with; endowed with	
dang len	to voluntarily assume	
dang mthun pa	in accordance; agreeable	
dang po	first; at first, at the beginning	
dang po ba	beginner	
dang po dang 'og	first and second	
dang po kho na nas brtsams pa	from just the first	
dang po la gnyis te	with respect to the first there are two [parts, divisions, etc]; {T} the	
dang po ltar na	in the first case ...{BJ 43.1}	
dang po sbyor ba	initial joining	
dang po'i pa'i sa	ground of a beginner	
dang po'i sangs rgyas	original Buddha	
dang por	initially{BJ 28.2}; first; at the beginning	
dang por re zhig	at the beginning, first of all	
dang por skye ba	originally produced	
dang sbrags nas	in conjunction with; together with	
dang sems dang ldan pa	pure mind; clear mind	
dang thabs cig go	all together	
dang tshung ldan	accompanies	
dangs pa	clear; pure	
dangs pa nyid	clarity; purity	
dar	to spread | spread; disseminate	
dar ba	spread; dissemination	
dar cig	a moment	
dar dbyangs	silk-ribbon {VM}	
dbang	power; to control; to own | initiation; empowerment; consecration; power; force; control	
dbang 'byor ba'i gzugs	form of one who has attained mastery	
dbang ba	powerful person; power	
dbang bar bya	make powerful; empower	
dbang bar byas	make powerful; empower	
dbang bar byed	make powerful; empower	
dbang bcu	the ten powers [of a Buddha]	
dbang bsgyur ba'i yid la byed pa	mental contemplation of control	
dbang bskur	bestowal of initiation; Tantric initiation	
dbang bskur ba	bestowal of initiation; Tantric initiation	
dbang btsan	binding power; authority	
dbang byed pa thob pa'i mtshan nyid	the characteristic of attaining dominance/sovereignty {T}	
dbang che bar grag pa	eminence; eminent	
dbang du 'gyur	empowerment; empower	
dbang du bya ba	done in terms of; in terms of; context{BJ 62.5}	
dbang du byas	done in terms of; treated in terms of; in terms of; in the context of{BJ	
dbang du byas pa	done in terms of; treated in terms of; in terms of; in the context of	
dbang du gyur pa	empowerment; empower	
dbang du ma gyur pa	not empowered; uncontrolled; disobedient; not subdued	
dbang gi mi mthun pa'i phyogs	concordance with empowerment/power	
dbang gis	perforce | by the power of	
dbang ldan	powerful; powerful person	
dbang mchog thob pa'i blo dang ldan	intelligence that obtains the highest power	
dbang med	powerless	
dbang mngon	sense direct perception/perceiver	
dbang mngon bcad shes	sense direct subsequent cognizer	
dbang mngon du gyur pa'i bcad shes	subsequent cognizer that is a sense direct perceiver	
dbang mngon du gyur pa'i snang la ma nges pa'i blo	awareness to which an object appears but is not ascertained that is a	
dbang mngon du gyur pa'i tshad ma	valid cognizer that is a sense direct perceiver	
dbang phyug	Īśvara; god; ruler; lord	
dbang phyug chen po	Maheśvara; Śiva	
dbang phyug gi rgyu	cause of sovereignty	
dbang phyug sbyin par byed pa	giving to Īśvara	
dbang po	sense | sense power; faculty; power; sense faculty{N}; Indra{DASI 560.6}	
dbang po 'bring	middling faculties	
dbang po bsdams pa	restrained faculties	
dbang po durg	six senses	
dbang po gzugs can pa	physical sense power	
dbang po gzugs can pa las skyes pa	produced from a physical sense power{BR}	
dbang po la mkhas pa	wise with respect to the faculties	
dbang po lha'i	of the god, Indra {T}	
dbang po lnga	five sense powers	
dbang po lnga rnams gzhan gyur	change of the five sense powers	
dbang po ma tshang ba	incomplete faculties	
dbang po nyams pa	inferior faculties	
dbang po rno ba	sharp faculties{BJ 30.3}	
dbang po rno ba nyid	sharpness of faculties	
dbang po rnon po	sharp faculties	
dbang po rtul po	dull faculties	
dbang po thams cad tshim par byed pa	please all the senses {T}	
dbang po yongs su rdzogs par bya ba la mkhas pa	wise/skilled with respect to perfecting the faculties	
dbang po'i mngon sum	sense direct perceiver/perception	
dbang po'i rim pa yod pas	since there are stages of faculties {T}	
dbang po'i rnam pa thams cad yongs su rdzogs pa	perfect/complete all aspects of the faculties	
dbang po'i spyod yul sna tshogs	various objects of activity of the faculties	
dbang po'i yul	sense object	
dbang rdul gyi nang pa	Buddhist of dull faculties	
dbang rnam pa bzhi	four types of power	
dbang rnon	sharp faculties	
dbang rnon gyi dge rtsa yongs su ma smin pa	Buddhist of sharp faculties whose virtuous roots are not thoroughly	
dbang rtul	dull faculties	
dbang sgyur	control; subjugate	
dbang shes	sense-consciousness; main sense-consciousness; sense-cognition	
dbang shes dang yid shes gnyis	the two, sense consciousness and mental consciousness	
dbang shes su gyur pa'i rtog med log shes	non-conceptual wrong consciousness that is a sense consciousness	
dbang thang	power; power from previous actions; karmic power	
dbang thang che ba	authority	
dbe ba can	Blissful Pure Land	
dben	isolation; solitary place; to be devoid of; solitude	
dben pa	isolation; solitary place; to be devoid of; solitude	
dben par 'dug	in a solitary place; gone to a solitary place	
dben par bgyid pa	isolation; become/make isolated	
dben sa	[solitude-place]; En-sa-ba; name of a famous yogi [also called Losang-	
dben sa pa	[solitude-place]; En-sa-ba; a famous yogi [also called Lo-sang-döndrup	
dbog	give; bestow	
dbon	nephew; grandson	
dbon po	nephew; grandson	
dbu	head | head (hon.)	
dbu ma	center; middle; middle way{N}; Mādhyamika [Proponent of the	
dbu ma chen po	the Great Middle Way	
dbu ma la 'jug pa	Supplement to the Middle Way, by Candrakīrti (zla ba grags pa), P.	
dbu ma la 'jug pa'i 'grel bshad	[Jaya-ānanda's] Commentarial Explanation of (Chandrakirti's)	
dbu ma la 'jug pa'i bshad pa	Commentary on the 'Supplement to the Middle Way', by Candrakīrti	
dbu ma la 'jug pa'i rgya cher bshad pa dgongs pa rab gsal	Illumination of the Thought, An Extensive Explanation of	
dbu ma pa	Mādhyamaka; Proponent of the Middle Way; Proponent of the Middle	
dbu ma pa dpa' bo rdo rje	the lama U-ma-b#a B#a-wo-dor-jay (one of the teachers of D#zong-ka	
dbu ma rang rgyud pa	Middle Way Autonomy School	
dbu ma rgyan	Śāntarakṣita's Ornament for the Middle Way	
dbu ma rtsa ba'i 'grel pa budd pA li ta; 'grel pa budd+h pA li ta	Buddhapālita's (sangs rgyas bskyangs) Commentary on [Nāgārjuna's	
dbu ma rtsa ba'i 'grel pa shes rab sgron ma	"Commentary on (Nagarjuna's) """"Fundamental Treatise on the"	
dbu ma rtsa ba'i 'grel pa tshig gsal ba; tshig gsal	"Clear Words, Commentary on Nāgārjuna's) """"Treatise on the Middle"""""	
dbu ma rtsa ba'i tshig le'ur byas pa shes rab ces bya ba	"Fundamental Treatise on the Middle Way, Called """"Wisdom"""", by"	
dbu ma snang ba	Kamalaśīla's Illumination of the Middle Way	
dbu ma thal 'gyur pa	Prāsaṅgika-Mādhyamaka; the Middle Way Consequence School	
dbu ma thal rang	Mādhyamika Prāsaṅgikas and Svātantrikas{BJ 41.4}	
dbu ma'i bstan bcos	Treatise on the Middle, by Nāgārjuna (klu sgrub), P. 5224, vol. 95	
dbu ma'i lam	the middle way; the middle path{N}	
dbu ma'i lta khrid	Instructions on the View of the Middle Way{N}	
dbu ma'i rgyan gyi tshig le'ur byas pa	Ornament of the Middle Way; by Śāntirakṣita (zhi ba 'tsho), P. 5284,	
dbu ma'i snying po'i 'grel pa rtog ge 'bar ba	"Commentary on the Heart of the Middle"""": Blaze of Reasoning [by"	
dbu ma'i snying po'i tshig le'ur byas pa	Essence of the Middle Way, by Bhāvaviveka (legs ldan 'byed), P. 5255,	
dbu skra	hair	
dbugs	breath	
dbugs 'byung ba	exhalation	
dbugs 'byung rngub	exhalation and inhalation of the breath	
dbugs dbyung ba	let out the breath; exhale	
dbugs phyi nang du rgyu ba	movement of breath outward and inward; inhalation and exhalation of	
dbugs rngub	to inhale	
dbugs rngub pa	inhalation	
dbul	offer; present; poor	
dbul phongs	to be poor	
dbul po	poor	
dbul por gyur	poor	
dbung	middle	
dbus	middle | middle; center	
dbus dang mtha' rnam par 'byed pa	Discrimination of the Middle Way and the Extremes, attributed to	
dbus mtha'	Discrimination of the Middle Way and the Extremes, attributed to	
dbus mtha' rnam 'byed	Discrimination of the Middle Way and the Extremes, attributed to	
dbus mtha' rtsa 'grel	[Maitreya's] root text of and [Vasubandhu's] commentary on the	
dbus rnam 'byed pa	differentiation of the middle way	
dbus su	in the middle of	
dbyang can ma	Sarasvatī	
dbyangs	voice; melody; tone; vowel	
dbyangs yig	vowel	
dbyar	summer	
dbye	divide; separate; open; differentiate; to divide; division	
dbye ba	divide; separate; open; differentiate; to divide; division	
dbye bar byed	dividing; to divide	
dbye bas tha dad pa	different through division {T}	
dbye gzhi	basis of division	
dbye med pa	undifferentiated; undivided; non-difference	
dbye na	when one divides ...; if one divides ...	
dbye na mi mang ba	when divided, there are not many [parts] {T}	
dbyen	dissention; punishment; trouble	
dbyen bcos	[dissention-make]; dissention; punishment; trouble	
dbyen med pa	non-dissention; no trouble	
dbyer med	undifferentiated; undivided	
dbyibs	shape	
dbyibs dang kha dog	shape and color	
dbyibs kyi gzugs	shape-form	
dbyig	precious resources; treasure	
dbyig gnyen	Vasubandhu [p.n. of the great Buddhist philosopher, author of the	
dbyig pa	clubs	
dbyig pa can	Dbyig-pa-can (Skt. Dandin)	
dbyings	expanse; sphere; element; space; basic element	
dbyings kyis sangs rgyas	elemental Buddha	
dbyings rig dbyer med	undifferentiable expanse and basic knowledge	
dbyod pa	analysis	
dbyug	stick	
dbyug gu	small staff; stick	
dbyugu	small staff; stick	
dbyung ba	take out; remove; issue forth	
de	that; the; he/she/it | (1) that (2) continuative particle indicating that there is more to come	
de 'ang de'ang	also{S}	
de ba shar ma	Devaśarma [p.n.?] {T}	
de bas	therefore	
de bas na	therefore; for that reason	
de brgyad g.yo 'gul byas nas	through vibrating 100 [worlds]	
de byung 'brel	causal relationship; relation/related in the sense of arising from that	
de bzhin	[that-like]; like that; thus	
de bzhin bshegs pa	Tathāgata	
de bzhin du	similarly; likewise{D2}	
de bzhin du bzhed pa	similarly asserts{LG 24.2}	
de bzhin du gnas pa nyid	abiding similarly	
de bzhin du yod pa'i stong pa nyid	emptiness that exists similarly	
de bzhin gnas	abide thus; abide like that	
de bzhin gnas pa	abide like that; abide thus	
de bzhin gshegs	[thus-gone]; One Gone Thus; epithet of the Buddha	
de bzhin gshegs nyid	Tathāgatahood	
de bzhin gshegs pa	Skt. Tathāgata | [thus-gone]; One Gone Thus; epithet of the Buddha	
de bzhin gshegs pa rnams sku rtag pa	permanent body of Tathāgatas	
de bzhin gshegs pa rtag pa	[p.n. of a Tathāgata]	
de bzhin gshegs pa rtag tu	[p.n. of a Tathāgata]	
de bzhin gshegs pa snying po can	having the tathāgata-essence; {T} having the essence of a One Gone	
de bzhin gshegs pa thams cad kyi 'khor lo 'dus pa	[p.n. of a Tathāgata]	
de bzhin gshegs pa'i rigs su skye ba	produce the lineage of a One Gone Thus	
de bzhin gshegs pa'i sa la	on the ground of a One Gone Thus	
de bzhin gshegs pa'i snying po	Tathāgata essence; {T} essence of a One Gone Thus; matrix of a One	
de bzhin gshegs pa'i snying po can	having the Tathāgata essence	
de bzhin gshegs pa'i sprul pa	emanation of a Tathāgata; emanation of a One Gone Thus	
de bzhin gshegs pa'i ye shes dang ldan pa	having the exalted wisdom of a One Gone Thus	
de bzhin gshegs pas gsungs pa bzhin smra ba	one who correctly propounds the speech of the One Gone Thus	
de bzhin gshegs rigs su skye ba	produce the lineage of a One Gone Thus	
de bzhin med pa'i phyir	because it is not like that	
de bzhin min	not like that{BJ 38.1}	
de bzhin nyid	suchness; thusness	
de bzhin nyid dmigs ye shes	exalted wisdom observing suchness	
de bzhin nyid kyi mtshan nyid du yod pa	exist as the character of suchness	
de bzhin nyid kyi ngo bo	entity of suchness	
de bzhin nyid la dmigs pa	object of observation with respect to suchness	
de bzhin nyid ma gtogs par	not included within suchness	
de bzhin nyid ma yin pa	not suchness	
de bzhin nyid rnam par dag pa	completely pure suchness	
de bzhin nyid snang ba nyid	appearance as suchness	
de bzhin nyid tha dad pa'i rang bzhin ma yin pa	is not a nature that is different from suchness	
de bzhin nyid; tathAtA	thusness	
de bzhin yod	exist like that; exist thus	
de ci'i phyir	why is this?{S}	
de ci'i phyir zhe na	why is this?{S}	
de dag	[that-s]; those; these; plural marker	
de dag gang zhe na	what are these?{BJ 63.2}	
de dag kyang bsdus na	when/if those also are condensed	
de dag mtshan mar	signs of those	
de dag thams cad	all those	
de dang de las 'dus byas rnams	this and that compounded phenomenon{BJ 60.1}	
de dang der	here and there	
de dang lhan cig	together with; connected with	
de dang mi mthun	not concordant with that	
de dus	at that time	
de gang	what are ...?{BJ 29.1}	
de gnyis gang rung ma yin pa'i	which is neither of those two	
de gnyis las	from these two	
de kho na	reality; suchness	
de kho na gtan la dbab pa	settling of suchness {N}	
de kho na nyid	[that-only-ness]; reality; suchness [i.e., emptiness]	
de kho na nyid du grub pa	established as [the object's own] suchness; existence as [its own]	
de kho na nyid khong du chud pa	understand reality	
de kho na nyid kyi don	meaning of reality; object of reality	
de kho na nyid kyi lha	suchness deity	
de kho na nyid kyi phyogs gcig la zhugs pa'i ting nge 'dzin	meditative stabilization understanding suchness one-sidedly	
de kho na nyid la 'jug	entry into suchness	
de kho na nyid la 'jug pa	entry into suchness{N}	
de kho na nyid la rab tu zhugs pa	entry into suchness	
de kho na nyid la sgyu ma lta bu yongs su tshol ba	thoroughly investigate/examine/research reality as like an illusion	
de kho na nyid ma mthong ba la brten pa	depending on not seeing reality	
de kho na nyid rab tu rtogs pa	realize reality; realize suchness	
de kho na nyid rtogs pa'i 'bring po	middling realizers of suchness [i.e. Solitary Realizers, whose	
de kho na nyid ston pa	indicate reality; teach suchness	
de kho na'i le'u	Chapter on Suchness in Asaṅga's Grounds of Bodhisattvas [which is	
de kho nar	in reality	
de kun	all those{BJ 68.4}	
de la	with respect to that; in that	
de la 'dir	here with respect to that	
de la 'dun pa'i 'dun pa	aspiration which is an aspiration for that	
de las byung ba	arisen from that	
de las bzlog	opposite from that; opposed to that	
de las gzhan dang gzhan med	different and non-different from that	
de las gzhan pa	other than that	
de las gzhan pa'i don	the meaning of something else	
de las lhag pa	something exceeding that{BJ 66.3}	
de las mang ba mi skyi pa'i tshe	when not more than that is produced{LG}	
de las zur du	different from that{BJ 44.7}; separately	
de lta	so	
de lta bas na	therefore{BJ 33.4}	
de lta bu	of that kind, such | such; thus; as; so; just; exactly	
de lta bu byung ba'i sde	discourses [which report] what was said	
de lta bu'i rang bzhin du	of such a nature	
de lta bur ni	just this; just thus	
de lta ma yin na	not like that; not thus	
de lta na	in that case{BJ 18.3}	
de ltar	so, that way | [that-like]; such; like that; thus; just so; in that way{BJ 23.7}	
de ltar 'byed pa	differentiation	
de ltar 'tho ba	the attainment of such	
de ltar bu	just so; exactly; in that way	
de ltar byas te	he did so ...	
de ltar du	similarly; such; this is so; in that way{BJ 36.4}	
de ltar gsungs pa	such is said	
de ltar med	not so; not like that	
de ltar na	in that way | in that case; in this way	
de ltar yang	in the same way{BJ 16.5}; also{BJ 22.2}	
de ma dag rkyen	immediately preceding condition	
de ma thag pa	immediately precede	
de ma thag rkyen	immediately preceding condition	
de na	then; there	
de nas	thereafter, then | [that-from]; then; from that; therefore	
de nyid	the very same | reality; suchness; principle	
de nyid 'di yin no	just that is this	
de nyid bzang rtogs	understand reality well	
de nyid dang gzhan las rnam par grol ba	liberated from just that and from other	
de nyid don	meaning of reality; object of reality	
de nyid du	at that very moment	
de nyid gong mas	"the previous """"just those"""""	
de nyid gsum gyi bsam gtan	concentration of the three principles; concentrations of the three	
de nyid mchog	highest reality	
de nyid zab mo mthong	seeing the profound reality {T}	
de nyid; de kho na nyid	suchness	
de phyir	because of that; therefore	
de rang bdag gcig 'brel	related as its own essence (?)	
de ring	today | now; presently; today	
de ring gi dus su 'das pa'i don dran pa'i rtog pa	consciousness that remembers a past object at the present time	
de ring gi dus su ma 'ongs pa'i don mngon par 'dod pa'i rtog pa	consciousness wishing for a future object at the present time	
de skad	those words | at these words	
de snyed	such	
de srid	so long | [that-exist]; just so long	
de srid du	just so long as	
de ste	now	
de tsam	just that; merely that	
de tsam gyis	by just that	
de tshe	at that time	
de yan chad	everything beyond that point	
de yang	namely | [that-also]; furthermore; further; moreover	
de yang de dang 'dra ba nyid du gyur; de yang de dang 'dra ba nyid du 'gyur ro	it is just like that, and will be just like that{S1}	
de yi 'du shes	conception of that	
de yi 'og tu	higher than that	
de yi ngo bo	essence of that	
de yi rgyu	cause of that	
de'ang	namely | also	
de'i 'og	"after that [lit.: """"under that""""]"	
de'i 'og tu	"after that [lit.: """"under that""""]{Lati}"	
de'i don med	not the meaning of that	
de'i gong de ma thag tu	immediately/right/just before that	
de'i gzhi las	from the base of that	
de'i mtshan nyid can	has the sign of that	
de'i ngo bor snang ba	appear as the entity of that	
de'i phyir	because of that	
de'i rang bzhin can	having the nature of that	
de'i rgyus	because of that	
de'i rjes la thob pa shes bya mtha' yas pa'i yul can gyi ye shes kyi lam	path of exalted wisdom--attained subsequent to that--having limitless	
de'i rjes su	subsequently	
de'i rjes su shes sgrib spong bar byed pa yin te	... and subsequently serves to abandon the obstructions to	
de'i rkyen gzhan kyi stobs kyis byung ba	arisen through the force of their other conditions{BJ 28.4}	
de'i sngon du	prior to that	
de'i steng du	in addition to those	
de'i tshe	at that time	
de'i tshe tshigs su bcad pa 'di dag bka' stsal to	at that time [Buddha] spoke these stanzas	
deb	book [european style]	
ded dpon	[move-master]; captain; master; p.n. of a Buddha	
der	there; then | as that; in that way; in that	
der gyur pa'i dbang mngon	sense direct perceiver which is that	
der ma zad	not only that ...	
der snang ba'i sems tsam	mere mind that appears as that	
der yang	moreover	
des	therefore; for that reason	
des na	for that reason | therefore; for that reason	
dga'	to rejoice in, to be happy/delighted about; to like | joy; happiness; liking	
dga' ba	happiness | joy; happiness; liking; like; prefer; incline toward	
dga' ba 'thob pa	attain/obtain joy/happiness	
dga' ba bskyed pa	generate/produce/engender joy/happiness	
dga' ba dang bde ba	joy and bliss	
dga' ba dang bde ba bskyed pa	generate/produce/engender joy and bliss	
dga' ba dang bde ba yang dag par myong ba	thoroughly experience joy and bliss	
dga' ba dang bral ba med pa	not separated from joy/happiness; not devoid of joy/happiness	
dga' ba dang ldan	joyous; possessing joy; endowed with joy; happy	
dga' ba dang ldan pa	joyous; possessing joy; endowed with joy; happy	
dga' ba dang mtshungs par ldan pa	having similar association with joy	
dga' ba dang yid bde skye ba	generate/produce/engender joy and mental bliss	
dga' ba med	joyless; absence of joy; without joy/pleasure	
dga' ba ni bde ba dang mi 'bral ba'i rnam pa yin	joy has the aspect of [wishing for] non-separation from	
dga' ba nyams su myong ba	experiencing joy	
dga' ba sdud pa'i yid byed	mental contemplation of joy-withdrawal	
dga' ba spong ba	abandoning/forsaking joy	
dga' ba yid la byed pa	mental contemplation of joy; joyous mental contemplation; taking joy	
dga' ba yongs su smin pa	thorough maturaion of joy	
dga' ba'i bsam pa	joyous thought; thought of joy	
dga' ba'i khyad par bskyed pa	generate a particular/specific/instance/type of joy	
dga' ba'i mchog	supreme of joys; supreme joy	
dga' ba'i rgyu	cause of joy	
dga' ba'i rgyu nyid	cause of joy	
dga' ba'i ro	taste of joy	
dga' bar	joyous; happy	
dga' bar 'gyur ro	become joyful	
dga' bar byed pa	take delight	
dga' bar mdzad pa'i tshul gyis	in the manner of making joyous	
dga' bar mi bya ba	not take joy	
dga' bar mi byed	not take joy; not take delight	
dga' bar tshim par byed	satisfy; joyously satisfy	
dga' bas gnas pa'i phyir	due to abiding with joy; due to abiding joyously	
dga' bshes	spiritual advisor, < *dga'-ba'i-bshes-gnyen (Skt. kalyānamitra) friend to virtue, spiritual advisor	
dga' byed	make happy	
dga' byed pa	make happy	
dga' dang ldan pa	endowed with joy/happiness	
dga' ldan	Dga'-ldan heaven (Skt. Tushita) | Joyous Land/Heaven [name of a Buddhist pure land]; Gan-den	
dga' ldan 'khri pa	holder of the throne of Gan-den [head of the Ge-luk-b#a order]	
dga' ldan gnas la sogs par skye bar kun tu ston pa	thoroughly displaying birth in the Joyous Land and so forth	
dga' ldan gyi gnas na bzhugs pa	dwelling in the Joyous Land	
dga' ldan gyi gnas na gnas pa la sogs pa'i sprul pa nges par ston pa	definite display of emanations such as that dwelling in the Joyous Land	
dga' mgur	arbitrarily	
dga' rab dbang phyug	the demonic Lord of Love	
dga' ston	festival; fest; party	
dga' zhing	enjoy; like	
dgab	cover; spread over	
dgag	negate; stop; refute; block; limit	
dgag bya	object of negation/refutation; object negated; object stopped; that	
dgag bya 'gog pa'i rtog pa	a conceptual consciousness that [merely] refutes an object of negation	
dgag bya bkag pa	negative of the object of negation; negation of the object of negation	
dgag bya khyab ches pa	too extensive object of negation/refutation	
dgag bya ngos bzung ba	identifying the object of negation	
dgag bya'i chos	predicate to be negated; predicate of the negandum	
dgag bzhag spong gsum	the three—refuting [other's systems], establishing [our own system],	
dgag gzhi	basis of negation	
dgag gzhi can gyi chos	phenomenon which has a basis of negation	
dgag pa	negation; refutation; negative [phenomenon]; cessation; negative	
dgag pa dngos su rtogs pa'i tshad ma	direct perception explicitly realizing a negative phenomenon	
dgag pa'i rnam pa shar nas dgag pa la gsar du mi bslu ba'i rig pa	a knower newly incontrovertible with respect to a negative	
dgag pa'i sgra	negative word/term	
dgag par gyur pa'i ldog pa rigs gcig pa	negative phenomena which are the same isolate type	
dgag sgrub byed	refutation and establishment; refutation and proof	
dgag sgrub gnyis	the two—negative [phenomena] and positive [phenomena]; the two—	
dgas	to be cracked	
dge	virtue; virtuous; wholesome	
dge 'dun	[virtue-aspire]; spiritual community; assembly; aspirants to virtue	
dge 'dun dkon mchog	Spiritual Community Jewel	
dge 'dun grub	Ge-dün-drup [the first Dalai Lama (1391-1474)]	
dge 'dun nyi shu'i mdo	sūtra passages on the twenty members of the spiritual community	
dge 'dun phal chen pa	Mahāsāṃghika; Great Assembly School	
dge 'dun rgya mtsho	Gen-dün-gya-tso [the second Dalai Lama (1476-1542)]	
dge ba	virtuous deed, virtue; to be virtuous | virtue; virtuous; wholesome; virtuous factor	
dge ba 'dod pa	desiring virtue; wishing virtue; wanting virtue	
dge ba 'jug 'dod	wish to engage in virtue	
dge ba 'phel ba	increasing virtue	
dge ba ... mngon par dga'	manifestly liking virtue	
dge ba bcu'i las kyi lam	paths of action of the ten virtues	
dge ba bla na med pa la sgrib pa	obstructing unsurpassed virtue	
dge ba bsags pa	virtue accumulated	
dge ba bsags pas rab gang	filled with accumulated virtue	
dge ba bya ba	helpful; good; lovely	
dge ba chos	virtuous/wholesome doctrine/phenomenon	
dge ba dag ni sgom pa	meditatively cutlivate virtues	
dge ba dang ldan pa	virtuous; endowed with virtue; possessing virtue	
dge ba dang mi dge ba'i las	virtuous and non-virtuous actions	
dge ba dpag tu med pa'i gnas	source of immeasurable virtue	
dge ba gnyis	two virtues	
dge ba goms pa	cultivate virtue; become asccustomed to virtue	
dge ba la 'god pa	establish/set in virtue	
dge ba la 'jug par 'dod pa	wishing to engage in virtue	
dge ba la 'jug par byed pa'i phyir	because of engaging in virtue; in order to engage in virtue	
dge ba la gzhol ba	tending to virtue; flowing to virtue	
dge ba la ma zhugs pa	not engaged in virtue	
dge ba la sbyor ba	training in virtue; endeavoring in virtue	
dge ba ma bsags pa	non-accumulation of virtue	
dge ba ma yin	non-virtue; non-virtuous; unwholesome	
dge ba mi bskyed pa	ungenerated virtue; not generating virtue	
dge ba mi zad bya ba'i phyir	in order not to extingtuish virtue	
dge ba rab tu sbyor ba	thoroughly engaging in virtue	
dge ba sgom pa	meditate virtue; meditatively cultivate virtue	
dge ba sgrub pa	achieve virtue; accomplish virtue	
dge ba sgrub pa rnam pa	aspect of achieving virtue	
dge ba yang dag len du 'jug	cause to assume pure virtue	
dge ba yid la byed	taking virtue to mind; contemplating virtue	
dge ba zhan pa	weak virtue	
dge ba'i bsam pa	virtuous thought; thought of virtue	
dge ba'i bshes gnyen	spiritual guide; virtuous friend; virtuous spiritual friend; spiritual friend	
dge ba'i bshes gnyen dang ldan	one who has a sprititual guide; possessing a spiritual quide	
dge ba'i bshes gnyen dang mi ldan pa	not having a spiritual guide; one who does not have a spiritual guide	
dge ba'i bshes la nye bar brten	relying on a spirirtual guide	
dge ba'i chos	virtuous/wholesome qualities/practices/phenomena	
dge ba'i chos 'phel bar 'gyur ba	increasing virtuous qualities/practices/phenomena	
dge ba'i chos 'phel bar byed pa	increasing virtuous qualities/practices/phenomena	
dge ba'i chos 'thob bo	attained virtuous qualities/practices/phenomena	
dge ba'i chos can	having the quality of virtue; having the attribute of virtue	
dge ba'i chos kyi gtso bo	chief/principal/main of virtuous qualities/practices/phenomena	
dge ba'i chos la goms par byas pa	accustomed to virtuous qualities/practices/phenomena	
dge ba'i chos la sbyor ba	endeavoring at virtuous qualities/practices/phenomena	
dge ba'i chos sdud pa'i tshul khrims	ethics that is the composite of virtuous qualities/practices/phenomena	
dge ba'i chos sgom pa la bar chad med par brtson pa	uninterrupted effort at meditative cultivation of virtuous	
dge ba'i chos spel ba	increasing virtuous qualities/practices/phenomena	
dge ba'i chos su snang ba	appear as virtuous qualities/practices/phenomena	
dge ba'i grogs po	virtuous friend; spiritual guide	
dge ba'i las lam	path of virtuous action	
dge ba'i las rnams byed pa	performing actions of virtue	
dge ba'i lo tog	harvest of virtue	
dge ba'i lo tog rgyu mtshan	signs of harvest of virtue	
dge ba'i lo tog skyes pa 'joms pa	destroying harvests of virtue that have been generated	
dge ba'i me tog rgyas shing gsal ba	broad and bright flower of virtue	
dge ba'i phyogs	class of virtues; class of virtuous qualities/practices/phenomena	
dge ba'i rtsa ba	virtuous/wholesome root(s); roots of virtue	
dge ba'i rtsa ba bsags pa	accumulated roots of virtue	
dge ba'i rtsa ba bskyed pa	growing roots of viture; generating roots of virtue	
dge ba'i rtsa ba dman pa	low/lesser roots of virtue	
dge ba'i rtsa ba dpag tu med pa'i gnas	source of immeasurable roots of virtue	
dge ba'i rtsa ba gcod pa	cutting roots of virtue; severing roots of virtue	
dge ba'i rtsa ba kun tu chad pa	thoroughly annihilated roots of virtue; thoroughly severed roots of	
dge ba'i rtsa ba nyam chung ba	weak roots of virtue	
dge ba'i rtsa ba rgya che ba nyid	vast roots of virtue	
dge ba'i rtsa ba yongs su ma smin pa	unripened/unmatured roots of virtue	
dge ba'i rtsa ba yongs su smin pa	thoroughly ripened/mature roots of virtue	
dge ba'i rtsa ba yongs su smin par byed pa	thoroughly ripening/maturing roots of virtue	
dge ba'i tshogs	collection of virtue	
dge ba'i yon tan	virtuous quality; quality of virtue	
dge bar bya ba	acting virtuously	
dge bas 'phel bar byed pa	increase through virtue	
dge bcu'i las kyi lam	path of the ten virtuous actions	
dge bshes	[virtuous-friend]; spiritual guide; ge-s#hay [a person who has	
dge bsnyen	approacher to virtue; layperson with vows; lay practitioner	
dge bsnyen dang dge bsnyen ma gnyis	the two—laymen (upāsaka) and laywomen (upāsikā) with vows	
dge bsnyen ma	female approacher to virtue; laywoman	
dge byed pa	making virtue	
dge chos	virtuous doctrine	
dge dang mi dge bskyed	generating virtue and non-virtue	
dge la bag yod	conscientious with regard to virtue	
dge la yang dag par spro ba	delighting in virtue; taking enthusiasm in virtue	
dge legs	prosperity | virtue and goodness	
dge lugs	Ge-luk	
dge lugs pa	Ge-luk-b#a [school of Tibetan Buddhism founded by D#zong-ka-b#a	
dge mi dge gang du lung du ma bstan pa	neutral; not indicated/revealed as either virtue or non-virtue	
dge rgan	teacher	
dge rtsa	virtuous/wholesome root(s); roots of virtue	
dge sbyong	one engaged in virtuous endeavor	
dge sbyong ma yin	not engaged in virtuous endeavor	
dge slob	training in virtue; ascetic; novice monk	
dge slob ma	female novice	
dge slong	monk | [virtue-beg]; monastic; monk; nun	
dge slong dang dge slong ma	monk and nun	
dge slong gi sdom pa	monastic's vow	
dge slong ma	nun	
dge slong ma yin	non-monastic	
dge sogs gsum	the three: virtue and so forth	
dge tshul	novice monastic	
dgo ba	antelope	
dgod	to laugh | set/state/establish/arrange/register/make a record/place [on throne]/put	
dgod pa	set/state/establish/arrange/register/make a record/place [on throne]/put	
dgod par bya	set/state/establish/arrange/register/make a record/place [on throne]/put	
dgod par bya'o	set/state/establish/arrange/register/make a record/place [on throne]/put	
dgon pa	hermitage | monastery; forest; hermitage	
dgon pa la gnas pa	forest-dweller; dwelling in monastery	
dgon pa nags khrod chen po	great forest; hermitage in a great forest	
dgon pa pa	hermit	
dgongs	to think, to reflect (on) | thought; thinking; thinking of; hidden meaning; intention; notion	
dgongs 'grel; dgongs pa nges par 'grel pa'i mdo	[thought-unravel]; Saṃdhinirmocana-sūtra; Sūtra Unraveling the	
dgongs gzhi	basis in [Buddha's] thought; [factual] basis in Buddha's thought	
dgongs gzhi dang dngos la gnod byed	the basis in [Buddha's] thought and the damage to what is explicitly	
dgongs pa	thought [hon. of bsam pa]; notion; significance; intention	
dgongs pa bkral ba	commenting/commentary on the thought; unraveling the thought	
dgongs pa bzhi	four thoughts	
dgongs pa can	having a thought behind it; having another thought	
dgongs pa can gyi don	meaning that has a thought behind it	
dgongs pa mdzad de	consider; take under consideration	
dgongs pa nges par 'grel pa'i mdo; mdo sde dgongs 'grel	[thought-unravel-sūtra]; Saṃdhinirmocana-sūtra; Sūtra Unraveling the	
dgongs pa rab gsal	Illumination of the Thought [Dzong-ka-ba's commentary on	
dgongs pa rtogs pa	realization of the thought; realization of the thought behind it	
dgongs pa shin tu zab	very profound thought	
dgongs par snang ba	appears to be the thought	
dgongs su gsol	please pay heed	
dgongs te	thinking of; thinking; in consideration of; intending	
dgos	to need; to be necessary, have to, need | purpose; necessity; need to; necessary	
dgos ched kyi sgra	dative case [term of purpose or benefit]	
dgos pa	purpose; necessity; need; aim; must; should; intention	
dgos pa byed do	performs its purpose	
dgos pa byed nus pa	able to perform its purpose	
dgos pa ltos pa'i grangs nges	definite enumeration in terms of purpose; definite enumeration relative	
dgos pa med pa	without purpose; without need	
dgos pa thams cad byed pa	effecting all purposes/aims	
dgos pa yongs su grub pa	thorough achievement of the purpose; thoroughly achieve one's	
dgos pa'i dbang	by the power of necessity; through the force of a purpose	
dgra	foe; enemy	
dgra bcom	Foe Destroyer; Enemy Killer	
dgra bcom 'bras gnas	abider in the fruit of Foe Destroyer	
dgra bcom dang rang rgyal	Foe Destroyers and Solitary Victor; Foe Destroyers and Solitary	
dgra bcom pa	Arhat (Skt. arhant) | Foe Destroyer; Enemy Killer	
dgra bcom pa'i mkhyen pa	exalted knower of a Foe Destroyer	
dgra bcom rang rgyal	Foe Destroyers and Solitary Realizers	
dgra bcom rang rgyal theg pa	vehicles of Hearers and Solitary Realizers	
dgra bcom rgyan med	Unadorned Foe Destroyer	
dgra bcom zhugs pa	approacher to Foe Destroyer	
dgra bo	enemy | enemy; foe	
dgra bo'i 'du shes	discrimination of [someone as being] an enemy/foe	
dgra bo'i 'du shes su byed pa	discriminating [someone as being] an enemy/foe	
dgra byed	one acting as an enemy; foe; enemy	
dgra byed mang ba	having many enemies/foes	
dgra rnams	enemies; foes	
dgra'i dbang du song ba	come under an enemy's power	
dgram pa	arrange; set out; spread out	
dgrol	loosen; release; free	
dgrol ba	release; free; looosen	
dgrol ba'i phyir	in order to release/free; because of releasing	
dgu	nine | nine; all	
dgu pa	ninth	
dgu po	the nine; all nine	
dgum	to die	
dgun	winter	
dgung	sky | (1) sky; space (2) middle	
dgung nam	space; sky; mid-space	
dgung seng	vacation; holiday	
dgyes pa	to be pleased (hon.); rejoiced	
dir re ba	buzzing	
dka'	difficult; hard	
dka' 'grel	commentary on the difficult points; difficult points commentary	
dka' ba	to be difficult | difficult; hard; hardship	
dka' ba spyad pa; dka' spyad; dka' spyod; dka' ba spyod pa	asceticism; austerities; performing difficult deeds	
dka' ba spyod pa; dka' spyod; dka' spyad; dka' ba spyad pa	[difficult-deed] asceticism; austerities; difficult deed; difficult act	
dka' ba yin	is difficult; is hard	
dka' ba yun ring pos mi skyo ba	not fatigued/discouraged by lengthy asceticism	
dka' sa	[difficult-place] difficult point	
dka' spyad; dka' ba spyad; dka' ba spyad pa; dka' ba spyod pa	[difficult-deed] asceticism; austerities; difficult deed; difficult act	
dka' spyod; dka' ba spyod pa; dka' spyad; dka' ba spyad pa	[difficult-deed] performing difficult deeds; asceticism; austerities	
dkar ba	to be loyal	
dkar chag	table of contents; catalogue	
dkar khung	passage; window; chimney; a white/wholesome	
dkar mi	loyal person	
dkar mo	white	
dkar nag	"friendly or unfriendly, lit. ""white or black"""	
dkar nag gi las	wholesome and unwholesome actions; white and black actions; light	
dkar po	white | white [one of the four primary colors (rtsa ba'i kha dog)]; wholesome	
dkar po rnam par mthong ba'i sa	ground of seeing pure [phenomena]; ground of seeing the wholesome	
dkar po'i chos	wholesome/white phenomenon/practice/attribute	
dkar po'i chos rnams kun tu bcom	completely destroy/overcome wholesome	
dkar po'i phyogs	wholesome quarter/faction/part	
dkar skya	whitish; light gray; grayish	
dkar yol	porcelain cup | cup; chinaware	
dkar; dkar po	white; wholesome	
dkon mchog	jewel; supreme rarity	
dkon mchog 'jigs med dbang po	G#ön-chok-jik-may-w#ang-b#o (1728-1791)	
dkon mchog brtsegs pa	pile of jewels; name of a Mahāyāna sūtra and of a collection consisting	
dkon mchog gsum	[rarity-supreme-three]; the Three Jewels	
dkon mchog sprin gyi mdo	Cloud of Jewels Sūtra [P897, vol. 35]	
dkon pa	rare; precious; scarce	
dkon po	rare; rarity; precious; scarce	
dkon; dkon po	rare; rarity; precious; scarce	
dkri	roll up; wind; wrap up; entangle	
dkris	roll up; wind; wrap up; entangle	
dkris sam bcings te	wound up or bound	
dkrol ba	ring/sound [e.g., a bell]; play musical instrument	
dkrug	disturb; agitate; stir up; trouble	
dkrugs	disturb; agitate; stir up; trouble	
dkrugs nas	having disturbed/agitated/troubled/stirred up	
dkrugs pa	disturb; agitate; stir up; trouble	
dku	side [of the body, above the hip]	
dkyil	center; essence; middle	
dkyil 'khor	disc | [center-circle] maṇḍala; circle; sphere; disk	
dkyil 'khor gyi cho ga; dkyil chog	maṇḍala rite	
dkyil 'khor rgyal mchog	supreme king of maṇḍalas	
dkyil chog; dkyil 'khor gyi cho ga	maṇḍala rite	
dkyil smad	lower half	
dma' ba	inferior; low{D1}; little; small	
dmag	army	
dmag brgya pa	Dmag-brgya-pa (Skt. Shatānika)	
dmag ldan gzugs can snying po	King Bimbisāra	
dmag mi	soldiers	
dmag pa	son-in-law	
dman	limited; inferior; little; low	
dman pa	lesser; inferior; small; little; low	
dman pa ... 'bring ... mchog	inferior, middling, and superior	
dman pa dang 'brin dang khyad par can	inferior, middling, and special	
dman pa la mos pa	belief/faith/interest/inclination/zeal/keenness in/toward/for the inferior	
dman pa nyid	smallness; inferiority; deficiency	
dman pa'i 'gro ba	inferior transmigration	
dman pa'i nga rgyal	pride of inferiority	
dman pa'i sa pa	person on a Hīnayāna ground	
dman pa'i sems	inferior mind	
dman par mos	belief/faith/interest/inclination/zeal/keenness in/toward/for the inferior	
dmar	red	
dmar khrid	bare instruction; naked instruction; essential instruction	
dmar lam pa	reddish	
dmar mchod byed pa	making bloody sacrifice{TGP 77}	
dmar pa	inferior; low; small; little	
dmar po	red	
dmar ser	[red-yellow]; orange; reddish-yellow	
dmigs	to observe{D2}; apprehend; be aware of; object of observation	
dmigs 'gyur	to observe; apprehend; be aware of	
dmigs bsal	exception	
dmigs can	having observation; having apprehension	
dmigs med	unobservability; boundlessness	
dmigs med la dmigs pa'i byams pa	love observing the unapprehendable	
dmigs med la dmigs pa'i snying rje	compassion observing the unapprehendable	
dmigs pa	noun: object of observation; object of awareness; object; imagination	
dmigs pa brjed par ma gyur	not to forget the object of observation {T}	
dmigs pa bzang	good object of observation {T}	
dmigs pa can	having an object of observation	
dmigs pa chen po nyid	greatness of the object of observation	
dmigs pa dang bcas ma yin	not having an object of observation	
dmigs pa dang bcas pa	having an object of observation	
dmigs pa dang bral ba	free from apprehension	
dmigs pa dang mi dmigs	observation and non-observation {T}	
dmigs pa dang yid la byed pa dang thob pa	observation, mental application, and attainment {T}	
dmigs pa gnyis rnyed pa	obtain two objects of observation {T}	
dmigs pa gzung ba	apprehend an object of observation; apprehended object of observation	
dmigs pa med	unobservability; boundlessness; non-observation; non-apprehension	
dmigs pa med dang ldan pa	together with non-observation; having non-apprehension	
dmigs pa med pa	unobservability; boundlessness; non-observation; non-apprehension	
dmigs pa med pa la gnas pa	abide in unobservability; abiding in no object of observation	
dmigs pa mi dmigs pa	not observation the object of observation {T}	
dmigs pa mi rung ba	unsuitable object of observation {T}	
dmigs pa ni sems yin te	the object of observation is the mind {T}	
dmigs pa rnam pa gsum la 'jug	engage three types of object of observation {T}	
dmigs pa shes pa	cognition of an object of observation	
dmigs pa yi ni mchog	supreme object of observation {T}	
dmigs pa yongs su dag pa	pure object of observation; purify the object of observation	
dmigs pa yongs su tshol ba	thoroughly investigate/examine/research/seek for the object of	
dmigs pa'i chos	phenomenon that is an object of observation	
dmigs pa'i dngos po	real objective thing	
dmigs pa'i rab tu dbye ba	division of the object of observation	
dmigs pa'i rkyen	observed object condition	
dmigs pa'i rten	basis of the object of observation; support which is the object of	
dmigs pa'i sgo nas zag bcas	contaminated by way of being an object of observation [i.e. when taken	
dmigs pa'i tshul gyis	through the mode of the object of observation	
dmigs par 'chad do	divide the object of observation; division of the object of observation	
dmigs par 'gyur	observe; apprehend; observation; apprehension	
dmigs par bya ba'i don med	meaningless to observe {T}	
dmigs par byas pa'i kun brtags pa	imputation made into an object of observation {T}	
dmigs par byed de	makes into an object of observation	
dmigs par mi byed pa	unobservability; boundlessness; does not make into an object of	
dmigs pas 'byung ba	arising of the object of observation; arise due to the object of	
dmigs rkyen	observed object condition; referential condition {GD:130}; observed	
dmigs rkyen btags pa ba	imputed observed-object-conditions	
dmigs rnam skyong ba'i skabs	occasions of sustaining objects of observation and subjective aspects	
dmigs rten	object-of-observation support	
dmigs sgo nas	from the point of view of observation/apprehension	
dmigs su med	not observed; not apprehended	
dmigs su med pa	does not exist as an object of observation; does not exist as	
dmigs yul	object of observation; observed object	
dmod	prayer	
dmus long	blind person	
dmus long long	blind person{LRC}	
dmyal	hell	
dmyal ba	hell | hell; hell-being	
dmyal ba pa	hell being	
dmyal ba'i rten can gyi so so'i skye bo	ordinary beings with the basis of hell-dwellers; common being having	
dngang	be frightened; fear; panic	
dngang ba	tremble; be afraid; panic	
dngang ba 'gyur	tremble; be afraid; panic	
dngos	I | actual [as opposed to imputed, btags pa ba]; actual [as opposed to	
dngos 'bras	direct effect	
dngos 'bras ma dmigs pa	non-observation of a direct effect	
dngos 'gal	directly contradictory; dichotomy; direct contradictories	
dngos bstan	explicit teaching; actual teaching	
dngos dbang gis 'jug pa	engages [its object] by the power of the thing	
dngos gnas	actual; in fact	
dngos gnyen	direct antidote; actual antidote	
dngos gnyen bar chad med lam	uninterrupted paths that are direct antidotes	
dngos grub	feat; accomplishment; yogic accomplishment; actual accomplishment	
dngos grub ji ltar sgrub pa	how to achieve feats	
dngos gzhi	[actual-base]; actual; actual [session of practice]; actual [topic]	
dngos gzhi'i snyoms 'jug	actual absorption; actual meditative absorption	
dngos kyi brjod bya	explicit object expressed	
dngos kyi brjod bya dang rjod byed	explicit object verbalized and means of verbalization	
dngos kyi bsgrub bya'i chos	explicit predicate of the probandum	
dngos kyi lhan cig byed rkyen	direct cooperative condition	
dngos kyi ma nges pa'i gtan tshigs	actual indefinite reason	
dngos kyi nyer len	direct substantial cause	
dngos la bdag gir 'dzin pa	"conception/apprehension """"mine"""" with respect to things"	
dngos la gnas pa	abiding in fact	
dngos la gnod byed	damage to the explicit [teaching]; refutation of the explicit [teaching]	
dngos med	non-thing; that which is not a [functioning] thing; non-existent	
dngos med kyi chos	phenomenon which is a non-thing; non-[functioning] phenomenon	
dngos med ngo bo nyid	nature of non-things; nature of non-entities	
dngos ming	actual name	
dngos po	thing | thing; [functioning] thing; impermanent thing; phenomenon; entity	
dngos po dang gcig	one with thing	
dngos po dang gcig du gyur pa'i dngos po	thing that is one with thing	
dngos po gzhan dang ma 'dres pa	not mixed with other things	
dngos po la gnas pa	abiding in things; abiding in fact; existing in fact	
dngos po la lhar ma song yang	despite not having become a deity in actuality/fact	
dngos po las gzhan pa'i chos gang gi yang mtshan nyid mi byed pa	does not serve as the definition of any other phenomenon other than	
dngos po ma mchis	non-thing; non-entity	
dngos po ma mchis pa	non-thing; non-entity	
dngos po ma yin pa las log pa	opposite from non-thing	
dngos po med	non-thing; non-entity; non-existent; without thing	
dngos po med pa	non-thing; non-entity; non-existent; without thing	
dngos po med pa stong pa nyid	emptiness of non-entities	
dngos po med pa'i ngo bo nyid	nature of non-things; nataure of non-entities	
dngos po med pa'i ngo bo nyid stong pa nyid	emptiness that is the nature of non-entities	
dngos po mtha'	final object; final entity; limits of phenomena	
dngos po rang dbang ba	self-powered thing; independent thing	
dngos po rang gi rdzas rgyun du gtso bor skyed byed	main producer of a thing as a continuation of its own substantial entity	
dngos po snang ba bstan stobs kyis 'jug pa	engages [its object] by the power of the thing's showing itself	
dngos po yin pa las log pa	opposite from thing	
dngos po yod pa smra ba	Proponent of True Existence	
dngos po'i 'bras bu	effect of thing | (1) direct effect of functioning thing; (2) indirect effect of functioning	
dngos po'i brgyud 'bras	indirect effect of thing	
dngos po'i brgyud nas bskyed bya	indirectly produced object of thing	
dngos po'i brgyud rgyu	thing's indirect cause	
dngos po'i bskyed bya	produced object of thing; that which is produced by thing	
dngos po'i bye brag	instance of thing; particular of thing	
dngos po'i dngos 'bras	direct effect of thing	
dngos po'i dngos rgyu	thing's direct cause	
dngos po'i dngos su bskyed bya	directly produced object of thing	
dngos po'i don ldog	meaning-isolate of thing [i.e., that which is able to perform a function	
dngos po'i gnas lugs	mode of subsistence/abiding of things	
dngos po'i gnas tshul	mode of abiding of things; way things abide/exist	
dngos po'i gshis	basic disposition of things	
dngos po'i gzhi ldog	illustration-isolate of thing; illustration simpliciter [e.g., pot]	
dngos po'i ldog pa	thing's isolate; thing simpliciter [i.e., dngos po]	
dngos po'i ldog pa dang yin khyab mnyam	mutually inclusive with thing | Synonym: functioning thing's isolate (dngos po'i ldog pa)	
dngos po'i lhan cig byed rkyen	cooperative condition of thing	
dngos po'i mtha' la dmigs pa	observing the limits of phenomena	
dngos po'i mtshan gzhi	illustration of thing [e.g., pot]	
dngos po'i mtshan nyid	definition of thing; defining character of thing [i.e., that which is able	
dngos po'i nyer len	substantial cause of thing	
dngos po'i phyi logs su byung ba	subsequent arising of thing	
dngos po'i rang bzhin	inherent existence of things	
dngos po'i rang bzhin bral pas	free from the inherent existence of things	
dngos po'i rang bzhin mkhas	wise with respect to the nature of things	
dngos po'i rang ldog	self-isolate of thing [i.e., thing]	
dngos po'i rdzas yod chos gsum tshang ba	the triply qualified substantial existent of thing	
dngos po'i rgyu	cause of thing | (1) indirect cause of functioning thing; (2) direct cause of functioning	
dngos po'i rgyu gyur pa'i gang zag	a person who is a cause of thing	
dngos po'i rnam pa	aspects of things	
dngos po'i skyed byed	producer of thing	
dngos po'i snga logs su byung ba	previous arising of thing	
dngos po'i spyi ldog	generality-isolate [i.e. dngos po]	
dngos po'i stobs kyis zhugs pa'i 'brel ba	relation which operates by the power of the things/facts	
dngos por lhung ba	fallen into [the conception of] true existence	
dngos por smra ba	Proponent of True Existence	
dngos rgyu	direct cause	
dngos shugs la rtogs pa	explicit and implicit realization	
dngos smra ba	Proponent of True/Inherent Existence	
dngos stobs	power of the thing; power of the fact	
dngos stobs rjes dpag	inference through the power of the fact/thing; inferential cognition	
dngos su	explicitly; actually; directly	
dngos su brjod	directly express/verbalize	
dngos su bstan pa	explicitly teach/indicate	
dngos su mdzad pa	explicitly use/do	
dngos su phan tshun mi gnas	directly mutually exclusive	
dngos su rig	explicitly know/cognize	
dngos su rjes su bzung nas	actually being taken care of	
dngos su rjod	directly express/verbalize	
dngos su rtogs pa	explicitly realize; explicit realization	
dngos su sbyar ba	explicitly affixed	
dngos su skyed byed	direct producer	
dngos su spong byed	means of direct abandonment/dispelling; direct abandoner/dispeller	
dngos yin mi dgos pa'i phyir te	because it is not neccessary that they be actual	
dngos yin pa	is actual; actually present	
dngul	silver | silver; money	
dngul khang	bank	
do	particle indicating the end of a statement	
do smad	consort (?) and [her] children	
dod	substitute	
dod thub	possible equivalents	
dogs	to fear | qualm; fear; doubt	
dogs dang bral ba	free from doubts	
dogs gcod	eliminate qualms{BJ 34.7}	
dogs pa	fear; doubt; qualm{BJ 18.3}	
dogs pa skye	generate the qualm that ...{BJ 18.3}	
dom	bear	
don	meaning; goal, purpose; affair, concern; welfare | meaning; object; function; fact; purpose{N}; welfare	
don 'di 'dri ba	ask about the meaning; question about the meaning	
don 'gyur	translation of the meaning	
don 'gyur gyi the tshom	doubt tending toward the fact; doubt tending to the factual	
don 'gyur the tshom	factually concordant doubt	
don 'khor mda'	Don-'khor-mda'	
don bsdu	briefly	
don bsdus	condensed meaning; condensation of the meaning	
don bsdus pa	condensed meaning; condensation of the meaning	
don byed	perform a function	
don byed nus pa	able to perform a function; that which is able to perform a function	
don byed nus pa las gzhan pa'i chos gang gi yang mtshon bya mi byed pa'i chos	a phenomenon that does not serve as the definiendium of any other	
don byed nus pa'i btags yod chos gsum tshang ba	a triply qualified imputed existent that is able to perform a function	
don byed nus pa'i ldog pa dang yin khyab mnyam	mutually inclusive with isolate of able to perform a function	
don byed nus pa'i mtshon bya	definiendium of [what is] able to perform a function	
don byed nus pa'i rdzas yod	substantial existent in the sense of being able to perform a function	
don byed nus stong gi chos	empty of being able to perform a function	
don byed pa	perform a function	
don byed pa'i nus stong pa	empty of capacity to perform functions{N}	
don byed pa'i yon tan	quality of performing functions	
don byed snang can gyi dbang mngon gyi tshad ma	sense direct perceiver having the aspect of performing a function	
don bzang po	good meaning	
don chen legs rtogs	understand well the great meaning	
don chen po	great meaning; greatly meaningful	
don chen po mthong ba yid la byed pa	mental contemplation observing the great meaning	
don ci zhig mthong nas	having seen a certain meaning/object	
don dam	ultimate; ultimate object	
don dam bden pa	ultimate truth	
don dam btags pa ba	imputed ultimate{N}	
don dam byang chub kyi sems	ultimate mind of enlightenment	
don dam byang chub kyi sems bskyed	ultimate mind generation	
don dam dngos	actual ultimate{N}	
don dam dpyod byed	analyzers of the ultimate	
don dam dpyod byed kyi rigs pa	reasoning of ultimate analysis{N}	
don dam du yod pa	ultimate existence	
don dam gyi dbyings	basic element of the ultimate	
don dam mtshan	characteristic(s) of the ultimate{BJ 38.1}	
don dam pa	ultimate; ultimate object	
don dam pa dang ldan pa yin te	having the ultimate truth	
don dam pa ngo bo med pa	ultimate non-entityness; {T} non-entityness in terms of the ultimate	
don dam pa ngo bo nyid med pa	ultimate-non-nature; ultimate-naturelessness	
don dam pa ngo bo nyid med pa nyid	ultimate-non-nature; ultimate-naturelessness	
don dam pa stong pa nyid	ultimate emptiness; name of a sūtra, The Ultimate Emptiness{BJ 50.5}	
don dam pa'i bden pa	ultimate truth	
don dam pa'i bden pa'i yul can	having the object of the ultimate truth	
don dam pa'i chos mngon pa	ultimate Manifest Knowledge	
don dam pa'i dpyod pa	ultimate analysis	
don dam pa'i lha	ultimate deity	
don dam pa'i mtshan nyid	characteristic of the ultimate	
don dam pa'i sems bskyed pa	produce the ultimate mind	
don dam pa'i sems tsam	Ultimate Mind-Only	
don dam pa'i tshad ma	ultimate valid cognition{N}; ultimate valid cognizers	
don dam pa'i tshul	mode of the ultimate truth	
don dam pa'i ye shes kyi che ba nyid	greatness of the exalted wisdom of the ultimate	
don dam pa'i ye shes la 'jug pa	enter into the exalted wisdom of the ultimate	
don dam par	ultimately{D2}	
don dam par don byed mi nus pa'i chos	a phenomenon that is not ultimately able to perform a function	
don dam par don byed nus pa	that which is ultimately able to perform a function	
don dam par don byed nus pa'i chos	a phenomenon that is ultimately able to perform a function	
don dam par grub pa	ultimate establishment; ultimate existence	
don dam par ngo bo nyid med pa	ultimately natureless; non-natures ultimately [that is, without the nature	
don dam par sdug bsngal ba	ultimate suffering	
don dam par yod pa	ultimately exist{N}	
don dam pas bsdus pa	contained within the ultimate	
don dam rnam par nges pa'i 'khor lo	the wheel of the ultimate, the definitive; the wheel ascertaining the	
don dam rtogs pa	realize the ultimate	
don dam shes pa	ultimate cognition	
don dam tshul	ultimate mode	
don dam yang dag 'phags	Paramārtha-samudgata	
don dang ldan	connected with the meaning	
don dang yi ge	meanings and words	
don don dam pa	object-ultimate	
don du	for the sake of | [meaning-for]; for the sake of; for the purpose of	
don du chen po	greatly meaningful	
don du chen po byed pa	greatly meaningful	
don du gnyer	seek; strive to produce	
don du gnyer ba	seek; strive to produce	
don du gnyer ba byed pa	seek; strive to produce	
don du gnyer ba ma yin	not seek; not strive to produce	
don du gnyer bar byed pa	seek; strive to produce	
don du gnyer byed	seek; strive to produce	
don du gnyer byed pa	seek; strive to produce	
don du mi gner ba	not seek; not strive to produce	
don du mi gnyer	not seek; not strive to produce	
don gcig	mutually inclusive; synonomous; of one meaning; equivalent; mutually	
don gcig med	non-synonymous	
don gcig ming gi rnam grangs	mutually inclusive and synonymous	
don gcig pa	synonymous	
don gnyer	seek; strive to produce	
don goms pa can	having a familiar object{BR}	
don goms pa can gyi dbang mngon gyi tshad ma	sense direct perceiver having a familiar object	
don grub	Siddhārtha [personal name of the Buddha]	
don gyi 'od gsal	the actual clear light	
don gyi dam pa	highest truth	
don gyi dbang	import of the meaning{DK 3.15}; by the power of the fact	
don gyi dbang 'di'ang mthong nas	by also seeing the import of the meaning	
don gyi dbang de mthong bas	by seeing the import of the meaning	
don gyi sde tshan dag gi mdo	Collection of Meanings Sūtra	
don gyi sde tshan mdo	Collection of Meaning Sūtra{BJ 68.1}	
don gyi sdod lugs	objective mode of subsistence{N}	
don gyis	[by the meaning]; implicitly{N}	
don gyis bstan	implicitly explain	
don gzhan	factually other{BJ 80.7}	
don gzhan la dgongs pa	thinking of another meaning	
don la phyin ci ma log pa	non-mistaken with respect to the meaning/object	
don ldog	meaning isolate; meaning-isolate; meaning simpliciter	
don ma byas pa	not perform a function; non-functioning	
don ma lags pa	what is not the meaning; non-meaning	
don ma yin pa	what is not the meaning; non-meaning	
don med	senseless; meaningless; non-meaning; non-existent object	
don med du mi btang ba	[meaning-not exist-ly-not cast aside]; not waste meaninglessly; not	
don med pa	meaningless; non-meaning; without [external] objects	
don med pa dang don yod pa nyid	meaninglessness and meaningfulness	
don med pa ma yin	is meaningless	
don med pa nyid	meaninglessness	
don med par	meaninglessly	
don med par mi 'gyur	not meaningless {T}	
don mi 'gyur gyi the tshom	doubt not tending toward the fact; doubt tending to the non-factual	
don mngon rtogs	clear realizer of meaning; clear realization of the meaning	
don mthun pa	factually concordant	
don mthun pa nyid	factual concordance	
don phyin ci ma log pa	perverse meaning	
don rab dang	pure meaning; clear meaning	
don rang mtshan gyi blo'i gzhan sel	other-eliminator that is an awareness that is a factual specifically	
don rang mtshan gyi don rang mtshan gyi gzhan sel	other-eliminator which is a factual specifically characterized	
don rang mtshan gyi gzhan sel	other-eliminator that is a factual specifically characterized	
don rang mtshan gyi med dgag gi gzhan sel	non-affirming negative other-eliminator that is a factual specifically	
don rig	object knower{LG}	
don rig yid mngon	mental direct perceiving object knower{LG}	
don rnam pa drug po	six-fold meaning {T}	
don rnam sgom pa	meditation on the aspect of an object [e.g., meditating on	
don sbyor	syllogistic rendering of the meaning	
don smra sde gnyis	the two schools which propound [truly existent] objects	
don spyi	meaning generality; meaning-generality; generic image; mental image	
don spyi bzung yul du byed pa'i rtog pa	conceptual consciousness that serves as an object for apprehending a	
don spyi kho na 'dzin pa'i rtog pa	conceptual consciousness that only apprehends a meaning generality	
don spyi sgra spyi gnas su phye ba'i don spyi	meaning generality of the division into meaning generality and sound	
don tha dad pa	different factualities	
don tshol ba	one who investigates/examines/researches/seeks the meaning	
don yod	meaningful	
don yod grub pa	Amoghasiddhi [p.n. of a Buddha]	
don yod pa	meaningful	
don yod pa dang med pa	meaningful and meaningless	
don yod pa dang med par mthong	view as meaningful and meaningless	
don yod pa nyid	meaningfulness	
don zab dgongs pa nges par 'grel	Gambhīrārtha-saṃdhinirmocana [p.n. of a Bodhisattva in the	
dong	to go	
dor	discard; reject; cast out; forsake; cancel	
dor ba med	non-rejection; not discard; not cast out; not forsake	
dor ba med pa	non-rejection; not discard; not cast out; not forsake	
dor ba med pa stong pa nyid	emptiness of not discarding	
dor bar bya ba	should discard	
dor bya	discard; cast out	
dpa'	to be courageous | hero; intrepid person	
dpa' bar 'gro ba zhes bya ba'i ting nge 'dzin	going-as-a-hero meditative stabilization	
dpa' bo	hero; intrepid person; Shūra	
dpa' bo rdo rje	[hero-vajra]; B#a-wo-dor-jay [p.n. of a lama]	
dpa' rlabs	waves	
dpag	measure; limit	
dpag bsam gyi sdong po	[measure-think-of-trunk]; wish-granting tree	
dpag bsam gyi shing	[measure-think-of-trunk]; wish-granting tree	
dpag du med pa'i dus	limitless time; immeasurable time	
dpag gzhi	basis of inference	
dpag med	countless, innumerable | limitless; immeasurable	
dpag med par	limitlessly {T}	
dpag med yon tan tshogs 'phel	limitless increase in the collection of good qualities {T}	
dpag pa	measure; limit; fathom	
dpag tu med	limitless; immeasurable	
dpag tu med pa	[measure-as-not exist]; limitless; immeasurable	
dpag tu med pa nyid	limitlessness; immeasurability	
dpag tu med pa'i dngos po	limitless thing	
dpag tu med tshad med pa	limitless; immeasurable	
dpag tu yod pa	measurable	
dpal	glory | glory; fortune; luck	
dpal gyi be'u	[glory-of-calf] endless knot	
dpal gyi khab	{Ship 64b.2}	
dpal ldan	[glory-possessing]; glorious	
dpe	proverb; example	
dpe byad	[80] signs [of a Buddha or cakravartin]	
dpe cha	traditional Tibetan print format | book [Tibetan style]	
dpe dngos	actual example[BJ 20.4]	
dpe don sbyor tshul	mode/way of associating the example and the meaning exemplified	
dpe gzhan	other example	
dpe khrid	textual instruction	
dpe la brten gyi tshad ma	valid cognizer based upon an example	
dpe la brten te rigs pas	through reasons depending on examples {T}	
dpe mar me	the example, a butter lamp, {T}	
dpe med	without an equivalent {T}; unparalleled {SW}	
dpe mkhyud	fist	
dpe nam mkha'	the example, space, {T}	
dpe nyi shu rtsa gnyis	twenty-two examples	
dpe ri mo mkhan	the example, an artist, {T}	
dpe shing gnyis las me 'byung ba	the example of fire arising from [rubbing] two sticks {T}	
dpe ston pa	Exemplifier [either Sautrāntika or a school of Sautrāntika]	
dpe tsam gyis	by a mere example	
dpe'i 'od gsal	metaphoric clear light	
dpe'i che ba nyid	greatness of the example	
dpe'i chos	phenomenon that is an example; {T} exemplatory phenomena ?	
dpe'i don	meaning of the example	
dper brjod pa	expressed as an example; stated as an example	
dper mdzad nas	having given an example	
dper na	for example	
dper na ... lta bu'o	you should see ... for example	
dpog	to measure	
dpogs	to measure	
dpung	army; power; might	
dpung bu	army{S}	
dpung bzang gis zhus pa zhes bya ba'i rgyud	Questions of Subāhu Tantra	
dpung gi tshogs yan lag bzhi pa	four limbs of an army	
dpyad	to examine | analyze; investigate; examine; cut; cutting; analysis{BJ 10.3}	
dpyad 'jog	analytical and stabilizing [meditation]	
dpyad bzod	[able to] withstand/bear analysis	
dpyad gsum gyis dag pa	purified by the three analyses [i.e. free from the three contradictions]	
dpyad gsum gyis dag pa'i lung	scriptures that are purified by the three analyses [i.e. free from the	
dpyad mi bzod pa	cannot withstand/bear analysis	
dpyad pa	analyze; investigate; examine; cut; cutting{BJ 11.1}; analysis	
dpyad pa'i tshe	searching investigation {GD:520}; examine {GD:576}	
dpyad rgyu	to be examined/analyzed; that which is to be examined/analyzed	
dpyad sgom	[analyze-meditate]; analytical meditation	
dpyad sgom gyi sgom byung gi rtogs pa	realizational consciousness that is a state arisen from analytical	
dpyad shes	subsequent cognizer; investigating cognition {GD:649}; subsequent	
dpyad shes don mthun	factually concordant subsequent cognizer	
dpyid	spring	
dpyid ka	spring	
dpyid kyi thig le	the drop of spring{TGP 68}	
dpyod	to examine | analyze; investigate; examine; cut; cutting; analysis	
dpyod ldan rnams	those having discrimination	
dpyod pa	analysis; analyze; investigate; examine; cut; cutting; discrimination	
dpyod pa ba	"Mīmāṃsaka; Mīmāṃsa (""""Analyzers"""" or """"Ritualists"""") School"	
dpyod pa can	Mīmāṃsaka	
dpyod pa ma mchis	non-discrimination; without analysis; non-investigation	
dpyod pa pa	Mīmāṃsaka	
dpyod pa tsam	mere analysis; mere discrimination; mere investigation	
dpyod pa yid byed	mental contemplation of analysis	
dpyod pa'i ting nge 'dzin	meditative stabilization of analysis; analytical meditative stabilization	
dra ba	net; web; lattice; network	
drag	expedient | fierce; violent; terrible	
drag ldan	fierce; violent; terrible	
drag pa	noble	
drag pa'i las	fierce activities	
drag po	serious; honest | hard; heavy [=sra ba] {Lati}; fierce; strong	
drag po'i las	fierce activities	
drag shul	ferocity	
drag shul spyod sngags	mantra of fierce deeds	
drag tu	vehemently	
drag tu phyor ba	strongly billowing	
drag zhan	high and low	
dran	to remember, to come to mind; to recall	
dran dang brtson 'grus la brten pa	in dependence upon mindfulness and effort	
dran nyams	forgetfulness; (memory-loss)	
dran pa	mindfulness; memory; recollection	
dran pa dang ldan pa	mindful	
dran pa dang shes bzhin	mindfulness and introspection	
dran pa dang shes bzhin dang sems pa dang btang snyoms	mindfulness, introspection, mind, and equanimity	
dran pa dang ting nge 'dzin la sogs pa'i yon tan	the qualities of mindfulness, meditative stabilization, and so forth	
dran pa gcig pa'i rnal 'byor	yoga of single mindfulness{TGP}	
dran pa gtso bo	main mindfulness	
dran pa ma brjed par gyur na	when one is mindful and non-forgetful	
dran pa ner gzhag	mindful establishment(s)	
dran pa nye bar bzhag pa	mindful establishment(s); establishment in mindfulness	
dran pa nye bar gnas pa	basis of mindfulness; abide in mindfulness	
dran pa shin tu nye bar gnas pa	well-established mindfulness	
dran pa'i dbang po	faculty of mindfulness; power of mindfulness	
dran pa'i rtog pa	memory conception; conceptual consciousness which remembers	
dran shes	mindfulness; memory consciousness{N}	
dran sogs yon tan 'phel byed	impel the qualities of mindfulness and so forth	
drang	definitive; straight	
drang ba'i don	interpretable meaning; interpretable object; requiring interpretation	
drang ba'i phyir	in order to lead	
drang don	interpretable meaning{BJ 27.6}; interpretable object{N}; requiring	
drang don gyi mdo	sūtra of interpretable meaning{N}	
drang nges	the interpretable [meaning] and the definitive [meaning]; definitive	
drang nges rnam 'byed	Dzong-ka-ba's Differentiation of the Interpretable and the Definitive	
drang po	straight	
drang song smra ba	Sage's Propounding (in the area of Varaṇāsi in the Deer Park)	
drang srong	sage | sage [one who has straightened body, speech, and mind]; seer [of the	
drang srong dang bcas pa dang skyes pa dang bud med kyi tshogs rnams	crowds of men and women around the sage	
drang srong lhung ba ri dwags kyi gnas	Deer Park of the Alighting Sage	
drang srong smra ba	Sage's Propounding	
drang srong smra ba ri dags kyi nags	Deer Park of Sage's Propounding{BJ 29.2}	
drangs	to pull; to lead | cited; cite; induced; lead; draw; pull; conduct; induce	
dred	yellow bear	
dregs	haughtiness	
dregs ldan gtsug na	pre-eminent among the haughty{DASI 522.2}	
dregs pa	haughtiness; haughty; arrogance	
drel	(1) familiarization (2) mule	
dres ma	a grass species	
dri	fragrance | odor; smell	
dri 'dzin dbang mngon	sense direct perceiver apprehending scent	
dri ba dang bral ba med pa	not free from defilements; not free from stains	
dri ba dris pa	asked	
dri bar bya	ask; question	
dri ma	impurities | stain; taint; defilement; contamination	
dri ma bral ba	free from defilements; free from stains	
dri ma can nges pas	contaminated; defiled; stained	
dri ma dang bcas	defiled; contaminated; stained	
dri ma dang bral ba	free from stains; free from defilements	
dri ma dang bral nas	free from stains; free from defilements	
dri ma med	stainless	
dri ma med pa	stainless; Stainless (second bodhisattva ground)	
dri ma med pa'i sa	stainless ground	
dri ma rnam par dag pa	purify defilements	
dri ma spangs pa	abandon defilements	
dri ma zhi ba gnyis	the two, defilement and pacification	
dri med	stainless; undefiled	
dri med 'od	Stainless Light [Rigs ldan pad ma dkar po's commentary on the	
dri med dbyings	stainless realm	
dri med gnas	stainless place	
dri med ldan	connected with non-defilement	
dri med mi rtog blo mchog	supreme undefiled non-conceptual awareness	
dri med mig	undefiled eye	
dri med pa	stainless; undefiled	
dri mi mnyam pa	unequal odor	
dri mi zhim pa	unfragrant odor	
dri mnyam pa	equal odor	
dri za	scent eater; odor eater; the musicians of Indra, ruled by Dhṛtarastra,	
dri za'	Fragrance Eater	
dri za'i dbyang snyan	pleasant sound of scent-eaters	
dri za'i glu dbyangs	song of scent-eaters	
dri za'i grong khyer	city of scent-eaters{N}; city of Fragrance Eaters	
dri zar	scent eater; odor eater	
dri zar bcas pa	scent eater; odor eater	
dri zhim	nice scent | sweet-smelling	
dri zhim pa	sweet-smelling; fragrant odor	
dri zhim po	sweet-smelling	
dri'i khams	odor-constituent	
dri'i skye mched	odor sense-sphere	
dril	to wrap up; to summarise | involvement	
dril bu	bell	
drin	kindness; grace	
drin gzo ba	intention to repay kindness	
drip; {T}	1. offer; receive; question; ask a question; request; request and receive	
dris	to ask	
dro bar gyur ba	heat	
dro bar gyur pa	heat	
drod	heat	
drod gsher las skye ba	moisture-born	
drod rtse sbyor	training of the peak of heat	
dron mo	warm	
drongs	to pull; to lead	
drug	six	
drug cu	sixty	
drug pa	sixth	
drug po	sextet, a group of six	
drug po sa	sixth ground	
drug sgra	genitive case	
drung 'khor	lay government official	
drung du	near to; to	
drung du nye bar 'gro bar	come near to	
drung na	under, near to	
drung nas	from below	
drung po	relatives	
du	accusative, adverbial accusative, dative, and locative particle: to; in; as	
du ba	smoke	
du ba sngon long po	blue rising smoke	
du ba'i dngos rgyu	direct cause of smoke	
du ba'i dngos su skyed byed	direct producer of smoke	
du byed de dag ni sgyu ma lta bu	those compositional phenomenon are like an illusion	
du gcig cig	at a certain time	
du ldan la la	on a smoky pass{LSR 6b}	
du ma	many | many; plural; plurality; multitude; manifold	
du ma nyid	plurality; manifoldness	
du ma nyid ma yin pa	non-manifoldness; non-plurality	
du ma ro gcig pa	many-one	
du ma zhig	many; plural	
du ma'i ngo bo	many entities	
du zhig	many; plural	
du'ang	briefly	
dub pa	fatigue; to be fatigued; be tired	
dub pa med pa	not fatigued; not tired	
dud 'gro	animal | [bent-go]; animal	
dud 'gro bying na gnas pa	animals living in the depths	
dud 'gro kha 'thor ba	animals scattered [about the surface]	
dud 'gro'i rten can gyi so so'i skye bo	ordinary beings having the basis of animals; common being having the	
dud pa	smoke	
dug	poison	
dug can	poisonous	
dug dang 'dres pa	mixed with poison	
dug thams cad rab tu zhi bar byed pa	completely pacify all poisons	
dul ba	discipline; tamed	
dul ba byed pa	disciplining	
dul ba'i lha	Vinītadeva [p.n.]	
dul ba'i sems	disciplined mind	
dul bar bya'o	you should discipline	
dul bar byed pa	disciplining	
dul bar gyur nas	having disciplined; taming	
dum bu	piece | section [of a text]	
dung	conch-shell; shell	
dung dkar ser por snang ba'i dbang shes	sense consciousness to which a white conch appears as yellow	
dung gi dkar po	white conch shell	
dur	grave	
dur khung	grave	
durākhyātavadhāraṇa	well explained; good explanation(s)	
dus	time | time; occasion	
dus 'khor	Wheel of Time	
dus bar par	at the middle time [i.e. when Buddha taught the Perfection of Wisdom	
dus brtan pa'i rtag pa	permanent phenomenon which is stable in time	
dus brten pa'i rtag pa	permanent phenomenon that abides all the time	
dus bzang po	a good time; right time	
dus dang por	at the initial time [i.e. when Buddha taught the Hīnayāna sūtras, which	
dus dpag tu med pa	immeasurable time	
dus dpag tu yod pa dang dpag tu med pa	measurable and immeasurable time	
dus dus	from time to time; occasionally	
dus dus su	from time to time	
dus gcig tu	simultaneous; at one time	
dus gsum	the three times [past, future, and present]	
dus gsum du rnam par bzhugs pa	abiding in the three times	
dus gsum las nges par grol ba	definitely released from the three times	
dus gzhan	other time	
dus gzhan la dgongs pa	thought with respect to another time; thought in another time	
dus gzhan na	at another time	
dus gzhan na 'gag pa nyid	be stopped/obstructed/destroyed/ceased/halted at another time	
dus gzhan na sbyar ba	connected with another time	
dus gzhan zhig na	at some other time	
dus ji srid du	at what time?	
dus ji srid pa	at what time?	
dus kun	all times	
dus kun tu	in all times{BJ 23.4}	
dus kun tu rtag pa	permanent in all times{BJ 23.4}	
dus kyi bye brag gis	by divisions of time	
dus kyi sgo nas	from the viewpoint of time	
dus kyis byas pa	made by time	
dus kyis dpag tu med pa nyid	immeasurability of time	
dus la mkhas pa	wise with respect to time	
dus la sogs pa'i dbye ba	division of time and so forth	
dus la'ang ye shes ma bsgribs pa	non-obstructed in terms of time or exalted wisdom	
dus me	fire of time {T}	
dus mnyam du	simultaneously{LG 30.2}; simultaneous with; at the same time	
dus mnyam du byung ba	arise simultaneously	
dus mnyam du skye ba	produced simultaneously{LG 30.2}	
dus mnyam pa nyid	simultaneous	
dus mtha' skad cig ma	smallest moment	
dus mtha'i skad cig ma gyur pa'i bum pa	pot which is a smallest moment	
dus nam yang	all the time	
dus nam yang mi g.yo	never more	
dus nam zhig na	after a while; after some time	
dus ngang po	bad time	
dus phyis	later time	
dus rab tu dbye ba grang med pa	countless divisions of time	
dus re zhig	at some time	
dus re zhig pa	at some time	
dus ring	a long time	
dus rnams rtag tu	permanently	
dus rtag tu	permanently	
dus shes pa nyid	cognition of time	
dus snga phyi'i phung po'i rgyun	continuum of the aggregates over time	
dus su	at the time of, when | from time to time; at [that] time	
dus tha mar	at the final time [i.e. when Buddha taught the sūtras of the third wheel	
dus thams cad	all times	
dus tshigs	year	
dwa ba	a white tuber, like a potato, which has a long stalk with a yellow flower	
dwags	bright	
dwang ba'i dad pa	faith of clarity	
dwang cha	factor of [subjective] clarity	
dwangs	clear; pure; sparkling	
dwangs cha	factor of subjective clarity	
dwangs ma	(1) main; (2) clear	
dwangs pa	pure	
dwogs	qualm; doubt{LG}	
dzab dbyangs	recitation of mantra	
dzam bu bri k+Sha	the Jambu tree	
dzam bu'i gling	this world; the Indian sub-continent	
em rje	doctor	
explain]; {T}	(1) to be cut; (2) to explain; to comment	
g.ya'	dust; rust (?)	
g.ya' dag pa	pure of dust	
g.yag	yak	
g.yag ston sangs rgyas dpal	Yak-dön-sang-gye-bel (1348-1414 ce.)	
g.yak rgod	wild yak	
g.yang	prosperity, fortune | abyss; gulf	
g.yang lba	lucky goiter	
g.yang sa	abyss; gulf	
g.yar	to borrow; loan	
g.yas	right hand; right side	
g.yas bskor du	clockwise; clockwise motion	
g.yas bskor; g.yas nas bskor	circumambulate clockwise; circumambulate from the right	
g.yas g.yon	on either side [lit.: right-left]	
g.yas nas bskor; g.yas bskor	circumambulate clockwise; circumambulate from the right	
g.yas pa	right hand; right side	
g.yas phyogs	right hand; right side; right direction	
g.yel ba	be idle; cease	
g.yel ba med pa	[be idle-not-exist]; incessantly	
g.yel bar med pa	[be idle-not-exist]; incessantly	
g.yel med pa	[be idle-not-exist]; incessantly	
g.yem	sexual intercourse	
g.yeng	to be distracted; to wander (mentally); distraction; be diverted; agitate	
g.yeng ba	to be distracted; to wander (mentally); distraction; be diverted; agitate	
g.yeng ba med par gyur pa	is not distracted	
g.yengs	to be distracted; to wander (mentally); distraction; be diverted; agitate	
g.yengs par bgyid	be distracted; wander (mentally); distraction; be diverted; agitate the	
g.yer ma	Guinea pepper	
g.yi	lynx	
g.yo	move; fluctuate; waver; remove; dissimulation; deceit	
g.yo 'gul	vibrate	
g.yo ba	move; fluctuate; waver; remove; dissimulation; deceit; moving [quality	
g.yo ba ma mchis pa	immovable; not moving; non-fluctuating; unwavering; non-deceit	
g.yo ba med	immovable; not moving; non-fluctuating; unwavering; non-deceit	
g.yo ba med pa	immovable; not moving; non-fluctuating; unwavering; non-deceit	
g.yo bar byed pa	move; fluctuate; remove; dissimulate; deceive	
g.yo med	[deceive-not-exist]; without deceit; immovable; not moving; nonfluctuating	
g.yo med pa	[deceive-not-exist]; without deceit; immovable; not moving; non	
g.yog	servant; to cover	
g.yog po	servant(s)	
g.yogs	see 2g.yog | to cover	
g.yogs pa	covering	
g.yon	left	
g.yon bskor	counter-clockwise; counter-clockwise motion	
g.yon nas bskor; g.yon bskor	counter-clockwise; counter-clockwise motion	
g.yos	move; fluctuate; stir; waver; remove; dissimulation	
g.yu	turquoise	
ga	interrogative particle; all [of a certain number]	
ga dus	when?; at what time?	
ga la	to/for whom? where? | how?; where?	
ga la yod	how could there be?; where is?	
ga las 'jigs med	Akutobhayā [title of a commentary on Nāgārjuna's Treatise on the	
ga ler	slowly; gently	
ga na	where?	
ga nas	from where?; from whence?	
ga par	where?	
ga pur	camphor	
ga re	Where is [he/she/it]? | what?	
ga tshad	how many?; how much?	
ga tshod	how many?; how much?	
gad mo	laugh | laugh; laughter; laughing	
gad mo dgod	laugh; smile; make laugh/smile	
gag po	difficult; hard	
gal ... na	If...	
gal te	if | if; in case of	
gal te ... gyur	if it would be	
gal te na	perhaps	
gam	or; and; particle indicating question; near	
gand	essence; important point; pith; essential	
gand mthar gtugs pa'i phra ba	final subtle essential{N}	
gand rnams shes dgos	it is necessary to know the essentials ...{LG}	
gang	who? what? which?; to be full | relative and interrogative pronoun: what; who; which	
gang ba	full | be full; become full	
gang ba med pa	not full	
gang bar 'gyur	will fill	
gang ci	which?; why?	
gang ci'ang rung	any and all	
gang dag	what; which; who; some	
gang dran dran	whatever you thought; whatever might be imagined	
gang du	where? wither? | [what-in]; in which; where; as which	
gang du 'dod pa'i zhing du 'gro ba	going to the pure land to which one wishes/wants	
gang du dbang bskur pa'i dkyil 'khor	the maṇḍala in which initiation is bestowed	
gang du yang ma song ba	not gone anywhere	
gang gA'i klung	Ganges River	
gang gA'i klung gi bye ma 'di snyed dang mnyam pa'i sangs rgyas	Buddhas equal in number to these grains of sand of the Ganges	
gang gA'i klung gi bye ma snyed	as many as the grains of sand of the Ganges	
gang gA'i klung mnyam	equal with the Ganges	
gang gi	relative and interrogative pronoun: of which	
gang gi don du	for the sake of which	
gang gi phyir	because; for that reason; for the sake of; why?	
gang gi slad du	for what reason?; for the sake of what?; for the sake of which	
gang gi tshe	when; at what time	
gang gi tshe ... de'i tshe	correlative construction: when	
gang gi yang	any; of any	
gang gis	interrogative or correlative particle: by what; by whom; by which	
gang gis dang gang du sgrub pa	by whom and where achieved	
gang gis stong nyid shes pa de	one who knows emptiness	
gang la	with respect to which; of what; where; of which; in which/whom	
gang la dgongs nas	in consideration of which; thinking of which	
gang la gang	any...whatsoever	
gang la gang med pa de ni des stong	the non-existence of something in something is [its] emptiness of that	
gang la rnam par mi rtog	non-conceptual/not conceptualizing with respect to which; nonconceptual	
gang las	from what?; whence?; why?	
gang ltar khas len pa ni dpyad par bya'o	it should be analyzed what sort of assertion should be made	
gang ltar yang	in any case	
gang med	not full	
gang na	where?	
gang na ba	whereabouts	
gang nas	where from?	
gang phyir	because; for that reason; for the sake of; why?	
gang rung	one among; either one or both; whichever is suitable	
gang shar thams cad	all of whatever appears	
gang su dag	whichever of those	
gang tshe	when; at what time	
gang tshe tshe	when	
gang tshun	up to the point of	
gang yang	any(thing), whatsoever | [what-even]; any; whosoever. With negative: not any; none	
gang yang rung ba	any; some; some...or other	
gang yang rung ba zhig ma tshang ba	any incomplete	
gang yang rung ba'i	of any	
gang yin	what is?; which is	
gang yin pa	which is; whatever is	
gang yin pa de thams cad	all of whatever is...; all whatsoever	
gang zag	person; individual	
gang zag dam pa	excellent person; holy person	
gang zag dang chos dag mi dmigs pa'i phyir	due to/because of not apprehending persons and [other] phenomena	
gang zag dang chos la bdag med pa	selflessness in persons and [other] phenomena	
gang zag dang chos la bdag med pa dag yongs su shes par bya ba'i phyir	in order to thoroughly understand selflessness in persons and [other]	
gang zag dang chos med pa'i mtshan nyid yin pa	character of non-existence of persons and [other] phenomena	
gang zag gdags pa	imputation of a person	
gang zag gi bdag	self of persons	
gang zag gi bdag 'dzin pa'i blo	awareness apprehending a self of persons	
gang zag gi bdag med	selflessness of persons	
gang zag gi bdag med phra mo	subtle selflessness of persons	
gang zag gi bdag med rags pa	coarse selflessness of persons	
gang zag gi bdag med rtogs pa'i rnal 'byor gyi sa	yogic ground of realizing the selflessness of persons	
gang zag gi bsam pa la dgongs pa	thinking/considering a person's attitude	
gang zag gi bye brag	instance of a person	
gang zag gi longs spyad bya	objects of use of a person	
gang zag la mi srid snyam pa	"thinking, """"[Such and such] does not occur among persons"""""	
gang zag ma yin pa'i ldan min 'du byed	non-person compositional factor	
gang zag ma yin par gyur pa'i ldan min 'du byed	non-associated compositional factors that are not persons; nonassociated	
gang zag med pa	non-existence of persons	
gang zag mi rtag pa nyid du thal bar 'gyur ba	it would [absurdly] follow that persons would be just impermanent	
gang zag mngon par rtogs pa	manifest realization of the person	
gang zag ni nam yang med pa ma yin pa	persons are never non-existent	
gang zag rang rkya thub pa'i rdzas yod du ma grub pa	non-establishment of the person as substantially existent in the sense of	
gang zag rang rkya thub pa'i rdzas yod kyis stong pa	emptiness of a person as being substantially existent in the sense of	
gang zag rnam par bzhag pa	positing of the person	
gang zag rnam par gzhig pa	disintegration of the person; destruction of the person	
gang zag rtag gcig rang dbang can gyis stong pa	a person's emptiness of being permanent, unitary, and autonomous	
gang zag smra ba	Proponent of a Person	
gang zag tsam	mere person	
gang zag tu 'dzin pa	apprehend a person; conceive a person	
gang zag tu smra ba	propound a person	
gang zag yin par gyur pa'i ldan min 'du byed	non-associated compositional factor which is a person	
gang zag yod par khas blang bar mi bya	persons are not to be asserted as existing	
gang zag yod par smra ba	Proponent of a Person	
gang zag zla med pa	person without equal; matchless person	
gang zag; skyes bu	person	
gang zhe na	"if [someone asks], """"What?""""; if [someone asks], """"Which?"""""	
gang zhig	for one [indicates the first part of a reason]; whoever; which	
gangs	snow-mountain	
gangs can	Tibet | that endowed with snow; The Snowy Land [i.e., Tibet]	
gangs can mkhas pa	scholar of the Land of Snows [Tibet]	
gangs pa se'u	Gang-b#a-s#ay-u [c.1200; a G#a-dam-b#a author on epistemology]	
gangs ri ba	one [person] of the snow mountain	
gangs ri sngon por snang ba'i dbang shes	sense consciousness to which a snow mountain appears as blue	
gar	whither? where? | [what to]; where; dancing; dance	
gar 'dod pa	wherever wished	
gar yang khyab pa ni chu zla lta bu'o	pervading everywhere like a moon in water	
gau ta ma	Gautama, the name of the Buddha	
gcad	to cut; decided; eliminate; judge; condemn	
gcad du med	not cut; not decided; not eliminated	
gcad pa	to cut; decided; eliminate; judge; condemn	
gcags	to love	
gcags pa	love; be intimate with; apprehend	
gcan gzan	carnivorous animal	
gcan gzan dang ri dwags	carnivorous animals and deer	
gcan gzan gdug pa	carnivorous animals and deer	
gcan gzan gyi dgon pa	a place with carnivorous animals	
gcan gzan gyi dgon pa'i nang du song na	go into the midst of a place with carnivorous animals	
gcan gzan khro bo'i rigs dag	fierce carnivorous animals	
gcer bu	naked	
gcer bu pa	"Nirgrantha{LCh}; Nirgrantha (""""The Unclothed"""", also known as"	
gces 'dzin	self cherishing	
gces pa	cherish; dear; precious	
gces spras	to value	
gces spres	value; esteem; great zeal for; care for; hold dear; exert oneself	
gci	urine; to urinate	
gcig	one | one; same; oneness; unitary; single; singular phenomenon	
gcig bkag pa'i tha dad	a difference which is a negation of oneness	
gcig bu	unitary	
gcig car	simultaneous	
gcig car du	simultaneous; simultaneously	
gcig char ba	one who [proceeds] simultaneously{Gön-chok}	
gcig cig	at a certain time	
gcig dril	to wrap around; bring together	
gcig du	this can mean: one or many	
gcig gi ... gcig	one; same	
gcig gis gcig stong pa'i stong nyid	emptiness that is the-one-being-empty-of-the-other	
gcig la gcig	mutually; one another; each other	
gcig nyid	oneness; just one; sameness	
gcig pa	only; the same | one; oneness; distinguished by; unitary	
gcig po	only	
gcig pu	sole; alone, single | alone; sole; only; lone	
gcig tu	this can mean: one or many	
gcig tu bral sogs kyi rigs pa	the reasoning of the lack of being one or many, etc.	
gcig tu bsdus nas	having condensed/brought together/abridged/summarized as one	
gcig tu na	firstly	
gcig tu nges pa	devoted to; take pleasure in; one aim/end/thing only; exceedingly	
gcin	urine	
gcod	to cut (off); to decide | cut; decide; judge; condemn; eliminate; progress; excorcism; a form of	
gcod byed	eliminator	
gcod pa	cut; decide; judge; condemn; eliminate; progress; excorcism; decided	
gcog	to break; to knock out	
gda'	to be there; to be	
gdab	put; sow; plant; set; offer; give; cast	
gdags	impute; designate; hang	
gdags gzhi	basis of designation; basis of imputation	
gdags gzhi gzhan la brten nas btags pa'i btags yod	imputed existence that one imputes in dependence upon another basis	
gdags gzhi'i go sa gnon pa'i tshul du yod pa	existence in the manner of covering its basis of designation	
gdags gzhi'i ngos nas grub pa	established/establishment from the side of the basis of designation | existence from the side of the basis of designation	
gdags gzhi'i steng nas grub pa	existence right in the basis of designation	
gdags pa	impute; designate; designation{N}; hang; imputation; designations	
gdags pa byas	impute; designate	
gdags pa rnam par bzhag pa	explanation of designation {T}	
gdags par bya	impute; designate	
gdags par bya ba ma yin	should not designate	
gdags su ma mchis pa	not impute; not designate	
gdags su mchis par gyur	designate; impute	
gdags su med pa	not impute; not designate	
gdags tsam du yongs su tshol ba	thoroughly investigate/examine/research mere	
gdam	advice; instruction; counsel; preceptual instruction; advisory speech	
gdam ngag	advice; instruction; counsel; preceptual instruction; advisory speech	
gdam ngag brjed pa	forgetting the instruction/counsel/advice	
gdams	advise; counsel	
gdams ngag	advice; instruction; counsel; preceptual instruction; advisory speech	
gdams ngag brjed pa	forgetting the advice/instruction/counsel/preceptual	
gdams ngag nod par byed pa	receive advice/instruction/counsel/preceptual instruction/advisory	
gdams ngag pa	the preceptual lineage; preceptual [G#a-dam-b#a]	
gdams pa	advise; counsel; advice; instruction; counsel; preceptual instruction	
gdan	mat, carpet | seat; cushion	
gdang	to open wide	
gdangs	tone; light	
gdebs	put; sow; plant; set; offer; give; cast	
gdeng	to raise in despair	
gdengs	to raise in despair	
gdod	beginning; first (in a list)	
gdod ma	beginning; first (in a list)	
gdod nas	primoridally	
gdod nas spras bral	primordially free from elaborations	
gdod nas stong zhing	primordially empty	
gdogs	impute; designate; hang	
gdoms	advise; counsel	
gdon	verb: cause to come out; expel; recite; take out noun: evil spirit causing	
gdon mi 'tshal bar	unquestionably; undeniably	
gdon mi za bar	surely | unquestionably; undeniably; definitely{N}	
gdon mi za bar grub pa	Amoghasiddhi {STTS}; p.n. of a Buddha	
gdon par bya'o	one should expel; one should recite	
gdong	face	
gdong gi sna rtser 'od thig sgom pa	meditation on a drop of light at the opening point of the face{TGP 40}	
gdug	poison; misery See: dug, poison	
gdug pa	poisonous; pernicious; pernicious forces; pernicious entities	
gdug pa can	poisonous; pernicious	
gdugs	umbrella	
gdul	discipline	
gdul ba	discipline; disciplining	
gdul ba dang mthun pa	concordant with discipline	
gdul ba ji lta ba bzhin du 'dul ba'i thabs rtogs pa	realize the method of disciplining exactly according to the discipline	
gdul ba'i bya ba la dus thams cad du nye bar gnas pa	closely abiding in disciplined activities at all times {T}	
gdul ba'i khams	realm of discipline	
gdul ba'i lo tog yongs su smin par byed pa	cause the harvest of discipline to ripen {T}	
gdul bar bya ba	trainee	
gdul bya	noun: trainee{N}; disciple verb: tame; discipline; subdue	
gdul bya 'dun par byed pa'i chos ston pa	teach the doctrine that causes trainees to aspire	
gdul bya gdul bar dka' ba	discipline those who are difficult to discipline; {T} trainees who are	
gdul bya ji lta ba bzhin du chos ston pa	teach doctrines according to the trainee['s capacity] {T}	
gdul bya'i rgyud kyi zhing	field of the continuum/line of trainees	
gdung	to be tormented/pained; to long (for) | torment; be tormented; be scorched; desire; long for | torment; morification; be tormented; be scorched; desire; long for	
gdung 'degs	supporting rafter	
gdung ba	tormented; mortify	
gdung ba'i las	karma of torment	
gdung bar byed pa	torment; mortify	
gdung rabs	generation	
gdungs	to be tormented/pained; to long (for) | torment; be tormented; be scorched; desire; long for	
gegs	obstacle; hindrance; impediment; obstruction	
gegs byed	[hindrance-make]; hindrance; interference; prevention; impediment	
gegs su gyur pa	[hindrance-as-became]; hindrance; interference; prevention	
gi	(as genitive particle) of; by; in; which. (as non-case particle) and; but	
gis	(as instrumental particle) by; by means of; with; because. (as non-case	
gis bsdus pa'i theg chen gyi mkhyen pa/	Great Vehicle exalted knower included either within that which causes	
gla ba	musk deer	
gla rtsi	musk	
glags	opportunity; possibility	
glags rnyed 'gyur	find a chance; gain an opportunity	
glags rnyed par 'gyur	find a chance; gain an opportunity	
glal ba	yawn	
glang	ox | bull	
glang bu	calf	
glang chen	elephant	
glang po	elephant	
glang po che	elephant	
glang po che 'khrul pa	illusory elephant	
glang po che dang rta'i tshogs la sogs pa dang 'dra ba	similar to herds of elephants and horses, etc.	
glang po che la sogs pa	elephants and so forth	
glang po che la sogs par med pa	without elephants and so forth	
glang po che'i gzugs	form of an elephant	
glang po che'i sgra skad	sound/bellow of an elephant	
glang po chen po'i lta stangs	elephant-gaze; gaze of an elephant	
glang po rin po che	precious elephant	
glang po'i gzugs	form of an elephant	
glang po'i rjes	foot-print of an elephant	
glang thang pa	L#ang-tang-b#a [a G#a-dam-b#a Ge-s#hay reputed for never laughing]	
glangs	take; get; grasp; receive	
glegs	book	
glegs bam	[boards-what is gathered]; book; volume	
glegs bam du bris nas	written in a book	
glegs bam du chud par	included in book	
glegs bu	page; label	
glen pa	to be stupid	
gleng brjod	introduction; specific teachings	
gleng gzhi	introduction	
gleng gzhi'i sde	introduction; specific teachings	
glengs	talk; say; mention; express; propound	
glengs pa	talk; say; mention; express; propound	
gling	island | continent; island; location [as of a monastery]	
gling bzhi	the four continents [of traditional Buddhist cosmology]	
gling bzhi pa	four-continent world-system	
gling bzhi'i mi	humans of the four continents	
gling kha	park	
gling phran brgyad	eight small continents [of traditional Buddhist cosmology]	
gling phran brgyad kyi mi	humans of the eight small continents; humans of the eight	
glo	side; proximity	
glo ba dga'	take joy (in); delight (in)	
glo bur	adventitious; temporary; sudden; circumstantial	
glo bur ba	adventitious; sudden; temporary	
glo bur byung ba	adventitiously/suddenly arisen	
glo bur dri bral gyi cha	factor of freedom from adventitious defilements; factor of being	
glo bur du	sudddenly; adventitiously; temporarily	
glo bur du byung ba	adventitiously/suddenly arisen	
glo bur gyi dri ma	adventitious defilement/stain	
glo bur rnam dag gi cha	factor of adventitious purity	
glo mkhan chen bsod nams lhun grub	L#o Ken-chen Sö-nam-hlün-drup{GD:ix}	
glod pa	loosen; relax; release; set free	
glog	lightning	
glog lta bu'i ting nge 'dzin	lightning-like meditative stabilization	
glu	song	
glu bsen mo	evil female nāga	
glu dbyangs	song	
glu gyan	mischevious nāgas	
gna' ba	burrhel sheep	
gna' nas	previously; before; early; earlier	
gnag	yak	
gnam	the sky	
gnam gru	airplane	
gnam gru'i babs thang	airport	
gnam po	laughable (?); honest (?)	
gnang	to allow, to permit; to give | give; grant; make	
gnang ba	give; grant; make	
gnas	to last; to live; to stay; place | to dwell | abide; dwell; source; state; situation; remain; last; stay; place; abode	 [Bialek]: to last; to live; to stay; place
gnas bral	free from abiding	
gnas brtan pa	Sthavira	
gnas bskal	aeon of abiding	
gnas byed	abide; remain	
gnas cha	factor of stability	
gnas chen po	great place; great abode	
gnas dang bcas pa'i dbang po gzugs can nye bar len	impeller of physical sense powers that are functioning	
gnas dang gnas ma yin pa	appropriate and inappropriate	
gnas dang gnas ma yin pa bstan pa shes par bya ba	one should cognize the teaching of what abides and what does not	
gnas dang lus dang longs spyod	abode, body, and resources	
gnas gtsang lnga	Five Pure Places	
gnas gyur pa	transform	
gnas gzhan du gyur pa	change the basis	
gnas gzhan gyur pa mthar thug pa	final changing of the basis	
gnas khang	[dwell-house]; dwelling; place where one is staying	
gnas la brten pa med pa	not depending upon an abode	
gnas la brten par	in dependence upon a basis; depending upon an abode	
gnas la dga'	delight in an abode	
gnas lugs	[abide-system]; mode of subsistence; mode of abiding{N}; way of	
gnas lugs mthar thug	final mode of subsistence	
gnas lugs nad gzhi	actual situation [of the body] which is the basis of disease (the first of	
gnas lugs rtsa ba	"definition of the body (the first of the three roots of the """"Illustrated"	
gnas ma bu pa	Vatsīputrīya [name of a Buddhist school]	
gnas ma mchis pa	non-abiding; not remain	
gnas ma yin pa	non-abiding; not remaining	
gnas ma'i bu pa	Vātsīputrīya [name of a Buddhist school]	
gnas med	non-abiding; not remain; not subsisting	
gnas med pa	baseless{N}	
gnas med par spyod pa	baseless practice	
gnas nas	having abided; having dwelt; having remained	
gnas ngan	bad state	
gnas ngan len	assumption of bad states	
gnas ngan len gyi 'ching ba	assumption of bad states	
gnas ngan len gyi rten thams cad 'jig par byed pa	destroy all the bases of assumptions of bad states	
gnas pa	abide; dwell; source; state; situation; remain; last; stay; place; abode	
gnas pa cha mthun	concordant with abiding	
gnas pa dang mthun par zhugs zhing	engage in accordance with the basis	
gnas pa dang sa	abode and ground	
gnas pa dus mnyam	abiding at the same	
gnas pa las gzhan du 'gyur ba	becoming other than the basis	
gnas pa ma yin pa	not abide	
gnas pa med	not abiding; not remain	
gnas pa med pa	not abiding; not remain	
gnas pa med pa'i tshul du	in the mode of non-abiding	
gnas pa med par	not abiding; not remaining	
gnas pa med par spyod pa	non-abiding practice; non-abiding performance	
gnas pa na mi rung	not suitable as abiding	
gnas pa yang dag par blangs te	completely adopting the basis	
gnas pa'i byed rgyu	creative cause of abiding	
gnas pa'i rgyu	cause of abiding	
gnas pa'i thabs	method of abiding	
gnas par 'gyur	abide; remain	
gnas par 'gyur ba	abide; remain	
gnas par bya	abide; remain	
gnas par bya ba	abide; remain	
gnas par byed	put; place	
gnas par gyur pa'o	abide; remain	
gnas rab tu dbye ba	differentiate the basis	
gnas rgyal po	Rājagṛiha	
gnas rgyal po'i khab tu	in the area of Rājagṛiha{BJ 29.6}	
gnas rnams tha dad	different abodes	
gnas shing	abiding; remaining; subsisting	
gnas skabs	state; level; status; period; temporary; condition; opportunity	
gnas skabs gzhan du mi 'gyur ba	[its] state does not change into something else	
gnas skabs kyi byang chub	temporary enlightenment	
gnas su	as a basis; as an abode	
gnas su ma yin pa	baseless	
gnas tshod	measure of subsistence	
gnas tshul	[abide-way]; mode of subsistence; way of subsistence; way of being	
gnas yang lag	limb of abiding; limb of subsistence	
gnas yangs ba can du	in the area of Vaiśali{BJ 30.4}	
gnas yongs su 'gyur ba'i rgyu yin pa	being a cause of transforming the basis	
gnas yongs su gyur pa	change the basis	
gnas yongs su gyur pa'i mtshan nyid	the character of changing the basis	
gnod	verb: to harm; injure noun: harm; injury; damage; vessel{BJ 63.7}	
gnod bya	object harmed	
gnod byed	harmer; damage{BJ 32.7}; refutation	
gnod byed brjod pa rnams	damages expressed{N}	
gnod byed bzod pa	forbearance with respect to harmers	
gnod byed la ci mi snyam pa'i bzod pa	patience/forbearance/tolerance/endurance that does not care about or	
gnod du mi rung ba	not suitable to be vessels{BJ 63.7}	
gnod med	harmless; not harmed{BJ 10.8}; healthy; unharmed	
gnod mi byed	harmless; not harmed	
gnod pa	pain | verb: to harm; injure noun: harm; injury; damage; vessel; molestation	
gnod pa byed	harmer; harm; cause harm	
gnod pa byed pa	harmer	
gnod pa byed pa bzod pa	forbearance with respect to harmers	
gnod pa byed pa'i 'du shes	harmful conception	
gnod pa can gyi rtags	undermining sign	
gnod pa med lta	non-harmful view	
gnod pa med pa	unimpaired	
gnod pa zhi ba	pacify harmers	
gnod par 'gyur	harm; injure; damage	
gnod par bya ba	harm; injure; damage	
gnod par byed pa	harmer; harm; injure; damage	
gnod par mi byed do	not harm; not injure; not damage	
gnod par sems	harmful mind	
gnod pas byas pa	cause harm; injure; damage	
gnod sbyin	demons in the earth, air, or lower heavens	
gnod sems	harmful intent; harmfulness	
gnod sems kyi 'du shes	conception of harmful intent	
gnod sems kyi sems bskyed par byed	produce a mind of harmful intent	
gnod sems med pa	without harmful intent	
gnon pa	to press down; to subdue; to cover	
gnon par 'gyur ba	to press down; to subdue; to cover	
gnon par bya ba	to press down; to subdue; to cover	
gnong	ashamed	
gnya' ba	neck	
gnya' khri btsan po	Gnya'-khri Btsan-po	
gnya' shing	yoke	
gnyan	evil spirit; a type of wild sheep which has a huge horn structure	
gnyen	relative | relative; friend	
gnyen bshes	relatives and friends	
gnyen nye 'brel	relative	
gnyen po	antidote; counteragents	
gnyen po bsgom pa	cultivate antidote	
gnyen po bskyed pa	production of antidotes	
gnyen po dang ma bral ba nyid	non-freedom from antidotes	
gnyen po la ldem por dgongs pa	intending an antidote	
gnyen po nyid	antidotal	
gnyen po phun sum tshogs pa dang ldan pa	endowed with marvellous antidotes	
gnyen po sgom pa	cultivate antidotes; cultivation of antidotes	
gnyen po yid la byed pa	antidotal mental contemplation	
gnyen po yid la byed pa bsgom pa	cultivate antidotal mental contemplation	
gnyen po yin pa	antidotal	
gnyen po yongs su 'grib pa	diminishment of antidotes	
gnyen po'i chos	antidotal phenomenon/doctrine	
gnyen po'i dbye ba	division of antidotes	
gnyen po'i don ldan pa	having an antidotal object	
gnyen po'i mtha'	antidotal limit; extreme antidote	
gnyen po'i rnam pa bsgom pa	cultivate the aspects of antidotes; cultivate the antidotes	
gnyen po'i stobs can	having antidotal power	
gnyen tshan	relatives	
gnyer	to take care | purpose; sake (of)	
gnyer kha	attention, care	
gnyi ga	both	
gnyi ga'i phyogs dang mthun pa	concordant with both directions	
gnyid	dream | sleep; sloth	
gnyid 'thug pa	deep sleep	
gnyid chung ba	little sleep; torpor	
gnyid kyi log	sleep; fall asleep	
gnyid kyis log pa	[those who are] sleeping	
gnyid kyis ma log pa	not sleeping; awake	
gnyid log	sleep; to sleep	
gnyid log pa	to sleep	
gnyid log pa'i gnas skabs	state of sleep{N}	
gnyid ma log pa'i gnas skabs	waking state{N}	
gnyis	two	
gnyis bral	free from duality	
gnyis gyi tshul gyis spyod pa	practice by way of dualistic modes	
gnyis ka	a pair | both	
gnyis ka'i cha	second part	
gnyis kyi don byed	performing two functions	
gnyis kyi mtshan nyid	character of duality; dualistic character	
gnyis la brten pa	depending on duality	
gnyis la dmigs pa	dual object of observation; observing duality	
gnyis med	non-duality; non-dual; non-dualistic	
gnyis med chos	non-dual reality	
gnyis med kyi blo	non-dual awareness; non-dual understanding	
gnyis med pa'i don	non-dual object; non-dual meaning	
gnyis min	non-duality; non-dual	
gnyis pa	second | second; in texts: second part	
gnyis pa las byas pa chud zos pa'i nyes pa ni	the second fallacy is that actions done would be wasted{MSI 420.4}	
gnyis pa ltar na	in the second case	
gnyis po	second; two; dual; {T} both (?)	
gnyis snang	dualistic appearance	
gnyis snang 'khrul pa	mistaken dualistic appearance	
gnyis snang gi rnam pa can	having the aspect of dualistic appearance	
gnyis snang gi spros pa	elaborations of dualistic appearances; dualistic elaborations	
gnyis stong	empty of duality; emptiness of duality	
gnyis stong gi rtogs pa	realization of the emptiness of duality{Gön-chok}	
gnyis su	as two; dual; duality	
gnyis su 'dzin pa rnam par spangs pa	abandon dualistic grasping	
gnyis su 'khrul pa	dualistic illusion	
gnyis su grangs pa	enumeration as two	
gnyis su med	non-dual	
gnyis su med pa	non-dual; non-duality	
gnyis su med pa shes pa	non-dualistic cognition{N}	
gnyis su med pa'i don	non-dual object; non-dual meaning	
gnyis su med pa'i mtshan nyid	non-dualistic character; character of non-duality	
gnyis su med pa'i shes pa	non-dualistic cognition{N}	
gnyis su med pa'i tshul gyis	through the non-dualistic mode	
gnyis su na	secondly	
gnyis su snang ba	dualistic appearance	
gnyis su snang ba med pa	non-appearance of duality	
gnyis su snang ba'i rgyu	cause of dualistic appearance	
gnyug ma	fundamental	
gnyug ma lhan cig skyes pa'i 'od gsal gyi sems	the fundamental innate mind of clear light	
gnyug rlung	fundamental wind	
gnyug sems	fundamental mind; primordial mind	
go	place, spot; to understand | opportunity; occasion; armor; (terminating particle indicating the end	
go 'phang	position; rank; state	
go 'phang bla na med pa	unsurpassed/highest position/rank/state	
go ba	understanding	
go bar byed pa	cause understanding; communicate; cause to know/comprehend; means	
go bar sla	easy to understand	
go bar zad	reduced to/exhausted as understanding	
go bde bar brjod	express in an easy to understand form	
go bgos pa	put on armor	
go byed	means of understanding; that which causes understanding; means of	
go cha	armor	
go cha bgo dgos so	must/should put on armor	
go cha bgos shing	put on armor	
go cha chen po bgos so	put on great armor	
go cha'i sgrub pa	achieving armor; achievement of armor	
go chod	capable | fill the role; fulfill what it means to be; perform the function	
go gcig	same place	
go gyon pa	put on armor; wear armor	
go gyon te	put on armor; wear armor	
go mi chod	does not fulfill the role; does not fulfill the meaning of; does not	
go rams pa bsod nams seng ge	Go-ram-b#a-s#ö-nam-s#en-gay [1429-1489]	
go rim	order; series; arrangement	
go rim bzhin	in order; in accordance with the order; respectively	
go rim bzhin du	in order; in accordance with the order; respectively	
go rim pa	[place-series]; order; series; arrangement	
go sa	place; area; rank; station	
go sa gnon nus pa	capacity to occupy/cover an area	
go sgrub	achieving armor	
go skabs	opportunity; chance to	
go skabs 'byed par mi 'gyur ba	not provide an opportunity/chance	
go skabs ma mchis pa	no opportunity; no chance	
go sla	easy to understand	
gol ba	deviant; deviating from the proper	
gol sa	place where one can go wrong; place of possible error; place of	
gom pa gcig bor bas	with a single step	
goms	familiarize; become accumstomed to; condition to; familiarization	
goms 'dri	conditioning; familiarization; accustoming	
goms bya yon tan	quality to be cultivated	
goms pa	familiarize; become accumstomed to; condition to; familiarization	
goms pa can	familiar; conditioned	
goms pa'i lam	path of familiarization; path of conditioning	
goms par byas pas	by having familiarized/conditioned	
gon	to put on	
gong	high; the above; price; value	
gong bu	lump; mass	
gong chen	greatly high	
gong du	above; earlier; upward	
gong du 'gro ba dang ldan pa'i phyir	because of possessing progress upward	
gong du brjod zin	already explained above	
gong du bshad ma thag pa	explained just above/immediately above	
gong ma	previous one | upper; superior; higher; emperor	
gong ma bas ches gong ma	much higher than the high	
gong ma gong ma'i lta ba go byed kyi stegs	platform for causing understanding of views of the higher [schools]	
gong ma sa	high ground	
gong mo	grouse	
gong na	above; earlier; previously; higher	
gong na ma mchis pa	none higher; unsurpassed	
gong na med pa	none higher; unsurpassed	
gong nas gong du	from high to higher; progressively higher	
gong nas gong du bsgrub pa	achieve progressively higher [states]	
gor gor	circle	
gor ma chag par	without a doubt	
gos	cloth, clothes | cloth; clothing; cover	
gos dar	silk cloth(es)	
gos dmar ba	red garment/clothing	
gos hrul	tattered robe	
gos khyad par du 'phags pa	special clothing; special garment	
gos la sogs	clothing/garments and so forth	
gos la sogs pa ... tshol ba	seek clothing/garments and so forth	
gos lham	shoes and clothes	
gos med	[covered-not-being]; not sullied/polluted/covered	
gos pa	sullied; covered; polluted	
gos pa ma mchis pa	[covered-not-being]; not sullied; not polluted; not covered	
gos pa med cing	[covered-not-being]; not sullied; not polluted; not covered	
gos pa med pa	[covered-not-being]; not sullied; not polluted; not covered	
gos par 'gyur	be sullied/covered/polluted	
gos ser can	Gos-ser-can, lit. dressed in yellow clothes, an epithet of Vishnu (Skt. pitambara)	
gos sogs	clothing/garments and so forth	
gos thung	trousers	
grags	to be called; to be known as | renown; renowned; fame; notoriety; established; consensus; consensual	
grags chen bco brgyad	eighteen [texts] of great renown [a S#a-g#ya collection]{GD:309}	
grags chen ldan	grealty famous; greatly renowned	
grags mchog	supreme fame; supreme renown	
grags pa	renown; fame; notoriety; consensus; consensual renown	
grags pa can	renowned; famous	
grags pa rgya chen	Viśālakīrti [name of a Tathāgata]	
grags pa thob pa	famous; attained fame	
grags pa tsam	merely renowned	
grags pa'i rgyu nyid	cause of fame/renown/notoriety	
grags pa'i rjes dpag	inference through renown	
grags thob	famous; attained fame	
gral	row	
gral pa	person sitting in a row	
grang	cold; cool	
grang ba	cold; cool	
grang ba dang tsha ba la sogs pa'i sdug bsngal	sufferings of cold, heat, and so forth	
grang dmyal ba	cold hell-being; being dwelling in a cold hell	
grang nges	precise/definite enumeration	
grang srong	sage; seer	
grangs	number; enumeration; calculation; computation; reckoning; tally	
grangs 'gro	go in the count of; reckon as	
grangs bzhin	according to the count/calculation	
grangs can	Sāṃkhya [Enumerator]	
grangs can pa	"Sāṃkhya; Sāṃkhya (""""Enumerators"""") School"	
grangs kyis mi chod pa	[number-by-not-cut-off]; not delimited in number; innumerable	
grangs ma mchis	innumerable; uncountable; countless; immeasurable; incalculable	
grangs med	[number-not existing]; innumerable; uncountable; countless	
grangs med gnyis ni rdzogs pa	two [periods of] countless [eons] finished/completed/fulfilled	
grangs med pa	innumerable | innumerable; uncountable; countless; immeasurable; incalculable	
grangs nges	definite/limited in number; numerically limited; all-inclusive	
grangs pa	counting	
grangs pa'i ting nge 'dzin	meditative stabilization of counting	
grangs su 'gro	go in the count of; reckon as	
grangs su 'gro 'gyur ro	go in the count of; reckon as	
grangs su bgrang bar gtogs pa	included in numerical calculation	
grangs su mchi'o	go in the count of; reckon as	
gre mo	ghost spirit	
gre po gnyan	mischievous ghost spirit	
grel chung don gsal; 'grel pa don gsal	[Haribhadra's] Short Commentary: Clear Meaning (spuṭhārtha, 'grel pa	
grel pa don gsal; 'grel chung don gsal	[Haribhadra's] Clear Meaning Commentary (spuṭhārtha, 'grel pa don	
gri gum btsan po	Gri-gum Btsan-po	
grib	defilement; filth; stain; contamination; stroke	
grib ma	shadow	
grib pa	shade	
grib pa med par	undefiled; not filthy; without stain; uncontaminated; without covering	
gro	wheat	
gro ga	birch	
grog ma	ant	
grog mkhar ba	Grog-mkhar-ba (Skt. Valmiki)	
grog sbu	ant	
grogs	friend, companion | friend; accompanier; companion; concomitant; assister	
grogs bya ba la skyo ba med pa	without discouragement concerning accompanying/helping	
grogs byas	[companion-done]; helped; aided; assisted	
grogs byed	that which acts as an assister	
grogs bzang po	good friend/companion	
grogs mchog	supreme/good friend; supreme/good friendship	
grogs ngan	bad friend	
grogs pa	friend; companion; accompanier; assister	
grogs po	a male friend | friend; companion; accompanier; assister	
grogs po 'dra ba	like a friend/companion/assister	
grogs po dman pa dag gis yongs bskor ba	completely surrounded by low friends/companions	
grogs po las blangs pa	taken from a friend	
grogs por ngan pa	bad/false friend	
grogs snying rje chen pos zin cing	affected by great compassion which is its accompanier	
grogs stobs	power of an accompanier/assister	
grogs su gyur pa	friendship; became friend	
grogs tshul khrims dang lta ba mthun pa	friend/companion with concordant ethics and view	
grol	released; loosened; freed	
grol ba	release; liberation; freedom; released; loosened	
grol ba nyid	release; freedom; liberation; loosening	
grol ba po	releaser; liberator; freer; loosener	
grol bar 'gyur	will release/free/liberate/loosen	
grol bar byed	release; liberate; free; loosen	
grol nas	having released/loosened/freed	
grong	town/village. (as verb) die; one who has died	
grong 'joms	Destroyer of Cities [epithet of Śiva]; destruction of city	
grong 'jug gi rnal 'byor	yoga of entering the dead	
grong chog	village rituals	
grong gi nang	inside a town/village	
grong gseb pa	villager	
grong khyer	village, town | city/town	
grong khyer ba	city-person	
grong tshigs	city; village	
grongs	to die	
gros nyes	bad counsel	
gru	boat; ship	
gru bzhi	square; four-cornered	
gru gsum	triangular	
gru gzings	ship; boat	
grub	to accomplish, to complete | be established; be accomplished; establish; exist; achieve	
grub 'jug gi blo	awareness/mind of complete/total engagement; awareness/mind which	
grub bde gcig	one establishement and abiding; same in terms of establishment and	
grub bde rdzas gcig	one substantial entity of establishment and abiding; one substantiality	
grub dus	time of accomplishing/achieving/establishing	
grub mtha'	tenet; established conclusion; tenet system; system of tenets; system	
grub mtha' dor ba	forsake the tenet [by holding a tenet contrary to it]	
grub mtha' rtsa ba	The Root Text on Tenets [by Jam-y#ang-shay-b#a which is the basis	
grub mtha' smra ba	proponent of tenets	
grub mtha'i rnam bzhag	presentation of tenets [genre of literature]	
grub mtha'i rnam par bzhag pa rin po che'i phreng ba	Precious Garland of Tenets [by G#ön-chok-jik-may-w#ang-b#o (dkon	
grub mthas bslad pa la ltos med du	without relying on being affected by tenets	
grub pa	accomplished one | (1) it is different from that and (2) relation is established from the | be established; be accomplished; establish; exist; achieve; existent | established; perfected; accomplished; completed	
grub pa ... kyi sngon du 'gro ba'i bkra shis yin pa	auspiciousness preceding a feat/yogic achievement	
grub pa dang bde ba	establishment and abiding	
grub pa dus mnyam/ gnas pa dus mnyam/ 'jig pa dus mnyam/	established simultaneously, abide simultaneously, and disintegrate	
grub pa kun thob par 'gyur	will attain all feats/yogic achievements	
grub pa'i dngos po	they are things established by way of their own character without being	
grub pa'i mtha'	tenet; established conclusion; tenet system; system; outlook	
grub par 'gyur ba	establish; accomplish; achieve	
grub par bya ba	that which is to be achieved/established/mastered/perfected	
grub par gyur pa rtogs pa	realize that it has been established/accomplished/achieved/completed	
grub par mdzad	established; taken/treated as established/accomplished/achieved	
grub thabs	means of achievement	
grum pa	badger	
grung	to be wise	
grung zhan	weak-minded person	
grur zhugs la brten nas ljon shing 'gro bar snang ba'i dbang shes	a sense consciousness to which, in dependence upon having entered	
grur zhugs pa la brten nas	in dependence on residing in a boat	
grwa	corner; school	
grwa sa bzhi	the four [Ge-luk-b#a] monastic colleges [S#e-ra (se rwa); Dre-b#ung	
grwa sa gsum	the three [Ge-luk-b#a] monastic colleges: [S#e-ra (se rwa); Dre-b#ung	
grwa tshang	monastic college	
gsa'	snow leopard	
gsab	complete; fill out	
gsad	see gsod | to kill | killing	
gsal	to be clear; to shine | clear; bright; light; predicate [misspelling of bsal?]{BJ}	
gsal 'debs	visualize	
gsal ba	instance; manifestation; predicate [misspelling of bsal ba?]{BJ}	
gsal ba med par mnyam pa	sameness in non-clarity	
gsal ba'i dbye ba mtha' yas pa	limitless divisions of instances	
gsal ba'i mchog	supreme clarity	
gsal bar	clearly{BJ 37.7}	
gsal bar bgyid pa	clarify; illuminate	
gsal bar bshad	clearly explained{BJ 38.1}	
gsal bar byed pa	clarify; illuminate	
gsal bar med pa	non-clarity; unclear	
gsal btab	visualize	
gsal byed	consonant	
gsal cha	factor of clarity	
gsal nas	having clarified	
gsal rgyal	Gsal-rgyal (Skt. Prasenajit) | the king Prasenajit{LCh}	
gsal snang	clear appearance	
gsal zhing rags pa	clear and coarse	
gsal zhing rig pa	clear and knowing	
gsan	to hear, to listen | listen; hear	
gsang	secret	
gsang 'dus; gsang ba 'dus pa na	Guhyasamāja; Guhyasamāja [Tantra]	
gsang ba	secret	
gsang ba 'dus pa; gsang 'dus	Guhyasamāja; Guhyasamāja [Tantra]	
gsang ba la mkhas pa	wise in secrets; wise with respect to what is secret	
gsang ba snying po'i rgyud	Guhyagarbha Tantra	
gsang ba'i tshig	secret word; secret mantra	
gsang dbang	secret empowerment	
gsang dbyings	secret expanse	
gsang sngags	secret mantra	
gsang sngags kyi theg pa	Secret Mantra Vehicle	
gsang sngags pa bsgrub pa	establishment of mantras	
gsar	new	
gsar du mi slu ba	newly incontrovertible; new and incontrovertible	
gsar pa	new	
gsar shog	newspaper	
gseb	among; within	
gser	gold | gold; golden	
gser bco ma	burnished gold{D1}	
gser btso ma	[gold-purified]; purifies gold; purified gold; refined gold	
gser bum	golden pot	
gser gyi	golden	
gser gyi kha dog rnams	gold colors	
gser gyi mngal	Golden Womb	
gser gyi rgyu las byung ba	made of gold	
gser kyis kha dog go	gold color; color of gold	
gser lta bu	like gold	
gser mdog	gold hue; color of gold; golden hue	
gsha' ma	righteous	
gsham	barren; sterile	
gshe	to inveigh (against) | to scold; abuse; blame {T}	
gshe ba la slar mi gshe ba	to not abuse in return for abuse {T}	
gshegs	to come; to go | go; go away; depart; travel; to come	
gshegs pa	go; go away; depart; travel; to come	
gshegs pa thams cad kyi khu tshur 'dzin pa de bzhin gshegs pa rtag pa	[p.n. of a Tathāgata]	
gshegs rdzongs	farewell ceremony	
gsher ba	moistening	
gshes	see gshe | to inveigh (against)	
gshib	align	
gshibs	align	
gshin rje dgra	Yamāri; {T} enemy of the Lord of Death	
gshin rje gshed	Yamāntaka; Yamāri	
gshin rje gshed dmar nag gzigs	red and black Yamāris	
gshis	basic disposition	
gshis kyi gnas lugs	dispositional mode of subsistence	
gshis lugs	mode of disposition; basic disposition{BJ 22.1}	
gshis lugs su grub pa	establishment as [an object's own] mode of disposition	
gshol	plough	
gshom pa	to arrange [as in to arrange offerings]; to prepare	
gshor	rough	
gsil	break down; break up (into pieces)	
gso	to take care; to train; to nourish, to raise; to restore | fix up; sustain; refresh; feed; nurture; nourish; cure	
gso ba	nourished{N}; fix up; sustain; refresh; feed; nurture; nourish; cure	
gso ba rig pa	science of medicine	
gso bar byed	fix up; sustain; refresh; feed; nurture; nourish; cure	
gso bo	nourished; fix up; sustain; refresh; feed; nurture; cure	
gso mdzad pa	nourished; fix up; sustain; refresh; feed; nurture; cure	
gso phyir	for the sake of refreshing/fixing/sustaining/curing	
gsod	to kill	
gsod pa	execution | to kill; slay	
gsog	to gather, to collect | to amass; collect	
gsog tu bgyid	amass; collect	
gsog yin pa	to amass; collect	
gsol	to request, to beg; to speak | ask; beg; wear; dress	
gsol 'debs	[ask-plant]; supplication; prayer; entreaty; plant a petition; make a	
gsol ba	request | to ask; beg; wear; dress; explain	
gsol ba 'debs	[ask-plant]; supplication; prayer; entreaty; plant a petition; make a	
gsol ba btab	[ask-plant]; plant a petition; make a request; supplication; prayer	
gsol ba gdab pa	[ask-plant]; supplication; prayer; entreaty; plant a petition; make a	
gsol lcog	table{hon.}	
gsong po	straightforward; sincere; honest	
gsos	see gso | to take care; to train; to nourish, to raise; to restore | nourish; sustain	
gsum	three	
gsum char	third part	
gsum ga	all three; the three	
gsum ka	a trio, the three	
gsum pa	third; a few | the third	
gsum po	a trio, a group of three | the three	
gsum po phan tshun	all three	
gsung	to speak, to say, to proclaim | say; speak; mention; talk; speech; exalted speech	
gsung 'bum	collected works{N}	
gsung ba	say; speak; talk; speech	
gsung ba po'i dgongs pa	the thought of the speaker (the basis in Buddha's thought)	
gsung gi phrin las	action of speech; speech karma	
gsung ngag	wording	
gsung rab	[speech-highest]; scripture(s); the word; scriptures	
gsung rab 'ga' zhig tu	in some scriptures{PGP 69}	
gsung rab kyi drang nges 'byed pa	differentiating the interpretable and definitive within the scriptures	
gsung rab la drang nges 'byed pa	differentiating the interpretable and definitive with respect to the	
gsung rnam pa drug cu	sixty kinds of speech	
gsungs	see gsung | to speak, to say, to proclaim | said; mentioned; spoken; speak; say; talk; speech	
gsungs bcom ldan 'das kyis	the Supramundane Victor said:	
gsungs pa	statement(s){BJ 21.3}; said; mentioned; spoken; speak; say; talk	
gsungs pa ltar	just as it is said ...	
gsungs pa'i rjes su smra zhin	subsequently propound what is said	
gtad	to direct, to point; to deliver up | aim; focus	
gtad sa'o	[aim-place period]; what is identified as the object perceived [in this	
gtad so	[aim-place period]; what is identified as the object perceived [in this	
gtam	rumour; speech | speech; converstion; communication; talk; slogan	
gtam dpe	proverb	
gtam ngag	evil talk	
gtam ngan	[talk-bad]; bad talk; evil report	
gtam tshig	words	
gtan	(1) intensifier: completely; utterly; final; at all; forever (2) order	
gtan 'dun gyi snying po	the essence of final aspiration	
gtan du	completely; forever	
gtan du 'dor ba	discard forever; get rid of	
gtan du ba	continual	
gtan gyi bde ba	final happiness	
gtan la 'bebs pa	settle; delineate; ascertain; revise [e.g., a translation]; finalize [e.g., a	
gtan la 'bebs pa; gtan la 'babs pa	delineate; settle; ascertain; revise/finalize [e.g., a translation]	
gtan la 'phebs	settle; delineate; ascertain; revise [e.g., a translation]; finalize [e.g., a	
gtan la bab par bstan pa'i sde	discourses which delineate	
gtan la dbab	settle; delineate; ascertain; revise [e.g., a translation]; finalize [e.g., a	
gtan la dbab par bstan pa'i sde	discourses which delineate	
gtan la phab	[order-in-come down]; settle; delineate; ascertain; finalize [e.g.,	
gtan la phab par bstan pa'i sde	discourses which delineate{S}	
gtan la phebs pa	settle; delineate; ascertain; revise [e.g., a translation]; finalize [e.g., a	
gtan la phob	settle; delineate; ascertain; revise [e.g., a translation]; finalize [e.g., a	
gtan med	completely non-existence{N}; utter non-existence{Gung-thang}	
gtan med du gsungs par song yang	comes to say	
gtan mi gos pa la 'bad	strive at not being polluted at all	
gtan mi srid	utterly non-existent	
gtan nas	utterly	
gtan tshigs	reason	
gtan tshigs ltar snang	pseudo/quasi/counterfeit reason	
gtan tshigs rig pa	knower of reasons; knowledge of reasons	
gtan yongs su ma grub pa	completely non-existent{S}	
gtang	give; treat; cast away; send; let go; give away; let loose; play [an	
gtang ba	give; treat; cast away; send; let go; give away; let loose; play [an	
gtang bar bya	give; treat; cast away; send; let go; give away; let loose; play [an	
gtang ste	having sent; having given away; having let loose; having played	
gter	treasury; treasure | treasure; treasury; store-place	
gter dang 'dra ba	like a treasure	
gter kha	mine	
gter ma	[Nying-ma] buried texts	
gter ston	[treasure-reveal] a revealer of concealed texts and practices	
gti mug	ignorance | bewilderment; delusion; ignorance; obscuration; mental darkness	
gti mug med pa	non-bewilderment; non-ignorance	
gti mug shas cher spyod pa'i gnyen po	antidote for those in whom bewilderment predominates	
gting	bottom; depth	
gting 'dzugs	[depth-penetrate]; penetrate to the depths; deeply penetrate	
gting btsugs	penetrate to the depths; deeply penetrate	
gting gzugs	[depth-penetrate]; penetrate to the depths; deeply penetrate	
gting mtha'	depth	
gting nas	[depth-from]; from the depths; from the bottom of the heart	
gting tshugs	[depth-penetrate]; penetrate to the depths; deeply penetrate	
gting tshugs pa	[depth-penetrate]; penetrate to the depths; deeply penetrate	
gtod	to direct, to point; to deliver up | to focus; aim	
gtod pa	aim; focus	
gtod par byed pa	aim; focus	
gtog	to snap one's fingers	
gtogs	to snap one's fingers | to include	
gtogs pa	to include	
gtol med	dubious; uncertain; no certainty; not known	
gtong	to let go, to send; to give away, to give; to abandon; to let; to set free | give; treat; cast away; send; let go; give away; let loose; play [an	
gtong ba	give; treat; cast away; send; let go; give away; let loose; play [an	
gtong bar bgyid	send; give; treat; cast away; let go; give away; let loose; play [an	
gtong len	[give-take]; giving [happiness] and taking [suffering]; giving [what is	
gtor	to scatter | scatter; spread over; strew	
gtor ma	strewing-oblation	
gtor nas	having scattered/strewn/spread over	
gtsang	clean; pure; cleanliness	
gtsang ba	pure; clean; clear	
gtsang bde rtag bdag tu med pa	not existing as pure, blissful, permanent, or self{BJ 57.2}	
gtsang byas	pure; clean; clear	
gtsang ma	clean	
gtsang pa	pure; clean; clear	
gtse	to harm, to torment	
gtse ba	to harm {T}	
gtses	see gtse | to harm, to torment	
gtso	main; chief; principal	
gtso bo	the best, eminent one; the chief | main; chief; principal	
gtso che	main	
gtso sems	main mind	
gtsug	crown of the head | crown of the head; top of the head	
gtsug lag khang chen	Mahāvihārin [p.n.]	
gtsug na	pre-eminent	
gtsug phud can	Śikhin [p.n. of a Bodhisattva in the Buddha-field of Akṣobhya]	
gtsug tor	crown protrusion	
gtsug tor can	Śikhin [p.n. of a Bodhisattva in the Buddha-field of Akṣobhya]	
gtsug tor gyi 'khor lo rtsa 'dab bzhi pa	the wheel of the crown protrusion having the four channel-petals	
gtsugs	plant [past of 'dzugs]	
gtugs pa	touch	
gtum mo	The Fierce One; inner heat; Fierce Woman	
gtum pa	to be hot-tempered; furious	
gu Na ma ti	Guṇamati [name of a Bodhisattva]	
gu Na shri'	Guṇaśrī [proper name]	
gu ru	[Tibetan transliteration of Sanskrit word, guru]; teacher	
gud du	separately; apart	
gud na med	[separate-in-not exist]; inseparable; not exist separately	
gum	to die	
gung bran	communist	
gung bsgrigs	arrange; put in order	
gung mo	middle finger	
gung thang 'jam dpal dbyangs	G#ön-chok-d#en-b#ay-drön-may (1762-1823) [aka. Gung-tang G#önchok- | Gung-tang Jam-b#el-y#ang [1762-1823; also known as Gung-tang	
gung thang dkon mchog bstan pa'i sgron me	Gung-tang G#ön-chok-d#en-b#ay-drön-may [1762-1823; aka Gungtang	
gur	tent	
gur gum	saffron	
gur khyim	[tent-home]; abode	
gus byas	having respected	
gus pa	reverence | respect; devotion; humility; be intent on	
gus pa bskyed pa	generate respect	
gus par bya	be respectful toward; exert oneself for; interest onself in; be zealous; be	
gus par bya ba	that which is to be respected	
gus par bya ba yid la byed pa	taking to mind an object to be respected	
gus par byed pa	be respectful toward; exert oneself for; interest onself in; be zealous; be	
gus par mi byed pa	disrespect; be indifferent; neglect; not be intent upon	
gus sbyor	intense application	
gya nom pa	auspicious; sublime	
gya nom snang	auspicious/sublime appearance	
gya nom snang ba	excellent appearance	
gya noms pa	auspiciousness	
gyang	pisé	
gyen	upward	
gyen du	upwards	
gyen du 'dren pa	draw upward	
gyen du phyogs	face upward; directed upward	
gyen rgyu	upward moving; upward-moving [wind]	
gyen rgyu'i rlung	upward-moving wind	
gyes	spread out	
gyi	(as genitive particle) of; by; in; which. (as non-case particle) and; but	
gyi bden pa mngon rtogs/	(1) an exalted knower of one who has risen from the path of release of	
gyis	to do; to say, to ask | (as instrumental particle) by; by means of; with; because. (as non-case	
gyis shig	[imperative form]: do	
gyo	dissimulation	
gyo dum	potsherd; sugar	
gyon	to wear | put on; dress; wear	
gyon byed	put on; dress; wear	
gyon gyon pa	wearing [continuously]	
gyos po	father-in-law	
gyur	to change; to become; to happen | become; change; transform; arise; be	
gyur ba	become; change; transform; arise; be	
gyur cig	imperative verb: let it be/become/change/transform/arise/be!; may it	
gyur la ... yang 'gyur	became and becomes again; having become, it again becomes	
gyur pa	become; change; transform; arise; be	
gze ru	small nail	
gzer	nail | nail; spike	
gzer bu	small nail	
gzhag	posit; establish	
gzhag pa	posit; establish; established	
gzhal	to comprehend; comprehension; flow to{LRC}	
gzhal ba	flow to{LRC}; comprehend; comprehension	
gzhal bya	object of comprehension	
gzhal med khang	mansion; inestimable mansion	
gzhal med khang chen	great inestimable mansion	
gzhal yas khang	[measure-lacking-house]; inestimable mansion; fabulous mansion	
gzhan	other; foreign; the other | another	
gzhan 'gyur	changeable [mental] factor; changing; changing into something else	
gzhan 'phrul dbang byed	Land of Controlling Others' Emanations; Heaven of Controlling	
gzhan bdang	other-powered phenomenon	
gzhan bde bas bde ba nyams su myong ba	experience happiness due to the happiness of others	
gzhan dag	others{LG}	
gzhan dag la ni zas byin pa	give nourishment to others {T}	
gzhan dag la sbyin pa	giving to others {T}	
gzhan dag na re	if others say: {BJ 36.2}	
gzhan dbang	[other-power]; other powered (phenomena); other powered nature	
gzhan dbang can	[other-power-possessing]; other powered (phenomena); other powered	
gzhan dbang du 'du ba	gathering others into your own power	
gzhan dbang du gyur pa'i sgo nas	by way of coming under the influence ...	
gzhan dbang gi mtshan nyid	the other-powered character	
gzhan dbang gi rang bzhin	other-powered natures	
gzhan don	another's purpose; another's welfare	
gzhan don rjes dpag	inference for another	
gzhan du	differently | otherwise	
gzhan du 'gyur ba	changeable [mental] factor; change; transform; become other | become other than; transformation; alteration	
gzhan du drang dgos pa'o	must be interpreted otherwise; must be interpreted as [something] other	
gzhan du gyur pa	change; transform; become other	
gzhan du na	otherwise	
gzhan dus 'khor	alternative Kālacakra	
gzhan grags	other approved	
gzhan grags kyi rjes dpag	other-approved inference; other-renowned inference	
gzhan grags kyi rtags	other-approved reason; other-renowned reason	
gzhan grags kyi sbyor ba	other-approved/established/renowned syllogism	
gzhan gyi 'du shes dang bral ba	free from the conceptions of others	
gzhan gyi dbang	other-powered; other-powered phenomenon; other-powered nature	
gzhan gyi dbang gi mtshan nyid	other-powered character	
gzhan gyi dbang gi ngo bo nyid	entityness of the other-powered (nature)	
gzhan gyi dbang ni yongs su shes par bya ba dang spang ba	other-powered [natures] should be known and abandonned {T}	
gzhan gyi dngos po	other thing; other-being	
gzhan gyi dngos po stong pa nyid	other-entity emptiness (emptiness of other entities)	
gzhan gyi don	others' welfare {T}	
gzhan gyi don du	for the sake of others	
gzhan gyi don ni rang gi don yin pa	others' welfare is one's own welfare {T}	
gzhan gyi don phyir	for the sake of others	
gzhan gyi don sgrub pa phun sum tshogs pa	marvel of accomplishing others' welfare {T}	
gzhan gyi gdams	advice/instruction/counsel/preceptual instruction/advisory	
gzhan gyi gzhi	other based; other-base	
gzhan gyi phyir	because of others	
gzhan gyi phyogs sun 'byin	disbelieve the other position {T}	
gzhan gyi rgyud	other continuum(s)	
gzhan gyi rnam par rig pa	other-cognition	
gzhan gyi sbyin pa la sogs pa	giving to others, etc.	
gzhan gyi sdug bsngal skye bas shin tu 'jigs	very afraid due to the arising of suffering in others	
gzhan gyi stobs kyis byung ba	arise through the power of other [conditions]{BJ 33.2}	
gzhan gyis byas	done by others	
gzhan gyis gnod pa bye ba	harmed by others	
gzhan gyis mchod par 'dod pa	asserted as supreme by others ? {T}	
gzhan la gnod pa	harm others; harmer of others	
gzhan la gnod par byed pa	harmer of others; harming others	
gzhan la ji tsam 'bad kyang	no matter how much one strives otherwise	
gzhan la mi smod	one who does not deprecate others	
gzhan la phan	altruism; helping others	
gzhan la phan pa	altruism; helping others	
gzhan la smod	one who deprecates others	
gzhan las ma thos par	not hearing from another	
gzhan las nges kyi tshad ma	prime cognizer for which ascertainment is induced by another	
gzhan las rtogs pa'i phyir	due to realization from another	
gzhan las thos nas	having heard from another	
gzhan lugs	other's systems	
gzhan lugs dgag pa	refutation of others systems; refutation of others' systems	
gzhan ma yin	not other; non-other	
gzhan ma yin pa	not other; non-other	
gzhan med	not other; non-other	
gzhan min	not other{BJ 38.1}; non-other	
gzhan mu stegs can	other Forder	
gzhan pa	other; another; something else	
gzhan pa'i don	meaning of something else	
gzhan phan gyi thabs	techniques of altruism	
gzhan phyogs	other quarters	
gzhan rig	other-knower	
gzhan rjes su 'dzin pas dga' ba	joy through taking care of others {T}	
gzhan rten can	having another basis	
gzhan sde rnams	other schools; other sects	
gzhan sel	other exclusion; other-eliminator; exclusion-of-the-other	
gzhan sems shes pa'i mngon shes	clairvoyance of knowing other's minds	
gzhan skye	production from other	
gzhan stong	emptiness-of-other; emptiness of the other	
gzhan yang	[other also]; furthermore; moreover; besides	
gzhan yin	is other; other; another	
gzhan zhig	another; some; other	
gzhi	cause | basis; ground; base; foundation; locus; bases; phenomenon	
gzhi 'bras ngo bo dbyer med	the undifferentiable entity of basis and effect	
gzhi 'ga' zhig	some bases{BJ 15.5}	
gzhi chos nyid	fundamental noumenon	
gzhi dag pa	pure basis	
gzhi dang bcas pa	with a basis; based; having a basis	
gzhi des na	on account of that basis; because of that basis	
gzhi gnas	topic; basis; base	
gzhi gnas dang ye shes yangs pa thob bya	attain calm abiding and extensive wisdom; {T} one should attain calm	
gzhi grub	established base; existent base	
gzhi ji bzhin pa	literal basis; actual base	
gzhi la bkar ba	if this is tied down to a basis{BJ 65.1}	
gzhi la mi mkhas	not wise with respect to the basis; not wise with respect to bases	
gzhi ldog	illustration isolate; illustration reverse; illustration-isolate	
gzhi ma	basis{N}	
gzhi mchog	supreme basis	
gzhi med	baseless; groundless	
gzhi med pa	baseless; groundless	
gzhi med pa la gnas pa	abide in baselessness; abide in the baseless	
gzhi mthun	common locus	
gzhi mthun mi srid pa'i chos	(1) it is different; (2) a phenomenon with which a common locus is	
gzhi mthun pa	common locus	
gzhi mthun par dmigs pa	an observed common locus between being an affirming negative othereliminator | observed as a common locus	
gzhi rnam shes	mind-basis-of-all	
gzhi rten	basis{Gön-chok}	
gzhi shes	knower of bases; knower of bases, exalted knower of bases	
gzhi yin pa	basis; being a basis; is a base; is a basis	
gzhi'i 'od gsal	the basic clear light	
gzhi'i lta ba	view of the basal state	
gzhi'i mtshan ma	cause of the basis	
gzhig	break down	
gzhig pa	break down; breaking down; destruction	
gzho	present	
gzhol	to flow {T}	
gzhol ba	inclined to; low-lying; gap	
gzhom	destruction	
gzhom med kyi sgra	invincible sound	
gzhom pa	destruction	
gzhon	young	
gzhon nu	a youth; young	
gzhon nu bum pa'i sku	encased in a young body	
gzhon nur gyur pa	is young; young	
gzhon pa	young	
gzhon sha can nyid	youthfulness; youthful; youth	
gzhug	1. indicates causative construction; 2. engage; apply; enter into; usher	
gzhug pa	cause; engage; enter into; usher into	
gzhug pa ldem dgongs	indirect intention of causing entry	
gzhugs pa la ldem por dgongs pa	intending entry [into the teaching]	
gzhun po	excellent	
gzhung	text; central; government	
gzhung brgya ldan	a hundred texts	
gzhung khrid	textual instruction	
gzhung khungs thub	reliable source	
gzhung lam	highway	
gzhung lugs	textual system; central text??	
gzhung pa pa	the bookish lineage; textual [lineage]	
gzhung phyi mo	model text{N}	
gzig	leopard	
gzigs	to look (at/in) | see (hon.); perceive; realize; to buy(hon.)	
gzigs pa	see(hon.); perceive; realize; to buy(hon.)	
gzim khyi	dog(hon.)	
gzim shag	home (hon.)	
gzims chung	house; dwelling	
gzir	to be pained	
gzir ba	to be tormented	
gzo	repay; remember; keep in mind	
gzo med par	without repaying; not remembering; not keeping in mind	
gzod	primordial; original; beginning; first; etc.; and so forth	
gzod ma	primordial; original; beginning; first; etc.; and so forth	
gzod ma nas zhi ba	primordial peace; primordial pacification	
gzod nas dag pa	primordial purity	
gzod nas stong zhing	primordial emptiness	
gzud pa	to insert; put in; admit {T}	
gzug	quarter share	
gzugs	body; shape | form; body; matter; the atomic; visible form	
gzugs 'das	past form{BJ 57.2}	
gzugs 'dzin dbang mngon	sense direct perceiver apprehending form	
gzugs 'dzin don rig yid mngon	mental direct perceiving object knower apprehending form{LG}	
gzugs 'dzin tshad ma	prime cognition apprehending form	
gzugs 'dzin yid mngon	mental direct perception apprehending form	
gzugs brnyan	reflection	
gzugs can	having form; form	
gzugs can gyi khams	form realm	
gzugs can ma yin pa	not having form; non-form	
gzugs can snying po	Gzugs-can-snying-po (Skt. Bimbisara)	
gzugs dang ba	clear form	
gzugs dang gzugs med pa	form and formless	
gzugs dwang ba	clear form	
gzugs dwang pa	clear form	
gzugs dwangs pa	clear form	
gzugs gang ci yang rung	whatever form; whatever is a form	
gzugs gang yin pa de ni ming tsam mo	whatever is a form is mere name; whatever is a form is merely nominal	
gzugs gzugs zhes pa'i sgra'i 'jug gzhi	"form's being the basis for affixing the term """"form"""""	
gzugs khams	form realm	
gzugs khams kyi lha	god of the Form Realm	
gzugs kyi khams	form-constituent	
gzugs kyi lha	form deity	
gzugs kyi ngo bo nyid bshad pa	explain the entityness of form	
gzugs kyi phung po	form aggregate	
gzugs kyi rnam par rig pa	ideation of form; form-ideation	
gzugs kyi sku	Form Body	
gzugs kyi sku yongs su grub pa	thorough establishment of a Form Body	
gzugs kyi skye mched	form sense-sphere	
gzugs kyi snang ba	appearance of form	
gzugs kyi stong pa nyid gang yin pa de ni gzugs ma yin no	whatever is the emptiness of form, that is not form	
gzugs la ni skye ba yang med 'gag pa yang med	form is neither produced nor ceased	
gzugs la sogs pa	form, etc.; forms and so forth	
gzugs la sogs pa yod pa nyid du bstan pa	form and so forth are indicated as existent	
gzugs la sogs pa yul lnga	the four objects, form, etc.	
gzugs la sogs zhes bya ba'i gzhi	"the bases, """"form and so forth"""""	
gzugs ma yin pa	formless; non-form	
gzugs mang ba	many forms; in many forms	
gzugs med bsam gtan	formless concentration	
gzugs med bzhi	four formless [absorptions]	
gzugs med kham	Formless Realm	
gzugs med khams	formless realm	
gzugs med khams kyi lha	god of the Formless Realm	
gzugs med kyi snyoms 'jug	formless absorption{N}	
gzugs med min	non-formless	
gzugs med pa	formless	
gzugs med pa'i snyoms 'jug	formless absorption	
gzugs med pa'i snyoms par 'jug pa	formless absorption	
gzugs med pa'i srid pa'i dga' ba	happiness of formless existence	
gzugs mo byi thur	porcupine	
gzugs na spyod pa	of the realm of form; belong to the sphere of form	
gzugs ni gzugs kyi ngo bo nyid kyis stong ngo	form is empty of form's entityness	
gzugs nyid	reflection; image; picture image	
gzugs nyid stong pa nyid stong pa nyid gzugs so	form is emptiness, emptiness is form	
gzugs phun sum tshogs pa	perfect form; sublime form	
gzugs rnam par 'byed pa	differentiation of form; differentiate form; separation of form	
gzugs rtag go	permenent form; form is permanent	
gzugs shes gang rung ma yin pa'i dngos po	a thing that is neither form nor consciousness	
gzugs sku	Form Body	
gzugs sogs rtog pa'i zhen gzhi yin pa	a form's being a referent of a conceptual consciousness	
gzugs sogs rtog pa'i zhen yul yin pa	a form's being a conceived object of a conceptual consciousness	
gzugs su brkod par rko ba	to draw; drawing; to engrave; engraved	
gzugs su gyur pa'i ldog pa rigs gcig pa	forms which are the same isolate type	
gzugs su gyur pa'i rdzas rigs gcig pa	forms which are the same type of substantial entity	
gzugs su rung ba	suitable as form	
gzugs yod pa	form; having form	
gzung	apprehend; identify{BJ 11.5}; hold; bear; grasp	
gzung 'dzin	subject and object [lit.: apprehended and apprehender]; apprehended	
gzung 'dzin grangs mnyam pa	Proponent of an Equal Number of Subjects and Objects	
gzung 'dzin rdzas tha dad du 'dzin pa	the conception of a difference of substantial entity between	
gzung 'os pa	suitable to be apprehended; suitable to be grasped {T}	
gzung ba	apprehended object	
gzung ba 'dzin pa'i ngo bo	entity of apprehended object and apprehending subject	
gzung ba dag dang 'dzin pa	apprehended object and apprehending subject	
gzung ba dang 'dzin pa	apprehended object and apprehending subject	
gzung ba dang 'dzin pa dag med pa'i mtshan nyid	the non-existent character of apprehended object and apprehending	
gzung ba dang 'dzin pa dang bral ba	free from apprehended object and apprehending subject	
gzung ba dang 'dzin par snang ba	appearance as apprehended object and apprehending subject	
gzung ba ma mchis pa	non-apprehension; non-apprehended object	
gzung ba med pa dang 'dzin pa med pa'i don	meaning without a object or subject; objectless and subjectless	
gzung ba med par	without an apprehended object	
gzung ba yi rnam par g.yeng ba	distraction of apprehended objects {T}	
gzung ba'i don	apprehended object	
gzung ba'i mtshan nyid	character of the apprehended object; characteristic of the apprehended	
gzung ba'i rdzas	subtantial existence of the apprehended object; {T} apprehended	
gzung bar	apprehended; which is apprehended	
gzung bar 'os pa	suitable to be apprehended; suitable to be grasped {T}	
gzung bar dka' ba	difficult to apprehend; difficult to grasp	
gzung bar gyur pa	is apprehended; which is apprehended; which is an apprehended object	
gzung bar snang ba	appearance as an apprehended object; appear as an apprehended object	
gzung dang 'dzin	apprehended object and apprehending subject	
gzung don	apprehended object; apprehended-object	
gzung du ma mchis	non-apprehension; non-grasping; non-identification	
gzung du med	non-apprehension; non-grasping; non-identification	
gzung du med pa	non-apprehension; non-grasping; non-identification	
gzung rnam	aspect of the apprehended object; that which has the aspect the	
gzung sla ba	easy to apprehend; easy to grasp	
gzung yul	object of apprehension	
gzungs	dhāraṇī; magical formulae	
gzungs kyi dbang phyug rgyal pos zhus pas mdo	The Questions of King Dhāraṇīśvara Sūtra{BJ 38.2}	
gzungs kyi sgo	dhāraṇī-door	
gzungs sgo	dhāraṇī-door	
ha cang	very	
ha cang thal ba	it would be very absurd{MSI 399.3}	
haM	[transliteration of Sanskrit word, haṃ, a syllable used in many	
ham	[connective particle:] or; and; but	
har	suddenly	
hrul ba	tattered	
hwa shang	Hwa-shang Mahayana (c. 800 ce)	
hyan tsang	Hsüan-tsang	
i ndra na'i la	[transliteration of Sanskrit word, indranīla]; sapphire	
in dra ni la	sapphire	
ja	tea	
je	particle indicating increase	
je cher	bigger	
je srab tu	thinner = weaken	
ji	what; how	
ji bzhin	[what-like]; just as; like; as	
ji bzhin ... med pa	not like; unlike	
ji bzhin du	just as; like; as	
ji bzhin min pa	not like; unlike	
ji bzhin nyid	thusness	
ji lta ba	the mode; law; how; ultimate truth; exactly; mode [of existence]	
ji lta ba bzhin	exactly; as it really is	
ji lta ba bzhin du	exactly; as it really is; in that way	
ji lta ba bzhin du yod pa nyid	exactly; as it really is	
ji lta ba gzigs pa'i ye shes	exalted knower of the mode	
ji lta ba ji bzhin du	exactly; as it really is	
ji lta ba mkhyen pa'i rnam mkhyen	an exalted knower of all aspects that knows the ultimate truth	
ji lta ba rtogs pa'i mkhyen pa	exalted knowledge realizing the mode of phenomena	
ji lta bar	the mode; law; how; ultimate truth; exactly; mode [of existence]	
ji lta bu	[what-like]; how; what	
ji lta zhe na	"when one asks how?"""", {T}"""""	
ji ltar	[what-like]; how; just as; what	
ji ltar 'di ltar	how is it that ...?{S 1}	
ji ltar 'dod bzhin	as one wishes	
ji ltar 'dod bzhin bstan	teach as one wishes	
ji ltar 'dod pa bzhin	as one wishes; as he/she wishes	
ji ltar 'dod pa bzhin du gnas	stay wherever he wishes	
ji ltar 'dod par skye ba	born according to one's wishes	
ji ltar ... 'di ltar	how is it that ...	
ji ltar brtags pa de ltar med	does not exist in the way it is imputed [to exist]	
ji ltar byung ba	history	
ji ltar bzhed pa bzhin	as one wishes	
ji ltar bzhed pa bzhin du	as one wishes	
ji ltar kun brtags pa de ltar med	that does not exist in the way it is imputed [to exist]	
ji ltar na	how, just as	
ji ltar rtogs pa'i chos rnam par bzhag pa	presentation of phenomena according to how they are realized {T}	
ji ltar snang ba	just as it appears; in the way it appears; as it appears	
ji ltar snang ba 'byung ba	occurs just as it appears; occurs in the way it appears	
ji ma ji bzhin pa'i	... which is just like	
ji skad du	as it is said ...	
ji skad du ... zhes bshad pa	as it is said	
ji skad du ... zhes gsungs pa	as it is said	
ji snyed	as much as; as great as; as many as; however much; however many	
ji snyed pa	varieties; the varieties [i.e. conventional truths]	
ji snyed pa gzigs pa'i ye shes	exalted knower of the varieties	
ji snyed pa mkhyen pa'i rnam mkhyen	an exalted knower of all aspects that knows conventional truths	
ji snyed pa rtogs pa'i mkhyen pa	exalted knowledge realizing the varieties of phenomena	
ji srid	[what-exist]; as long as	
ji srid du	as long as	
ji srid du ... de srid du	as long as ... for that long ...	
ji srid pa	as long as	
ji tsam	[what-only]; however much; as much as; as great as	
ji tsam du	for what reason; how is it that	
ji tsam gyis na	for what reason; how is it that{S}	
ji tsam zhig	how many?	
ji yang med pa	nothing whatever exists	
jig rten gyi phun sum tshogs pa mi 'dod pa	not desiring the marvels of the world {T}	
jo bo	lord, master | lord; master; Elder [i.e., Atīśa]	
jo bo rje	Elder [i.e., Atīśa]	
jo mo	goddess; lady	
jo nang pa	a now defunct Tibetan Buddhist school refuted by Dzong-ka-ba in the	
kA la tsa kra	Kālacakra [transliteration of the Sanskrit]; Wheel of Time	
kA ya	body [transliteration of the Sanskrit kāya]	
ka 'khor ba	[beginning of alphabet-cycle]; beginningless cyclic existence; cycling	
ka ba	pillar; column; pole; post	
ka bum gnyis	the two—pillar and pot	
ka bum; ka ba dang bum pa	pillar and pot, pillar-and-pot	
ka bzhi gdung brgyad ma	Ka-bzhi-gdung-brgyad-ma	
ka dag; ka nas dag pa	[beginning-pure]; essential purity; pure from the beginning; pure from	
ka kha	alphabet	
ka khol	pillar-hole	
ka ma la shI la	Kamalaśīla	
ka tshigs che mo	Ka tshigs chen mo, title of a historiographical work	
ka'i nye ba'i nyon mongs pa	secondary afflictive emotions	
kar sa pa na	kārṣapaṇa coin	
keng rus	skeleton	
keng rus kyi gzugs brnyan yid la byed pa	taking to mind the image of a skeleton	
kha	mouth; surface | mouth; opening; face; area; verb + kha or ka = about to (do something)	
kha 'bye	to blossom	
kha 'byed	open; blossom	
kha 'byes	open; blossom	
kha 'dzin	assistant	
kha 'thor ba	scattered	
kha ba	snow | bitter	
kha ba can	snowy; Tibet	
kha ba'i ro	bitter taste	
kha bye	[mouth-open]; to blossom	
kha bye ba	to blossom	
kha che	Kaṣmīr is dot under correct? slash in next item; Moslems; Kashmiri	
kha che bye brag smra ba	Kaśmīri Vaibhāṣika; Kaṣmīri Proponent(s) of the Great Exposition	
kha chems	testament	
kha cig	someone; some; a certain [person]	
kha cig na re	someone; some; a certain [person]	
kha cig tu	in some	
kha dog	colour | color	
kha dog dang dri dang ro dang reg bya	color, odor, taste, and tangible object	
kha dog du ma	many colors; many colored; multi-colored	
kha dog gcig tu	as one color; in one color	
kha dog gi gzugs	color-form; form that is a color	
kha dog kho rang	color itself	
kha dog la sogs pa rnam par 'gyur ba	changes/transformations in color and so forth	
kha dog phun sum tshogs pa	excellent color; fulfilment of color	
kha dog ser po	yellow color	
kha dog sna tshogs pa	variegated in color; having various colors	
kha dog sngon po	blue color; color blue	
kha dog yin na	if [something] is a color; whatever is a color	
kha lag	food	
kha ma	one who is about [to do something]	
kha mdog	complexion	
kha na	on	
kha na ma tho ba	unseemliness; fault; blemish; blame	
kha na ma tho ba dang bcas pa	involving unseemliness; faulty	
kha na ma tho ba med pa	without unseemliness; faultless; not involving unseemliness	
kha na ma tho ba med pa'i las can yin pa	having acitivities that are without unseemliness/fault	
kha na ma tho ba mi mnga' ba	without unseemliness; faultless; not involving unseemliness	
kha na ma tho ba phra rab tsam	even/just a slight unseemliness/fault	
kha na ma tho med yul	objects without unseemliness; areas without unseemliness	
kha nang	inwards; internal; inside	
kha nang bstan	facing inwards; directed inwards	
kha nang du bstan pa	facing inwards; directed inwards	
kha nang lta'i cha	factor directed inwards	
kha nang ltas kyi 'gros	type which is directed inwards	
kha phyir	outwards; directed outwards	
kha phyir bstan	facing outwards; directed outwards	
kha phyir bstan pa	directed outwards; facing outwards	
kha phyir lta'i cha	factor directed outwards	
kha phyir ltas kyi 'gros	type which is directed outwards	
kha rog pa	silent	
kha sa	yesterday	
kha sbyor	face to face in [sexual] union	
kha sbyor gyi lus	bodies [of god and goddess] face to face [in sexual union]	
kha sha	spotted deer	
kha shags	dispute; argue; use rough language	
kha skong ba	fill out [as in replacing a missing syllable in a line of poetry with an	
kha spos	move over	
kha spu	beard	
kha ton byang bar byas	learned recitation	
kha ton byed pa	perform recitation	
kha ton du	in recitation	
kha ton du bya	recite	
kha ton du'ang byed	do also in recitation	
kha tshon chod pa	limited; decided	
kha tshon gcod	make a decision; limit	
kha tshon gcod dka' bas dpyod pa'i sgo tsam bkod do	Since it is difficult to make a decision, [I] have stated just the	
kha zas	food | food; fare; foodstuff; provisions	
kha zas chung ngu 'tshal bar 'gyur	seek a litte food	
kha zas zhim po	delicious food	
kha zhe mi mthun pa	discordance of mouth and heart{TGP-77}	
khab	residence	
khab len rdo	lodestone	
khad pa	verb + la + khad pa = on the verge of (verb)	
kham gyi zas	morsels of food [i.e., ordinary food]	
khams	see 'khams | to faint away | realm; constituent; element; basic/essential constituent; disposition	
khams brtas byed	that which increases/improves the constituents; that which improves	
khams brtas pa	increase the constituents; improve the constituents; improve health	
khams bzang	good health	
khams dang skye mched	constituents and sense spheres; [eighteen] constituents and [twelve]	
khams du ma	manifold constituents	
khams gnyis rtas pa	increase/improve the two constituents; improve health	
khams gong ma	upper realm	
khams gsum	the three realms [i.e., desire realm ('dod khams, kāmadhātu), form	
khams gsum 'dus byas	compounded phenomena of the three realms	
khams gsum dag la	in the three realms	
khams gsum la bcings par gyur pa	bound in the three realms	
khams gsum ma lus pa las	from the entirety of the three realms	
khams gsum pa'i nyon mongs pa spong ba	abandon the afflictions/afflictive emotions of the three realms	
khams gsum po	all three realms	
khams gsum sa dgu	three realms and nine levels/grounds	
khams gsum thams cad kyi dbang po	lord of all three realms	
khams gzhan	other constituents	
khams la mkhas	skill in the constituents	
khams pa	faint	
khams rgyas pa	increase the constitution [as in increasing health]	
khams rtas pa	increase/improve the two constituents; improve health	
khams rtas par byed pa	increase the constituents; improve the constituents; improve health	
khams sna tshogs pa	various constituents	
khams tha dad pa	various constituents	
khang	house; building; dwelling; abode; domicile; habitation; structure	
khang bu	little house; room	
khang khyim	[house-home]; house; home; residence	
khang pa	house | house; building; dwelling; abode; domicile; habitation; structure	
khar	on, upon, after; in addition to	
khas 'che ba	claim	
khas blang	[by-mouth-take]; assert; accept; promise	
khas blang bar bya ba	that which is to be asserted/accepted/promised	
khas blangs	[by-mouth-take]; assert; accept; promise	
khas blangs pa	[by-mouth-take]; assert; accept; promise	
khas len	[by-mouth-take]; assert; accept; promise as noun: assertion	
khas len byed	make assertion/acceptance/promise	
khas len pa	[by-mouth-take]; assert; accept; promise as noun: assertion	
khas len pa med cing	without assertion/acceptance/promise	
khas mi len	[by-mouth-not-take]; not assert; not accept; not promise	
khas mi len pa	[by-mouth-not-take]; not assert; not accept; not promise	
khe spog	profit	
khebs	covering; veil; lid; affliction	
khebs pa	covering; veil; lid; affliction	
khegs	negate; refute; cease; stop	
khegs pa	negate; refute; cease; stop	
khem pa	a brief period	
khem pa gcig las med pa min te	it is not the case that it is not be more than one brief period{TGP-64}	
kheng po	stale	
khengs	see 'khengs | to be full	
khengs pa	haughtiness; arrogance; puffed up	
khengs pa dang bral ba	free of haughtiness; free of arrogance; free of being puffed up	
khengs pa med pa	without haugtiness; without arrogance; without being puffed up	
kho	he | he; she; it	
kho bo	I	
kho bos bris pa las shes par bya'o	These are to be known through/from my own writings	
kho bos bshad par bya	I will explain [this]	
kho cag	we	
kho ma	she	
kho mo	I	
kho na	only; just; sole	
kho na re ... zer na	if someone says...	
kho na zhes bya ba'i sgras nges par gzung ba	"delimited by the term """"only"""""	
kho pa	he	
kho rang	he, himself	
kho thag	to be certain	
khog che	of great intrinsic power	
khog pa	the inside; the trunk (of the body); the container	
khol phyung	extract; excerpt [from a text]	
khom	condition of leisure; leisure	
khom pa	condition of leisure; leisure	
khoms	familiar; familiarize; condition to; familiarization	
khoms pa'i lam	path of familiarization	
khon	enmity	
khon med	non-enmity	
khong	he, she; they | he (hon.); she (hon.)	
khong du chud	[inside-to-enter]; understand; internalize; realize; penetrate	
khong du chud cing	[inside-to-enter]; understand; internalize; realize; penetrate	
khong du chud pa	[inside-to-enter]; understand; internalize; realize; penetrate	
khong du chud pa ma yin	[inside-to-enter-not]; not understand; not understand fully; not	
khong du chud par 'dod pa	wish/desrie/want to understand/penetrate	
khong du chud par 'gyur	[inside-to-enter]; understand; internalize; realize; penetrate	
khong du chud par bgyi ba	[inside-to-enter-do]; understand; internalize; realize; penetrate	
khong du chud par bya ba	that which is to be understood/penetrated	
khong du chud par bya ste	that which is to be understood/penetrated; should be	
khong du chud par bya'o	it should be understood/penetrated	
khong du chud par byed la	cause to understand/penetrate	
khong du chud par byed pa	penetrate; understand; means of penetration; means of understanding	
khong du chud par dka' ba	hard to understand/penetrate/internalize/realize	
khong du ma chud pa	not understand/penetrate/realize/understand	
khong du song ba	gone within	
khong khro	anger	
khong khro ba	anger	
khong khro ba med pa	not angry; non-anger; without anger	
khong khro bar 'gyur	become angry	
khong khro dang yal bar 'dor dang nga rgyal	anger, neglect, and pride	
khong mdzangs	inner knowledge	
khong na 'dzin par byed	hold within	
khong nas	from within	
khong seng	inner cavern	
khongs su	in middle; within	
khongs su gtogs	included within	
khor ba las nges par 'byung ba; nges 'byung	definite emergence/deliverance/leaving from cyclic existence	
khor yug	surrounding area	
khor yug tu	in the surrounding area	
khra	falcon | sparrow hawk	
khra bo	mottled; variegated	
khra ma	"type of grain; quick """"60 day"""" barley"	
khrag	blood	
khrag 'thung	drinking blood	
khrag dang khu ba dang rlung	blood, semen, and wind	
khrag khrug	complicate, confused	
khrag lba	blood goiter	
khre log	to roll one's self; a rolling	
khre log log	an incessant rolling	
khregs	hardness	
khregs chod	break-through	
khrel	embarassment; shame; bashfulness	
khrel dang ldan	endowed with a sense of embarassment/shame	
khrel med	non-embarrassment; unabashedness	
khrel med pa	non-embarassment	
khrel yod pa	embarrasment	
khrel yod pa dang ngo tsha	embarassment and shame; sense of embarassment and sense of shame	
khri	ten thousand | throne; ten thousand	
khri srong lde btsan	Tri-s#ong-day-d#zen (king of Tibet, r. 755-797)	
khrid	to lead, conduct | lead; lead through; guide as noun: leader; instruction	
khrid pa	lead; lead through; guide as noun: leader; instruction	
khrid yig	[lead-letter]; manual of instruction(s)	
khrims	law | law; rule; ethics	
khrims 'chal	deviant ethics; non-ethical; immoral; ethically disordered	
khrims ldan	endowed with ethics	
khro	to be angry/wrathful; rage | belligerence	
khro ba	belligerence; wrathful; fierce	
khro ba bzod pa	withstand/bear/forbear/endure/tolerate belligerence/wrath	
khro ba can	belligerent; wrathful	
khro ba zil gnon	overwhlem belligerence; overwhelm wrathfulness	
khro bo	wrathful	
khro gnyer	frown	
khro gnyer can	Khro-gnyer-can (Skt. Bhrikuti)	
khrom	marketplace; market [in outdoor area]	
khron pa	well	
khros	see khro | to be angry/wrathful	
khros ma nag mo	Fierce Black Goddess	
khros pa	enraged; angered; wrathful; belligerent; hatred	
khrung khrung	crane	
khrus	bathing; ablution; wash; cleanse; ablute; become clean; be washed	
khrus byed pa	[wash-perform]; perform ablution; wash; ablute	
khu ba	regenerative fluid; semen	
khu byug	cuckoo	
khu khrag	[semen-blood]; semen and blood; initial embryo	
khu tshur	fist	
khug sna	mist	
khum	listen; hear; understand; realize	
khums	listen; hear; understand; realize	
khung	hole | darkness; obscurity; gloom	
khung bu	hole | [hole-small]; small hole	
khungs	source; source quote	
khur	burden; load	
khur 'dor ba	forsake a burden/load	
khur bor ba	leave/pur down a burden	
khur khyer ba	carry a burden/load	
khur mang	dandelion	
khur mi khyer ba	not carry a burden/load	
khwa ta	crow | magpie	
khyab	to be comprised (by) | entail; pervade; fill; embrace; cover over	
khyab 'brel	related pervasion	
khyab 'jug	Viṣṇu	
khyab 'jug pa	Vaiṣṇava; follower of Viṣṇu	
khyab bdag	[pervade-master]; pervasive sovereign	
khyab bya	that which is pervaded	
khyab byed	pervader	
khyab byed dang 'gal ba'i rang bzhin	nature contradictory with a pervader	
khyab byed du 'jug pa'i rang gi rigs yod pa can gyi chos	phenomenon which has a type engaging it as a pervader	
khyab byed kyi rlung	pervasive wind	
khyab byed ma dmigs pa	non-observation of a pervader	
khyab che ba'i skyon	fallacy of a entailment/pervasion that is too extensive	
khyab che chung	greater or smaller/entailment pervasion; extent of entailment/pervasion	
khyab ches ba	overly broad; too broad; too inclusive	
khyab chungs pa	too little pervasion; insufficinet entailment; too limited; too narrow	
khyab mtha'	boundaries of entailment/pervasion	
khyab pa	pervasion; entailment; fill; pervade; penetrate; cover over	
khyab pa 'du byed kyi sdug bsngal	pervasive suffering of conditioning; suffering of pervasive	
khyab pa khas	[you] have asserted entailment/pervasion; the entailment/pervasion has	
khyab pa khas blangs pa red	[you] have asserted entailment/pervasion; the entailment/pervasion has	
khyab pa ma byung	the pervasion/entailment does not exist; there is no	
khyab pa phyin ci log	perverse entailment/pervasion; mistaken entailment/pervasion	
khyab pa rnal ma	normative entailment/pervasion; natural entailment/pervasion	
khyab pa'i dmigs pa	pervasive objects of observation	
khyab par byas nas	having pervaded/filled/penetrated/covered over	
khyab par byed	pervade/fill/penetrate/cover over	
khyab ste	there is entailment/pervasion [because...]	
khyad	difference | distinguishing feature; feature; distinctive feature; attribute; particular	
khyad 'phags	superior; exalted; enhanced; distinguished	
khyad bar la kun btags pa'i kun btags su gyur pa'i ngo bo nyid la kun btags pa	imputation of just the entity that is an imputation of attribute	
khyad chos	distinguishing feature; feature; distinctive feature; attribute; particular	
khyad chos brjod pa'i sgra	term expressing an attribute	
khyad chos gcig pu	unique distinguishing feature	
khyad du 'phags pas	is distinguished; is elevated; is superior to	
khyad du bsad	despise; not care about	
khyad du gsod pa	despise; contemn	
khyad gzhi	[attribute-basis]; substratum; basis of qualities	
khyad gzhi brjod pa'i sgra	term expressing a substratum	
khyad gzhi khyad chos sbyar ba	aassociate substratum and attribute; predication	
khyad med	without difference/distinction	
khyad par	difference | attribute; feature; qualification; particular; distinction; distinguishing	
khyad par 'dogs pa yongs su tshol ba	thorough investigation/examination/research of the designation of	
khyad par 'gro	enhance; become distinguished/distinctive	
khyad par 'phags	superior; exalted; enhanced; distinguished; more distinguished	
khyad par 'phags pa	superior; exalted; enhanced; distinguished; more distinguished	
khyad par can	[particular-possessing]; special; distinctive; extraordinary	
khyad par can gyi snang bas	by means of a special appearance	
khyad par cha mthun	concordant with enhancement	
khyad par dag pa pa	free of qualification	
khyad par dag pa pa'i rang bzhin gyi rtags yang dag	correct nature sign free of qualification	
khyad par du	in particular | in particular; especially	
khyad par du 'gro	enhance; become distinguished	
khyad par du 'gro ba	enhance; become distinguished	
khyad par du 'gyur ba	become distinctive	
khyad par du 'phags	superior; exalted; enhanced; distinguished; more distinguished	
khyad par du 'phags pa	superior; exalted; enhanced; distinguished; more distinguished	
khyad par du byas pa	qualified/enhanced [by]	
khyad par du rtogs pa	special realization	
khyad par gdags pa yongs su tshol ba	thorough investigation/examination/research of the designation of	
khyad par gyi chos	attribute; feature; qualification; particular; distinction; distinguishing	
khyad par gyi dga' ba	special joy	
khyad par gyi rgyu med pa	without a distinguishing cause	
khyad par gyi tshul can	having a distinctive mode	
khyad par gzhan spongs	eliminate other features/distinctions/characteristics	
khyad par la kun btags pa'i kun btags su gyur pa'i bye brag la kun btags pa	imputation of a particular that is an imputation of attribute	
khyad par la rnam par rtog pa	conceptualization of differences/features/distinctiveness	
khyad par ltos pa pa	involving a qualification	
khyad par ltos pa pa'i rang bzhin gyi rtags yang dag	correct nature sign involving a qualification	
khyad par med	without difference; without distinction	
khyad par med pa nyid	non-difference; non-distinction	
khyad par med par	without difference; without distinction	
khyad par mi 'dra ba phye	distinguish the different features	
khyad par phyi ma phyi ma	latter features/distinctions/differences	
khyad par rtogs pa	special realization	
khyad par sbyar ba	affix a qualification	
khyad zhugs	superior; more distinguished; superiority	
khyad zhugs par byed pa	enhance; make more distinguished; make superior	
khyams	courtyard; hall	
khye'u	boy | boy; youth; children	
khyed	you | you (hon.)	
khyed rang	you | you (hon.)	
khyed rang tsho	you (hon. pl.)	
khyer	see 'khyer | to carry, to carry away; to hold, to keep	
khyer 'khos	ability to bear; capacity to do so	
khyer ba	carry; bear; bring	
khyi	dog	
khyi ma	western channel at the heart	
khyi mo	bitch	
khyim	house | home; house	
khyim bdag	householder	
khyim bya	house bird	
khyim du	at home	
khyim med pa	homelessness; homeless	
khyim mtshes	neighbour	
khyim pa	householder	
khyim pa dang rab tu byung ba	householders and those who have left the household (i.e., monastics)	
khyim par gyur	became a householder; householder	
khyim so	household	
khyim thab	house and hearth	
khyo	husband, man	
khyo bzang	good husband	
khyod	you | you; it	
khyod chos dang tha dad gang zhig de ldog stobs kyis khyod ldog dgos	(1) it is different from phenomenon and (2) it must cease through the	
khyod de dang tha dad gang zhig khyod de las byung ba	(1) it is different from that and (2) it has arisen from that	
khyod don dam pa yang yin chos bdag med pas rab tu phye ba	(1) it is ultimate and (2) it is thoroughly distinguished by [being] the	
khyod kyi yin pa med pa	being it does not exist; its occurrence does not exist	
khyod kyi yin pa yod pa	being it exists; its occurrence exists	
khyod kyis	by you; you	
khyod tha dad kyang yin/ gzhi mthun mi srid pa'i chos	phenomena (1) that are different and (2) a common locus is impossible	
khyu	flock	
khyu mchog	supreme bull; king bull [used also to refer to a leader of humans]	
khyu mchog tu 'gyur ba	supreme bull; king bull [used also to refer to a leader of humans]	
khyung rin chen grags	Kyung-rin-chen-drak [c.1150 - 1200; a disciple of Cha-b#a Chö-g#yis#	
khyung tsha dpal 'dren	Khyung-cha Dpal-'dren	
kla klo	barbarian	
kla klo skye bo	barbarian person	
klad kor	zero	
klad pa	brain	
klan ka	censure; fault; finding fault; objection	
klan ka yongs su spang bar bya ba'i phyir	in order to thoroughly overcome objections	
klan ka'i skabs mchis pa	provides an opportunity for assessment of censure; provides an	
klog	to read | read out loud; read out	
klog pa	read; read out	
klog tu gzhug par	cause to read out	
klong	expanse; sphere	
klong chen	great expanse; great sphere	
klong chen pa; klong chen pa dri med 'od zer	L#ong-chen-b#a (1308-1363, a central N#ying-ma [rnying ma]	
klu	serpent; snake; dragon	
klu bdud	nāga demon; nāga spirit	
klu brgyad mkhan	Klu-brgyad-mkhan	
klu btsan	nāga emperior; violent nāga spirit; king spirit	
klu dbang	lord of serpents	
klu rgyal	Klu-rgyal	
klu sgrub	Nāgārjuna [expounder of the Mādhyamika school]	
klu srin	serpent spirit; serpent vermin spirit	
klu'i dbang po'i sgra	roar of the nāga lord	
klu'i rgyal po ma dros pas zhus pa'i mdo	Questions of Anavatapta, King of the Nāgas, Sūtra [P823, vol. 33]	
klu'i rgyal po rgya mtshos zhus pa'i mdo	Questions of Sāgara, King of the Nāgas, Sūtra [P820, vol. 33]	
klubs pa	wear; adorn	
klung	river valley	
klung gi rgyun	current of a river; continuum of a river; river	
klung la rnag	pus-river	
ko	still again; still	
ko gru	leather boat	
ko sa la	Ko-sa-la (Skt. Kosala)	
kong sprul bol gros mtha' yas	"G#ong-d#rül L#o-drö-ta-yay [author of """"the Encyclopedia"""" (theg pa'i"	
kri yA; kri ya	transliteration of Sanskrit kriyā [action; Action Tantra]	
kri ya; kri yA	transliteration of Sanskrit kriyā [action; Action Tantra]	
kun	all, everyone; all | all; complete; entire; whole; total; entirety; thorough	
kun 'byung	source; origination	
kun 'byung ba'i bden pa; kun 'byung bden pa; kun 'byung gi bden pa	true sources/origins; truth of sources/origins [the second of the four	
kun 'byung ba'i don rnam pa gsum	three aspects of the meaning of soure/origin/origination	
kun 'byung ba; kun 'byung	source; origin; origination	
kun 'byung bden pa; kun 'byung gi bden pa	true sources/origins; truth of sources/origins [the second of the four	
kun 'byung gi bden pa; kun 'byung bden pa	true sources/origins; truth of sources/origins [the second of the four	
kun 'dri	question	
kun 'dus	[all-assemble]; compendium; composite	
kun 'dzin	thoroughly holding onto; miserliness	
kun 'dzin pa'i rgyu	cause of thoroughly holding onto; cause of miserliness	
kun 'gro bdag nyid	that which has an omnipresent nature	
kun 'gro lnga	the 5 omnipresent [mental factors]; the 5 omnipresent [mental] factors	
kun 'gro'i rgyu	omnipresent cause	
kun 'gro; kun tu 'gro ba	omnipresent; all-pervading; omnipresent factor; omnipresent mental	
kun brtags	imputational [nature]; imputation; artificial; acquired; imputational	
kun brtags pa	imputational [nature]; imputation; artificial; acquired; imputational	
kun brtags pa la sogs pa'i ngo bo nyid gsum	the three natures—imputational and so forth [i.e., other-powered and	
kun brtags pa'i bdag med	non-existence of the imputed self	
kun brtags pa'i chos med pa	non-existence of imputational phenomena; non-existence of imputed	
kun brtags pa'i chos thams cad	all imputational phenomena; all imaginary phenomena	
kun brtags pa'i gang zag med pa	non-existence of the imputed person	
kun brtags pa'i gzugs	imputational form	
kun brtags pa'i mtshan nyid	imputational character; imaginary character	
kun brtags pa'i mtshan nyid kyi gnas	foundations of imputational characters	
kun brtags pa'i ngo bo nyid	imputational nature; imaginary nature	
kun bsdums pa	putting all together; bring together; make agree; conciliate	
kun bsdus pa	summary; compendium	
kun btags	thoroughly imputed; imaginary; imputed; imputational factor	
kun btags kyi mtshan nyid	imputational character; imaginary character	
kun btags kyi ngo bo nyid	imputational nature; imaginary nature	
kun btags kyi rang bzhin	imputational nature; imaginary nature	
kun btags pa'i chos	imputed phenomenon; imaginary phenomenon	
kun btags pa'i ma rig pa	artificial ignorance; acquired ignorance; imputed ignorance	
kun btags pa'i mtshan nyid	imputational character; imaginary character	
kun btags pa'i rang bzhin	imputational nature; imaginary nature	
kun btus	group; collect; summary; compendium; [Asaṅga's] Summary [of	
kun bzang; kun tu bzang po	thoroughly good; Samantabhadra [name of Bodhisattva; in N#ying-ma,	
kun chub par bya ba	understand all; realize all	
kun chub par byed	understand all; realize all	
kun da	kunda [transliteration of Sanskrit word for jasmine]; jasmine	
kun dga' bo	Kun-dga'-bo (Skt. Ananda)	
kun dga' ra ba	copse | pleasure grove	
kun dga' ra ba phun sum tshogs pa	excellent garden; marvelous garden; perfect garden	
kun dga' snying po	Ānandagarbha	
kun dga'i sgra	sound of joy	
kun dkris; dkun nas dkris pa na	thorough entanglement; entanglement	
kun du	in all ways; [with negative] in any way	
kun gtong	give away all	
kun gtong ba	giving away all	
kun gyi don 'grub byed	accomplishing/achieving/establishing the welfare of all	
kun gzhi	basis-of-all | basis of all	
kun gzhi rnam par shes pa; kun gzhi rnam shes	mind-basis-of-all	
kun gzhi rnam shes; kun gzhi rnam par shes pa	mind-basis-of-all	
kun la	to all; in all places; in every way; at all times	
kun las	from all; in all ways	
kun las 'das	passed beyond all; completely transcended; passed beyond; is beyond	
kun las btus pa	group; collect; summary; compendium; abbreviated title of Asaṅga's	
kun mkhyen	the Omniscient One | omniscient; all-knowing; omniscient one; all-knowing one	
kun mkhyen bu ram shing pa	The Omniscient Sugar-Cane One	
kun mkhyen nyid	omniscience; all-knowingness	
kun nas	perfectly; everywhere | [all-from]; completely; thoroughly; complete; in every way	
kun nas bslang ba	motivate; ask; beg; collect; gather; raise; cause to rise; inspire; excite	
kun nas byung ba ma mchis pa	no arising; non-arising	
kun nas dga' ba	surpassingly lovely	
kun nas dkris pa; kun dkris	entanglement; thorough entanglement	
kun nas ldang ba	rise up; get up; flow; suffice	
kun nas mdzes pa	beautiful in every way	
kun nas mi ldang ba	rise up; get up; flow; suffice	
kun nas mnar	thoroughly harm/torture/torment	
kun nas mnar sems byed de	have harmful intent	
kun nas mnar sems kyi sems	attitude of harmful intent	
kun nas nyon mongs can; kun nas nyon mongs pa can	that which has thoroughly affliction; that which is thoroughly afflicted	
kun nas nyon mongs gnyen po	antidote to thorough afflictions	
kun nas nyon mongs gzung rtog	conception of thoroughly afflicted objects	
kun nas nyon mongs kyi chos	thoroughly afflicted phenomena	
kun nas nyon mongs kyi dmigs pa	object of observation of a thorough affliction	
kun nas nyon mongs med rnam dag	unafflicted purity	
kun nas nyon mongs pa bsal	eradicate/remove/clear away/eliminate/avoid/exclude affliction	
kun nas nyon mongs pa bstan pa	indicating thorough affliction	
kun nas nyon mongs pa can; kun nas nyon mongs can	that which has thoroughly affliction; that which is thoroughly afflicted	
kun nas nyon mongs pa dang rnam par byang ba	the afflicted and the pure; afflictions and purifications	
kun nas nyon mongs pa dang rnam par byang ba dag	spheres of the afflicted and the purified; the afflicted and the purified	
kun nas nyon mongs pa dang rnam par byang ba mi lta ba	not viewing the afflicted and the purified	
kun nas nyon mongs pa dang rnam par byang ba tha dad par nga rgyal med pa	without the pride/conceit [thinking] that the afflicted and the purified	
kun nas nyon mongs pa dang rnam par byang ba yang dag par ston pa	teaching the afflicted and the purified; teaching on afflictions and	
kun nas nyon mongs pa dang rnam par byang ba yongs su tshol ba	thorough investigation/examination/research of the afflicted and the	
kun nas nyon mongs pa dang rnam par byang ba'i mtshan nyid	characters of the afflicted and the purified	
kun nas nyon mongs pa dang rnam par dag pa ma yin pa'i don	object/meaning that is neither afflicted nor purified	
kun nas nyon mongs pa las ldog pas	due to turning away from afflictions	
kun nas nyon mongs pa ma yin pa	non-affliction	
kun nas nyon mongs pa med pa	without affliction; non-afflicted	
kun nas nyon mongs pa med pa'i yan lag	unafflicted branch; branch of the unafflicted	
kun nas nyon mongs pa med par mos pa	belief/interest/zeal in/being keen for the absence of afflictions	
kun nas nyon mongs pa med par sgrub pa'i rnam pa	aspect of achieving non-affliction; aspect of achieving the absence of	
kun nas nyon mongs pa med par yongs su longs spyod pa	unafflicted thorough enjoyment; partaking without affliction	
kun nas nyon mongs pa rjes su bsrung ba	protect/guard/keep/maintain/preserve/safeguard against thorough	
kun nas nyon mongs pa spang bar bya ba	afflicted objects to be abandoned	
kun nas nyon mongs pa spangs pa	state of having abandoned afflictions	
kun nas nyon mongs pa yang med	without affliction	
kun nas nyon mongs pa'i chos	thoroughly afflicted phenomenon	
kun nas nyon mongs pa'i mtshan nyid	character of the afflicted	
kun nas nyon mongs pa'i nad kyi gnyen po	antidote to the disease of the afflictions	
kun nas nyon mongs pa'i phyogs	sphere of the afflicted; afflicted quarter; class of thorough afflictions	
kun nas nyon mongs pa'i phyogs 'gag pa	ceasing the sphere of the afflicted; ceasing the afflicted quarter; ceasing	
kun nas nyon mongs pa'i rgyu	cause of thorough affliction	
kun nas nyon mongs pa; kun nas nyon mongs	thoroughly afflicted	
kun nas nyon mongs par 'gyur pa	will be afflicted	
kun nas nyon mongs shin tu grol	complete freedom from afflictions; complete release from the	
kun nas nyon mongs; kun nas nyon mongs pa	thoroughly afflicted; thorough affliction	
kun nas slong	motivate; ask; beg; collect; gather; raise; cause to rise; inspire; excite	
kun nas slong ba po	one who	
kun nas slong ba'i thabs	means of raising up/motivating/urging on	
kun nas slong ba; kun slong	motivation; ask; beg; collect; gather; raise; cause to rise; inspire	
kun nas slong bar mi bgyid pa	does not ask/beg/collect/gather/raise/inspire/excite/arouse/cause to	
kun nas snang ba	thoroughly illuminate/appear/shine	
kun nyon mongs rnam par byang	purify thorough afflictions	
kun nyon mongs; kun nas nyon mongs pa	thoroughly afflicted; afflictive emotion; thorough affliction; affliction	
kun rdzob	conventional [truth]; concealer [truth]; relative [truth]; concealer	
kun rdzob bden pa; kun rdzob kyi bden pa	conventional truth; truth-for-a-concealer; concealer-truth; relative truth	
kun rdzob byang chub kyi sems	conventional mind of enlightenment; conventional mind [directed]	
kun rdzob dang don dam pa	conventional and ultimate	
kun rdzob kyi bden pa nyid	conventional truth itself; concealer-truth itself	
kun rdzob kyi rtog pa	conventional conception; conventional conceptual consciousness	
kun rdzob nyid	just a conventionality	
kun rdzob pa'i chos can	conventional subjects	
kun rdzob sems bskyed	conventional mind generation; conventional mind-generation	
kun rdzob tsam	mere conventionalities	
kun rdzob tu	conventionally	
kun rdzob tu brjod	expressed as conventionalities; conventionally express/verbalize	
kun rdzob tu yod pa	conventionally exist/existence/existent	
kun rdzogs	thorough fulfillment/completion/finishing	
kun rtogs pa	thoroughly realize; realize all	
kun sbyong ba	thorough purification/cleansing/washing/practicing/training/cleaning	
kun sbyor	thorough enwrapment	
kun shes pa dang ldan pa	endowed with all-knowingness	
kun shes pa; kun shes	all-knowingness	
kun shes; kun shes pa	all-knowingness	
kun slong	motivation	
kun slong ba dang bcas pa'i ngag gis	through speech together with motivation	
kun song; kun tu song; kun tu song ba	gone everywhere; omnipresent; all-pervasive	
kun spyod	behavior; habit; life-style	
kun tshol ba	thorough investigation/examination/search	
kun tu	all around; completely; through | in all ways; everywhere; always; at all times; in every way; entirely	
kun tu 'byin	issue forth	
kun tu 'byung ba; kun 'byung	origination; origin; arising; source	
kun tu 'dren pa	thoroughly lead	
kun tu 'dres pa	thoroughly mixed/conflated/blended	
kun tu 'dzin pa	thorough grasping; thorough apprehension	
kun tu 'joms pa	thoroughly conquered; thoroughly destroyed; thoroughly wrecked	
kun tu 'khrugs pa	thoroughly disturbed	
kun tu 'od	Completely Radiant	
kun tu bcom dkar po'i chos rnams	all-conquering wholesome doctrines/practices	
kun tu bsag	thoroughly accumulate/collect	
kun tu bsags	thoroughly accumulate/collect	
kun tu bsags pa	thoroughly accumulated/collected	
kun tu bskyed pa	production; arising; generation; engendering	
kun tu bskyod	thoroughly move; completely cause to go	
kun tu bsrung bar byed pa	thoroughly protect/guard/keep/safeguard/maintain/preserve [e.g., vows	
kun tu bstan pa	thoroughly teach; thoroughly show; thoroughly demonstrate	
kun tu btsal	thoroughly seek/ search/ examine/ analyze/ investigate	
kun tu bzang po; kun bzang	Samantabhadra [p.n. of a Bodhisattva]; thoroughly good; the	
kun tu bzod	patience/forbearance/tolerance/endurance in all [situations]; thoroughly	
kun tu chad pa dge ba'i rtsa ba	roots of virtue completely severed/annihilated	
kun tu dngang bar 'gyur ba	become thoroughly terrified/fearful/paniced; is terrified/fearful/paniced	
kun tu gsog	thoroughly accumulate/collect	
kun tu gsogs	thoroughly accumulate/collect	
kun tu khebs par mdzad nas	having completely covered	
kun tu rgyu ba	wanderer; moving; wandering	
kun tu rgyu ste	move; wander; go	
kun tu rmongs pa'i sa bon	seeds of obscuration	
kun tu rmongs pa; kun rmongs; kun rmongs pa	thorough obscuration; ignorance; delusion	
kun tu rtog pa	conceptuality; thorough conceptualization; imputed; imputational	
kun tu rtog pa las byung	arisen from conceptuality; arisen from conceptualization; arisen from	
kun tu rtog pa tsam	imputation-only; conceptualization-only	
kun tu rtogs pa	thorough realization; thoroughly realize	
kun tu rtogs par bya ba	is to be thoroughly realized; that which is to be thoroughly realized	
kun tu sbyar	thoroughly join together; unite; practice; apply; affix; entanglement	
kun tu sbyor ba	thoroughly join together; unite; practice; apply; affix; entanglement	
kun tu sbyor bar byed	thoroughly join together; unite; practice; apply; affix; entanglement	
kun tu sdud pa	combined; comprised; combination; summary; thorough inclusion	
kun tu shes	thoroughly know/understand/comprehend	
kun tu shes pa	thoroughly know/understand/comprehend	
kun tu shes par bya ba	that which is to be thoroughly known/understood/comprehended	
kun tu shes par byed	thoroughly know/understand/comprehend	
kun tu skrag	thoroughly fear; be terrified; be frightened	
kun tu skyed par byed	thoroughly produce; thoroughly generate; thoroughly engender	
kun tu skyo ba	thoroughly despondent; thoroughly sad; thoroughly depressed	
kun tu snang	appears; is beheld; appear bright; thoroughly illuminate	
kun tu snang ba	thorough illumination	
kun tu snang bar byas nas	having appeared everywhere; having illuminated everywhere	
kun tu song; kun song; kun tu song ba	[all-to-go]; all-pervasive; omnipresent; go everywhere	
kun tu spyod	thoroughly enjoy; thoroughly make use of; thoroughly partake of	
kun tu spyod pa; kun spyod	enjoyment; usage; behavior; life-style; partaking	
kun tu ston pa	thoroughly teach; thoroughly show; thoroughly demonstrate	
kun tu tshim pa skye	generate thorough satisfaction	
kun tu zhum	become thoroughly slack/weak/timid/cowardly	
kun tu zhum pa	become thoroughly slack/weak/timid/cowardly	
kun tu zhum par 'gyur	become thoroughly slack/weak/timid/cowardly	
kwa ye	Oh! Alas!	
kyang	but; even; also; however; nevertheless; although	
kye	Oh! Alas! | [vocative; form of address] O!; hey!	
kye ma	Oh! Alas! | alas!	
kye ma'o	alas!	
kye rgyal ba'i sras dag 'di lta ste	O Conqueror Children, it is thus:	
kye'i rdo rje zhes bya ba rgyud kyi rgyal po	Hevajranāmatantrarāja [title of a Highest Yoga Tantra, P10, vol. 1]	
kyi	[as genitive particle] of; by; in; which [as non-case particle] and; but	
kyi hud	Oh!	
kyi mngon rtogs	a Bodhisattva's clear realizer that serves as the passageway opening the	
kyi ngos nas grub pa	that which, not merely imputed by terms or thought, is established	
kyi rig pa	a knower that is the main direct producer of a direct perception	
kyis	[as instrumental particle] by; by means of; with; because; through [as	
la	mountain pass | (1) [accusative, adverbial accusative, dative, and locative particle:] to	
la 'ur	quickly	
la brten nas	in dependence upon ...	
la gnas	abide in	
la gnas nas	having abided in	
la la	some; several	
la phug	the leaves of a big white radish	
la sogs pa	etc.; and so forth	 [Hopkins]: etc.
la zlo ba	[non-conceptual] immersion; total immersion	
la'u i ba	Lūhipāda [p.n.]	
la'u i pa	Lūhipāda [p.n.]	
lab	gossip	
lag bcud che	excellent housewife	
lag cha	tool(s)	
lag mthil	the palm of the hand	
lag na rdo rje	Vajrapāṇi [p.n. of a Tantric deity] {T}	
lag ngar	forearm{VM}	
lag pa	hand, arm | hand; arm; arms	
lag pa gnyis	both hands; both arms	
lag pa'i mthil	the palm of the hand	
lag rjes	imprint	
lags	to be; dear | [polite affix to names and titles; term of address or reference]; be; is	
lam	road, way | path; path consciousness; way; road; course; [connective particle:] and	
lam bden	true path{N}; truth of the path; true paths	
lam bden pa	true paths	
lam bsgom pa	cultivate/meditate on a path	
lam bsgoms pa	cultivate/meditate on a path	
lam chad pa	cut off the path	
lam gcod pa	cut off the path	
lam gsum	three paths	
lam gyi 'od gsal	the path clear light	
lam gyi bden	true paths; truth of the path	
lam gyi bden pa	true paths; truth of the path	
lam gyi bye brag	particulars of the path	
lam gyi dam pa	excellent path; highest path	
lam gyi dgag bya	object of negation by the path{N}	
lam gyi dmigs pa yin pa	is an object of observation of the path	
lam gyi rang bzhin	nature of the path; inherent existence of the path	
lam gyi rgyun bcad	severing/cutting the continuum of the path	
lam gyi rnam pa shes pa nyid	knowledge of the path; cognition of the path	
lam gyi rnam pa thams cad	all types of paths	
lam gyi sgrib pa	obstructions of the path	
lam gyi sku gsum	the three path bodies	
lam gyi yan lag	branch(es) of the path	
lam gyi yan lag rnam par brgyad	eight branches of the path	
lam gyis	suddenly; momentarily; immediately	
lam ka	one on the/a path	
lam kha	road	
lam log par mchis pa	mistaken path; is a mistaken path	
lam log par zhugs pa	enter on a mistaken path	
lam min	non-path; not a path	
lam myur ba'i khyad par	the feature of greater speed in the path	
lam po che	great path; great road	
lam rgyun mi gcod pa	not severed/cut the continuum of the path	
lam rim	stages of the path{N}	
lam rjes shes	subsequent cognizer of the path{Gön-chok}	
lam rnam pa gnyis	two kinds of paths	
lam sgron	Atāśa's Lamp for the Path to Enlightenment	
lam shes	knower of paths; path consciousness	
lam shes nyid	knower of paths; path consciousness; knowledge of paths	
lam shes pa dang yongs su byang ba shes pa	path consciousness and completely purified consciousness	
lam spyad pa	practice the path	
lam ste	suddenly; momentarily; immediately	
lam thun mong	common path; shared path	
lam zhugs	one who has entered the path	
lan	time, turn | answer; repayment; reply; times; time	
lan 'debs	give an answer; answers given	
lan 'debs pa	give an answer; answer given	
lan 'ga'	sometimes	
lan btab	answers given{BJ 41.4}	
lan bya ba'i phyir	because of answering; in order to answer	
lan byed	reply; answer	
lan cig	one time	
lan cig ma yin	not just once	
lan cig ma yin pa	not just once	
lan cig phyir mi ldog pa	lit. one who does not come back again (Skt. anāgāmin)	
lan don du gnyer ba	seek an answer	
lan du phan 'dogs pa	refute; solution; avoid; repel; exclude	
lan du phan 'dogs yin	refute; solution; avoid; repel; exclude	
lan gcig phyir 'ong	Once Returner	
lan gdab pa	give an answer; answers given	
lan mang du byed pa dang ldan pa	do many times; perform many times	
lan mang po	many times	
lan mdzad	give an answer{BJ 34.7}	
lan mngon par mi 'dod pa	not wish to directly answer	
lan tsha	salt	
lan tsha ba	salty{D1}	
lan tshwa ba	salty	
lan tu ston pas	in answer [to this question], the Teacher said: ...{Jang 278}	
lang	to rise, stand up | cow	
lang 'tsho	youth	
lang gi rjes	cow's footprint	
lang kar gshegs pa	The Descent into Laṅkā Sūtra, P. 775, vol. 29	
lang kar gshegs pa'i mdo	The Descent into Laṅkā Sūtra, P. 775, vol. 29	
lang tsho	youth	
langs	see lang | to rise, stand up	
lar	but	
las	work; (previous) action (Skt. karman) | action; act; deed; predisposition (established by a deed); work | action; karma	 [Hopkins]: action
las 'bras	effect(s) of action(s); action(s) and effect(s)	
las 'das pa	pass beyond; transcend	
las bdag gir bya ba	one's object of action	
las brtsams te	beginning with	
las brtsams zhing	beginning with	
las bskos	fate	
las byas pa	perform actions; do	
las byed	perform actions; do	
las byed pa	perform actions; do	
las byed pa'i mi	agent; doer	
las byung ba	arisen from; arises from; occurs due to; practice (of)	
las can	having action/karma; active	
las dang ngo bo nyid kyis	through action and entity; by way of action and entity	
las dang po ba	[deed-first-done]; a beginner; novice	
las dang po ba tsam gyi yid byed	mental contemplation of a mere beginner	
las dang po pa	[deed-first-done]; a beginner	
las dang po pa tsam gyi yid byed	mental contemplation of a mere beginner	
las dang po pa'i rnal 'byor pa	yogi who is a beginner	
las gsum rnam par dag	purity of the three actions; three pure actions {T}	
las gzhan mi byed	not become other than; non-transformation; non-alteration	
las ka	work	
las khungs	office	
las kyang yod las kyi rnam par smin pa yang yod kyi	even though actions exist, the fruitions of actions also exist	
las kyi dbang gis	by the power of actions/karma	
las kyi dbang gis 'dod pa'i gnas su skye ba	arise as abiding of desire through the power of actions/karma	
las kyi dbye ba	divisions of action/karma; karmic distinctions	
las kyi dor	discarding of action/karma; casting out of action/karma	
las kyi gnas	abode/place of action/karma	
las kyi khyad par	attribute of action; feature of action	
las kyi lam	path of action	
las kyi mtha'	extreme of action; limit of action	
las kyi phyag rgya	action seal	
las kyi rnam par smin pa	fruition of actions/karma; ripening of actions/karma	
las kyi rnam par smin pa mtshungs pa	similar fruition of karma	
las kyi sgrib pa	obstructions of actions; karmic obstructions	
las kyi snying po can	having the essence of action	
las kyis byas pa	made by action/karma; produced by action/karma	
las la dbang ba	power over action {T}	
las lam	path of actions{N}	
las ldog cing	reversed from; opposite from; desist from	
las log pa	opposite from	
las mtshan nyid sgrub dgos	must achieve the characteristic of action {T}	
las ni ngo bo sna tshogs pa	action has various entities {T}	
las nyid pa	activeness; karmic	
las phun sum tshogs pa	perfect action; marvellous action; complete action	
las rgya	Action Seal	
las rgyal mchog	supreme king of actions	
las ring du gyur pa	is far from	
las rnam gsum po	three types of action/karma	
las rnam pa drug gi don	meaning of the six types of action {T}	
las sgrib	karmic obstruction	
las sla po	easy	
las su bya ba	object	
las su bya ba'i sgra	accusative case	
las su rung	be serviceable; become serviceable	
las su rung ba	be serviceable; become serviceable	
las su rung ba nyid	serviceability	
las su rung nas	... having become serviceable ...	
las tshogs	collections of activities	
las yang dag par 'das pa	pass completely beyond; completely transcend	
las yongs su sbyong ba	thoroughly purify actions/karma	
las zhig pa'i zhig pa	the state of disintegration which is an action's having disintegrated	
lba ba	goiter	
lca ba	"a leaf called """"ja-wa"""""	
lcag	a blow	
lcags	iron	
lcags kyi ri	iron mountains	
lcags kyi shal ma la	iron hell-trees	
lcags kyi shing shal ma li	Iron Grater	
lcags mda' lcags gzhu	steel bow and steel arrow (an epithet of D#zong-ka-b#a's Essence of	
lcags phye	iron filing	
lcags ri	fence	
lcags sgrog	shackle	
lcam pa	a plant with a big red flower	
lcang ma	tree	
lcang skya rol pa'i rdo rje	Jang-gya-rol-bay-dor-jay (1717-1786), a prolific Mongolian Ge-luk-ba	
lce	tongue	
lce shes	tongue-consciousness; tongue consciousness	
lce shes kyi myong bya	apprehended object of a tongue-consciousness{D1} {T}object	
lce'i dbang po	tongue sense; tongue sense-power	
lce'i rnam par shes pa	tongue-consciousness ; tongue consciousness	
lce'i rnam shes	tongue consciousness	
lci ba	heaviness; heavy; teacher; weighty; deep	
lcid	heavy	
lcogs	to be possible	
ldag	to lick	
ldan	to be possessed of, endowed with | possessing; having; possessor; endowed with	
ldan min 'du byed	non-associated compositional factor	
ldan min 'du byed du gyur pa'i ldog pa rigs gcig pa	non-associated compositional factors which are the same isolate type	
ldan min 'du byed du gyur pa'i rdzas rigs gcig pa	non-associated compositional factors which are the same type of	
ldan pa	possessing; having; possessor; endowed with; conjunction; association	
ldan par	possessing; having	
ldan par 'gyur te	become connected with	
ldan pas	possessing; having	
ldang	rise up; get up; flow; suffice	
ldang 'jug gnas gsum gyi gdangs	the tones of the three; exhalation, inhalation, and retention	
ldang ba	rise up; get up; flow; suffice	
ldang ba ma mchis pa	not rise up/get up/flow/suffice	
ldang ba'i thabs	method of rising/getting up	
lde	god; deity	
lde mig	key	
lde'u mig	key	
ldem dgongs bzhi	Four Intentions	
ldem po dag gis	by way of intentional speech	
ldem po ngag	parable; allegory; hidden intention; object; meaning; deceive	
ldem por dgongs pa	hidden intention	
ldir	to bulge{D2}	
ldog	to come back | reverse; cease; turn around; isolate; eliminate; reversed	
ldog cha	isolate factor	
ldog chas phye ba	conceptually isolatable factors	
ldog chas phye ba tsam ma gtogs	except for being merely distinguished by the isolate factor ...{PGP 70}	
ldog chos	isolate phenomenon	
ldog chos dang po gsum	first three isolate phenomena	
ldog chos phung sum tsam po ba	isolate phenomenon that is a mere third possibility; isolatephenomenon-	
ldog chos phung sum tsam po ba'i rjes mthun	concordance with an isolate phenomenon that is a mere third	
ldog khyab	reverse pervasion; counter pervasion	
ldog khyab phyin ci log	perverse reverse pervasion/entailment	
ldog khyab rnal ma	proper/correct reverse pervasion/entailment	
ldog pa	isolate; reverse; turn away from; change; come back; eliminate{LG}	
ldog pa rigs gcig	one isolate type	
ldog pa rigs gcig pa	same isolate type	
ldog pa rigs mi 'dra ba	dissimilar isolate types	
ldog pa rigs mthun pa	concordant isolate type{LG 30.3}	
ldog pa tha dad	different isolates	
ldog pa'i phyir du	in order to eliminate{LG}	
ldog par 'gyur rab tu bskor bar 'gyur ro	turn away from; change; eliminate; reverse; isolate	
ldog par 'gyur ro	turn away from; change; eliminate; reverse; isolate	
le lo	laziness	
le lo can	one who is lazy; lazy	
le lo med pa	non-laziness; not lazy	
le lo'i sgrib pa	obstruction of laziness	
le'u	chapter	
le'u ste dang po	first chapter	
le'ur bcad pa	chapter; section	
legs	to be good | good; well; beautiful; proper	
legs 'khrungs	well-born	
legs bcos ma byas	well-fabricated	
legs brtson	good endeavor; proper endeavor; strive well; suitable	
legs bshad	see legs par bshad pa | aphorism | good explanation(s); well-explained	
legs bshad dpyid kyi dpal mo'i glu dbyangs	Explanation of the Conventional and the Ultimate in the Four Systems	
legs bshad gser gyi phreng ba	Dzong-ka-ba's Golden Rosary of Good Explanation, P. 6150, vol. 154	
legs bshad pa	good explanation(s); well explained	
legs bshad snying po	Dzong-ka-ba's Essence of the Good Explanations	
legs chos	good doctrine; beautiful doctrine	
legs grub kyi rgyud	Susiddhi Tantra	
legs ldan 'byed	Bhāvaviveka; Bhāva [p.n. of the philosopher who founded the	
legs ldan chung ba	Bhāvaviveka the Lesser [p.n.]	
legs mtsho	good ocean; beautiful ocean	
legs pa	good, correct; good deed | good; well; beautiful; proper; excellent; efficient?	
legs pa'i blo gros	good intelligence; Eminent; Good Intelligence (ninth bodhisattva	
legs par	well | well; good; proper(ly); beautiful(ly)	
legs par 'doms	good advice; advise well; counsel well; good counsel	
legs par bcos legs byas	well-fabricated	
legs par brgyan pa	well-adorned; beautifully adorned	
legs par brjod pa	well-expressed	
legs par brtags	well analyzed; well invesigated; properly designated	
legs par bsams pa	well-thought; good thought; proper thought	
legs par bshad	well explained; good explanation(s)	
legs par bshad pa	aphorism, lit. well-said-one	
legs par bshad pa rin po che'i gter	A Treasury of Aphoristic Jewels	
legs par bshams	good layout; proper layout; well arranged	
legs par bslabs pa	well-learned; learn well	
legs par bsngags pa	well-praised; properly praised	
legs par bstan pa	well-taught; good teaching; proper teaching; well/properly indicated	
legs par bya ba	well done	
legs par byas pa	well-done	
legs par bzung	well apprehended; well-grasped	
legs par gnas	abide well; abide properly; good place	
legs par grub	well-established; properly established	
legs par grub pa	well-established; properly established; well established; well	
legs par gsungs pa	well said; well spoken; good speech; good talk	
legs par mnyam par bzhag pa	proper meditative equipoise; good meditative equipoise	
legs par phye ba	differentiate well{BJ 30.5}	
legs par phye ba'i chos 'khor	wheel of doctrine of good differentiations	
legs par rdzogs pa	well perfected/completed/fulfilled/terminated	
legs par rnam par phye ba dang ldan pa	possessed of good differentiation	
legs par rnam par phye ba'i chos 'khor	a wheel of doctrine of good differentiation{BJ 30.5}	
legs par rnam par rtogs pa	understand well; well-understood; well-realized	
legs par rnyed pa	well found; properly found; well gained; properly gained; properly	
legs par rtogs par	well-realized; well-understood	
legs par rtogs par byed pa	well-realized; well-understood	
legs par sbyangs pa	well purified/washed/practiced/trained/cleansed/cleaned	
legs par shes	well cognized; know well; proper knowledge; good consciousness	
legs par skyes pa	well-born; well-produced	
legs par smin par byed pa	properly bring to fruition; well-ripened	
legs par smra ba	well-propounded; propound well/properly; good proponent	
legs par spyod pa	good deeds; good performance; practice well	
legs par ston pa	well-taught; good teaching; proper teaching; well/properly indicated	
legs par ston pa nyid	well-taught; good teaching; proper teaching; well/properly indicated	
legs par thos	hear well; hear properly	
legs par tshul bzhin	properly; correctly	
legs par yid la bya ba byas pa yin te	well mentally contemplated; good/proper mental contemplation	
legs par yongs su gtad pa	good aim; proper aim	
legs par zin pa	well apprehended; well-grasped	
legs sam snyam ste	I think that [X] is good{LG}	
legs so	good!; well-done!	
legs so legs so	good, good!; well-done!	
legs so zhes bya ba byin	"give [approval]: """"Good!"""""	
legs su grub	well-established; properly established	
len	to obtain; to accept; to take; to attract | take; obtain; appropriate; appropriating; accept; grasping	 [Bialek]: to accept; to take; to attract
len dang spong ba	appropriating and abandoning	
len gyi 'ching ba	assumption	
len pa	take; obtain; appropriate; appropriating; accept; grasping	
len pa dang spong ba	appropriating and abandoning	
len pa med pa	non-appropriation; non-appropriating; non-grasping; not taking	
len pa med par zag pa rnams las	from contaminations without appropriation	
len pa po	appropriator; grasper	
len pa'i rnam par shes pa	appropriating consciousness	
len par bgyid pa	appropriate; grasp; take; obtain; accept	
len par byed	appropriate; grasp; take; obtain; accept	
lha	deity; lord | deity; god; divinity; goddess	
lha chen po	Lha-chen-po	
lha dang mi	gods and men; gods and humans	
lha dbang blo	Devendrabuddhi; Devendrabuddhi (a student of Dharmakīrti)	
lha dran thebs gcig	one session of being mindful of the deity	
lha drug gi sgo nas rang lhar bskyed pa	generating oneself as a deity by way of the six deities	
lha lha	clear; distinct; vibrant	
lha ma yin	semi-god | [god-not-be]; demi-gods; demigod	
lha ma yin pa'i rten can gyi so so'i skye bo	ordinary beings with the basis of demi-gods; common being having the	
lha med pa	non-theistic	
lha mo	goddess; queen | goddess; queen; golden	
lha sa	Lhasa; capital of Tibet	
lha sa ba	Lhasan; person from Lhasa	
lha sku sgom pa	meditation on the divine body	
lha srung	god-protector spirit	
lha yi	divine; of god	
lha'i	divine; of god(s)	
lha'i bsnyen pa	divine approximation	
lha'i bu'i bdud	god-child demon	
lha'i mig	divine eye	
lha'i nga rgyal	divine pride; pride of being a/the deity	
lha'i ngar rgyal	divine pride; pride of being a/the deity	
lha'i rnal 'byor	deity yoga	
lha'i rten can gyi so so'i skye bo	common being having the basis of a god	
lhab lhub	wide, flowing	
lhag	the rest, remains | [an intensifier:] special; surpassing; exceeding; beyond; more	
lhag bcas lhag med myang 'das	nirvāṇas with and without remainder	
lhag bcas myang 'das	nirvāṇa with remainder; nirvana with remainder	
lhag bsam	unusual attitude	
lhag bsam pa dag pa	pure unusual attitude	
lhag chags pa med pa	no special attachment	
lhag cig rjes su 'jug pa	functions together with{S 36}	
lhag gcas myang 'das	nirvana with remainder	
lhag ldan	with remainder	
lhag lus	the rest, remains	
lhag ma	remnant | remainder; remaining; remnant	
lhag ma dang bcas pa	having a remainder; with remainder	
lhag ma gang yang rung ba	any of the remaining ...	
lhag ma gang yang yin pa de	what is left over{BJ 61.3}	
lhag ma lus pa	remainder left over{N}	
lhag ma ma lus pa	without remainder; completely{N}	
lhag ma med pa	without remainder; completely	
lhag med myang 'das	nirvāṇa without remainder; nirvana without remainder; remainderless	
lhag min	without remainder	
lhag mos	special imagination/belief/faith/interest/inclination	
lhag mthong	[exceeding-see]; special insight	
lhag mthong ldan gyur pa	one with special insight; one who has special insight	
lhag pa	special; surpassing; exceeding; beyond; more; surpassing; superior	
lhag pa med pa	without remainder; not special; not unusual	
lhag pa tshul khrims	higher ethics	
lhag pa yi sa	higher level/ground; superior level	
lhag pa'i bsam dag pa	(one who has) the pure unusual attitude	
lhag pa'i bsam pa	unusual attitude	
lhag pa'i bsam pa dag pa	(one who has) the pure unusual attitude	
lhag pa'i bsam pa dag pa'i sa	level/ground of the pure unusual attitude	
lhag pa'i bsam pa rnam par dag pa'i sa	level/ground of the pure unusual attitude	
lhag pa'i bsam pa zhan pa	weak with respect to the unusual attitude	
lhag pa'i khrims sogs slob pa la sbyor ba	application at training in higher ethics and so forth	
lhag pa'i lha	special deity	
lhag pa'i mos pa	special imagination/belief/faith/interest/inclination	
lhag pa'i nga rgyal	exceeding pride	
lhag pa'i nga rgyal can	very proud; unusually conceited	
lhag pa'i sems	higher thought; unusual mind; higher meditative stabilization	
lhag pa'i shes rab	higher wisdom{N}	
lhag pa'i ting nge 'dzin	higher meditative stabilization{N}	
lhag pa'i tshul khrims	higher ethics{N}	
lhag par	more | specially [as an adverb]; unusual(ly); superior	
lhag par 'tshe ba med	special non-harmfulness; especially non-harmful	
lhag par chags pa	unusually attached to	
lhag par chags pa dang ldan	having unusual attachment for	
lhag par dga' ba	unusually happy	
lhag par dmigs pa	special object of observation; superior observation	
lhag par mos pa	surpassingly intent	
lhag par zhen pa	especially determined; special adherence	
lhags	to come together	
lham	shoe	
lham gog	shoes	
lham me	blazing	
lham me brjid	blazing brightly{DASI 522.2}	
lham me'o	blazing	
lham pa	polygon; square	
lhan cig	together	
lhan cig byed 'bras	cooperative effect	
lhan cig byed rkhyen	cooperative condition	
lhan cig byed rkyen	cooperative condition	
lhan cig byung	co-arisen; arise together	
lhan cig byung ba'i rgyu	co-arisen cause	
lhan cig dmigs nges	"simultaneous certification (literally, """"simultaneous observation"""")"	
lhan cig gnas pa	abide together	
lhan cig gnas par 'gyur ba	abide together	
lhan cig mi gnas 'gal	contradictory in the sense of not abiding together	
lhan cig skyes pa	[together-with-born]; innate; inborn; natural	
lhan cig skyes pa'i gnas ngan len	innate bad states; {T} taking up bad innate states	
lhan cig tu	together with | together; together with	
lhan gcig	together; together with; all together	
lhan gcig mi gnas 'gal	contradictories not abiding together	
lhan rkyes kyi dga' ba	innate joy	
lhan skyes	[together-with-born]; innate; inborn; natural{D1}	
lhan skyes kyi dri	natural odor	
lhan skyes kyi rtsa ba'i kha dog	natural primary color	
lhang lhang	clear sound; distinct sound	
lhar bcas	theistic	
lhar bcas pa	theistic	
lhas sbyin	Devadatta	
lho 'dzam bu gling	the southern continent of Jambudvīpa; the Indian subcontinent; the	
lhod	loosen	
lhod lhod	relaxed	
lhod pa	loosen; loose	
lhu	minor share	
lhub	width	
lhug pa	pour out	
lhug par	amply; liberally; abundantly	
lhums	womb	
lhums su zhugs pa	entering the womb	
lhun	aggregate	
lhun grub	spontaneity; spontaneously	
lhun grub pa	spontaneity; spontaneously	
lhun grub par bzod pa 'thob	spontaneously attain forbearance	
lhun grub tu 'jug pa	spontaneously engaging; spontaneous engagement	
lhun gyis grub pa	spontaneity; spontaneously	
lhun gyis grub par bzod pa 'thob	spontaneously attain forbearance	
lhun po	Mt. Meru [the mountain said to be at the center of the universe in	
lhung	see ltung | to fall	
lhung ba	fall	
lhung byed	cause to fall	
lhung bzed	alms-bowl | begging bowl; alms bowl	
lhur	be intent on something; take responsibility	
lhur len	be intent on something; take responsibility	
lhur len pa	be intent on something; take responsibility	
lhur mdzad pas	my intense work (hon.); take responsibility	
li yul	Khotan	
ling nge ba	concrete	
ling po	concrete	
lings	hunting	
ljags klog gnang	read [hon.]	
ljan ljin	defilement; filth; dirt	
ljang khu	green	
ljon shing	tree	
lkog	obscure; hidden	
lkog gyur	hidden phenomenon; obscure phenomenon	
lkog lab	slander	
lkog lab tu	slanderously	
lkog ma	throat; adam's apple??	
lkog tu ma gyur pa'i chos	non-hidden phenomenon; non-obscure phenomenon	
lkug pa	dumb; stupid; imbecile; idiot	
lnga	five	
lnga brgya	five hundred	
lnga pa	the fifth {T}	
lnga po	all five {T}	 [Hopkins]: {T}
lnga sde bzang po	the first five disciples of the Buddha [the five ascetics: Kauṇḍinya,	
lnga stong	five thousand	
lnga tshigs	third out of five	
lo	year | year; [particle indicating the end of a statement]; leaf; petal (=lo ma)	
lo 'dab	leaf	
lo gcig	one year; a year	
lo gsar me tog	"the """"new year flower"""" (lo gsar me tog); a red leaved plant about two"	
lo ma	leaf	
lo ma 'dor len	discarding and appropriating leaves	
lo rgyus	account	
lo thog	harvest, crop	
lo tog	harvest	
log	see ldog | to turn | reverse; opposite; wrong; mistaken; unreal; overcome; to return; turn	
log lta	wrong view	
log nyid	reversal; wrongness; opposition; returning	
log pa	reverse; opposite; wrong; unreal; overcome; to return; turn from	
log pa nges par sel ba	definitely eliminate/eradicate/remove/clear away/avoid/exclude error	
log pa nyid	error; wrongness; oppositeness; reversal	
log pa nyid du nges pa	determined wrongly; definitely in error	
log pa'i kun rdzob	unreal/incorrect conventionality	
log pa'i kun rdzob bden pa	unreal/incorrect concealer-truth; unreal/incorrect conventional truth	
log pa'i lam la rab tu gnas pa	thoroughly abiding in a wrongful path	
log pa'i nan tan	wrongly progress	
log pa'i nga rgyal	erroneous pride	
log pa'i rtog pa	mistaken conceptions	
log pa'i shes pa	wrong consciousness	
log pa'i tshig	mistaken words	
log par	wrong; wrongly; mistaken; mistakenly	
log par 'dzin du 'jug pa	engage in misapprehension; engage in mistaken apprehension	
log par 'dzin pa	misapprehension{BJ 40.5}; mistaken apprehension	
log par bsams pa'i don	object of a mistaken thought	
log par bsgrub	wrongly established; mistakenly established	
log par byas pa	done wrongly; made wrongly	
log par bzung bar mi bya	mistakenly apprehend; misapprehend; mistakenly grasp	
log par gyur pa	is wrong; is mistaken	
log par lta	wrong view	
log par lta ba	wrong view	
log par mngon par zhen pa	mistakenly determined; mistaken adherence; wrong conception	
log par mos pa	mistaken/wrong/perverse belief/faith/interest/inclination	
log par nyams su myong ba	mistakenly experience; wrongly experience	
log par rig pa	mistaken awareness; mistaken knowledge	
log par rtog pa	wrong idea; wrongly think; mistaken thought; mistaken conceptual	
log par rtogs pa gsal ba	clearing up wrong ideas; eliminating wrong ideas{LG}	
log par sbyor	wrongly endeavor/connect/join/apply	
log par sgrub pa	wrongly established; mistakenly established	
log par sgrub pa'i de kho na	wrongly established suchness; mistakenly established suchness	
log par snang ba	wrong appearance; mistaken appearance; appear mistakenly	
log par yang dag shes pa	misconceive; mistaken consciousness	
log par zhugs pa	wrong perspective; wrongly perspected; those who are wrongly	
log phyogs	opposite class	
log rtog	wrong view; perverse conception	
log rtog pa	mistaken conceptual consciousness; mistaken thought	
log rtog sel ba'i mtshan nyid	definition which eliminates wrong ideas	
log shes	mistaken consciousness; wrong consciousness; wrong/mistaken	
log su 'gro	wrongly go	
log su rjes su 'bab	wronlgy descend/flow/fall down/move downward	
log zhugs	wrong perspective; wrongly perspected; those who are wrongly	
logs su	separately	
logs su bkral	differentiate	
lon	to pass (of time)	
lon pa	take up; mature; developed; to pass [of time]; to reach; taken up	
long	duration; spare time	
long ba	blind	
long ba?	blind	
long khrid	"a guide; """"leader of the blind"""""	
long ngam rta rdzi	Long-ngam-rta-rdzi	
long po	rising	
longs	duration; spare time; take; appropriate; obtain; accept; enjoy	
longs par spyod	resources; enjoyments; usables; enjoyment	
longs rdzogs	enjoyment; complete enjoyment/resources	
longs sku	Enjoyment Body; Complete Enjoyment Body	
longs spyod	to use | resources; enjoyments; usables; enjoyment	
longs spyod 'phel bar byed pa	increase resources/enjoyments	
longs spyod bag yod	conscientiousness with respect to resources/enjoyments	
longs spyod bya	objects of use	
longs spyod can	having resourses	
longs spyod chags	attachment to resources/enjoyments	
longs spyod chen po'i rigs su skye ba	arising in a lineage/family with great resources	
longs spyod dag la ma chags pa	not attached to resources/enjoyments	
longs spyod kun rdzogs	complete/perfect enjoyment; complete/perfect resources	
longs spyod kun tu ston pa	teach/ indicate resources {T}	
longs spyod kyi rgyu mtshan	cause of resources/enjoyment	
longs spyod kyis pham	conquered by enjoyments; conquered due to resources ? {T}	
longs spyod la chags pa	attached to resources/enjoyments	
longs spyod la kun tu 'dzin pa med pa	non-apprehension/grasping for resources/enjoyments	
longs spyod la mi ldan	without resources/enjoyments	
longs spyod la mi lta ba	not viewing resources {T}	
longs spyod ma chags blo	mind that is not attached to resources/enjoyments	
longs spyod nyid	resources; enjoyment	
longs spyod pa	resources; enjoyments; usables	
longs spyod phun sum tshogs pa	complete resources/enjoyments; marvellous resources/enjoyments	
longs spyod rdzogs pa	complete/perfect enjoyment; complete/perfect resources	
longs spyod rdzogs pa'i sku	Complete Enjoyment Body; Enjoyment Body	
longs spyod rnams la ma chags pa	not attached to resources/enjoyments	
longs spyod rnams la mngon par mi dga'o	not delighting in resources/enjoyments	
longs spyod smin par byed	ripen resources/enjoyments; bring resources/enjoyments to maturation	
lpags	skin; hide; bark; name of a river	
lta	to look (at/towards), to watch; to inspect, to examine | verb: view; look; see; read noun: view; false view	
lta ba	view; [bad] view; viewing consciousness; viewer; look; see; read	
lta ba dga' ba	take happiness in views; happy view	
lta ba drang por	right view	
lta ba drang por byas pa	make [one's] views correct	
lta ba la dga' ba	delight in views	
lta ba mchog 'dzin	conception of a [bad] view as supreme; misapprehension of the	
lta ba mchog tu 'dzin	conception of a [bad] view as supreme	
lta ba med	not view; not look; without views	
lta ba med pa	not view; not look; without views	
lta ba med pa yin	not view; not look; without views	
lta ba mthun pa	concordant view; concordance with views	
lta ba ngan pa	bad view	
lta ba nyon mongs can	afflicted view	
lta ba phra rtogs	realize the subtle view	
lta ba phun sum tshogs pa	marvellous views; correct views	
lta ba rnam pa	aspects of views; various views	
lta ba rnam par dag pa	pure views	
lta ba rnam par spyod pa	enjoy views; practice views	
lta ba'i gnyen po	antidote to views; antidotal view	
lta ba'i gnyen po'i ye shes thob pa	obtain the exalted wisdom that is the antidote to views	
lta ba'i mtshan ma sel ba	eliminate/eradicate/remove/clear away/avoid/exclude the signs of	
lta ba'i nyes pa	faults of views; faulty views	
lta ba'i rnam pa	aspects of views; various views	
lta ba'i thibs po	the jungle of views{C}	
lta bar bya	should be viewed as	
lta bar bya'o	you should/will view	
lta bar byed	view; look	
lta bar gyur pa	view; look	
lta bar song ba	move toward views; go toward views	
lta bu	for instance; like; such as	
lta bu nyid	similarity	
lta bur	like	
lta ci smos	how much less, not to mention, to say nothing of | what is the use to mention	
lta dang bcas pa'i sems kyis	mind that has views	
lta dang bral ba	free from views	
lta khrid mun sel sgron me	Kay-drup's Manual of Instructions on the View: Lamp Eliminating the	
lta la ci smos	how much more; how much less; what need is there to ...	
lta la smos	how much more; how much less; what need is there to ...	
lta ngan med	no bad views	
lta shes pa'i mi	person who knows how to view	
lta smos kyang ci	how much more; how much less; what need is there to ...	
lta smos kyang ci dgos	[look-say-even-what-purpose]; what is the need to consider?; what is	
lta zhog	[look-set aside]; set aside consideration; no use to consider	
ltam pa	polygon{D1}	
ltar	like, as | like; thus; in accordance with	
ltar gyi	in accordance with	
ltar na	in that case	
ltar snang	pseudo; quasi; counterfeit; bogus	
ltas	directed; sign; omen	
lte ba	navel | navel; center	
lto	food | food; belly	
lto 'phye chen po	large-bellied demons shaped like boas said to be the lords of the soil	
lto ba	belly	
lto chas	food	
lto gos	food and clothing	
lto ldir	bulbous{D2}	
lto ldir ba	bulbous	
lto ldir zhabs shum chu skyor gyi don byed nus pa	bulbous, flat-bottomed, able to perform the function of holding	
ltogs gri	hunger	
ltogs pa	hungry	
ltos	verb: rely; rely on; to view; to look noun: view; false view	
ltos gzhi	basis of relation{LSR 26}	
ltos med du	without depending; independently	
ltos med kyi rtags	sign of non-viewing	
ltos nas	[looking-from]; with respect to; having relied; having depended	
ltos nas grub pa	existence in reliance; relative existence; existing in reliance	
ltos pa	dependence; relation; depend upon; rely upon; depend; relate; relative	
ltos pa'i rigs pa	analysis of dependence; reasoning of dependence	
ltung	to fall | verb: fall; commit an infraction noun: sin; moral fall; infraction	
ltung 'gyur	fall; sin; commit an infraction	
ltung ba	verb: to fall, sin; commit an infraction noun: fall; infraction; sin	
ltung ba bya ba med pa	not commit infractions	
ltung ba phra mo	subtle infraction	
ltung ba thun mongs ma yin pa	uncommon infraction	
ltung ba'i rtsa ba	root infraction	
ltung bar 'gyur	fall; commit an infraction	
ltung bar 'gyur yin	fall; commit an infraction	
lug	sheep	
lug gu	lamb	
lug zla	sheep-month	
lugs	tradition | system; mode; way	
lugs 'byung	forward process	
lugs 'god pa	present/state a system	
lugs dang ldan pa	systematic; having the mode	
lugs dang mi mthun pa	discordant process; not concordant with the mode/system	
lugs dang mthun pa	concordant process; concordant with the mode/system	
lugs ldog	reverse process	
lugs mi mthun la	discordant process; not concordant with the mode/system	
lugs mthong	concordant process	
lung	prophecy | scripture; oral transmission; passage; precept; injunction; spiritual	
lung 'bog pa	advice; instruction	
lung bstan	prophesy; prophesied{BJ 8.3}; taught in scripture; scriptural teaching	
lung bstan du yod pa	exist as prophesied	
lung bstan gsol	prophesy	
lung bstan ma thob	unprophesied; not obtain a prophesy	
lung bstan nges pa	definitely prophesied; definite prophesy	
lung bstan pa	prophesy; prophesied{BJ 8.3}; taught in scripture; scriptural teaching	
lung bstan pa chen po	great prophesy; great scriptural teaching	
lung bstan pas lung ston pa	prophesied by prophesy; prophesied by scripture	
lung bstan yin	is prophesied; is a prophesy	
lung cung zad la rten pa	depending a little on scripture	
lung dpog par bya	expound; explain	
lung du bstan pa	prophesy; prophesied; taught in scripture; scriptural teaching	
lung du bstan pa'i sde	prophesy; prophesied; taught in scripture; scriptural teaching	
lung du ma bstan pa	neutral; not indicated in scripture [i.e., neither virtuous nor non	
lung du ma bstan pa'i dngos po	thing that is not indicated in scripture	
lung du med pa	not exist in scripture; not prophesied	
lung gi chos	the verbal doctrine	
lung gi rje su 'brang pa	Followers of Scripture	
lung gi rjes 'brangs	Following Scripture	
lung gi sgo nas kyang rung ba ma yin	is also not suitable from the viewpoint of scripture	
lung gi tshad ma	prime cognizer [based on] scripture [accepted by Candrakīrti but not	
lung la rten pa	in dependence upon scripture	
lung las	from scripture	
lung las grags pa tsam	merely renowned from scripture; merely renowned in scripture{LG}	
lung ma bstan	not indicated in scripture; not prophesied; neutral	
lung ma bstan pa	not indicated in scripture; not prophesied	
lung nod par yang byed	expound; explain	
lung ston pa	scriptural teaching; prophesy; prophesied	
lung ston par 'gyur	prophesy; prophesied	
lung yang bstan to	prophesy; prophesied; scriptural teaching	
lus	body; life; to be remaining, left; to remain	
lus 'phags	Videha	
lus 'phags po	Pūrvavideha	
lus can	the embodied	
lus dang ldan	having a body; bodily; physical	
lus dang longs spyod	body and resources	
lus dang ngag	body and speech	
lus dang ngag dang yid kyi las yang dag par kun tu spyod pa	thoroughly practice action/karma of body, speech, and mind	
lus dang ngag gi las	action/karma of body and speech	
lus dang ngag ni zhi ba	pacify body and speech	
lus dang ngag sems rang bzhin gyi las rnams	actions/karma of the nature of body, speech, and mind	
lus dang ngag yang dag par sdom pa	vow of body and speech	
lus dang ni srog la mi lta	not view body nor life	
lus dang sems	body and mind	
lus dang sems kyi sdug bsngal	suffering of body and mind; physical and mental suffering	
lus dang srog	body and life	
lus dben	physical isolation; isolation of body	
lus dran pa nye bar bzhag pa	establishment in mindfulness of body	
lus kyi dbang po	body sense-power; physical sense power; body sense power	
lus kyi khyad par	physical attributes; bodily attributes	
lus kyi nad	physical illness	
lus kyi nyes par spyod pa rnam pa gsum	the three types of faulty physical practices	
lus kyi rjes su lta	contemplation of the body	
lus kyi rnam pa	physical aspect; bodily aspect	
lus kyi rnam par shes pa	(main) body consciousness	
lus kyi rnam shes	body consciousness	
lus kyi skyon yang dag par sel ba	completely eliminate/eradicate/remove/clear away/avoid/exclude	
lus kyis ni gnas ngan len rab tu ston	teach the bad physical states	
lus la dmigs pa	observe the body {T}	
lus la gtogs pa	included in the body	
lus la sogs pa	body, etc.	
lus la sogs pa'i chos la bdag med pa	selflessness in phenomena, body and so forth	
lus las gnas ngan len pa	bad physical states; bad bodily states	
lus lci bar	physical heaviness; bodily heaviness	
lus med bdag po	Bodiless Lord	
lus med pa	bodiless; non-physical; without a body	
lus med par	completely, lit. so that there are no remains	
lus mi snang	non-appearing body; invisible body	
lus mngon sum byed	direct bodily perception; physical direct perceiver	
lus mngon sum du gyur pa	direct bodily perception; physical direct perceiver	
lus mtshan dpes	a body adorned with the major and minor marks [of a Buddha]	
lus pa	left over; remain behind; [with negative:] without any left; entirely	
lus pa med pa	without any left; entirely; wholly; all	
lus phun sum tshogs pa	perfect body; marvellous body; physical marvels	
lus po	left over; remain behind; [with negative:] without any left; entirely	
lus rnyed pa	obtain a body; gain a body	
lus rten	physical basis	
lus sems shin sbyangs kyi bde ba	bliss of physical and mental pliancy	
lus sgrib	bodily obstructions	
lus shes	body consciousness; bodily cognition	
lus shes kyi reg bya	tangible object of a body consciousness	
lus srog	body and life	
lus stobs	physical strength	
lus su gtogs pa rjes su dran pa	subsequent mindfulness of what is included in the body	
lus su snang ba	appear as a body; physical appearance	
lus yongs su grub pa	thoroughly established body	
lus zhig nas	from destruction of the body; having destroyed the body	
lwa ba pa	Kambalapāda	
ma	mother; not | (1) mother (2) particle indicating negative: not; non-; un-	
ma 'brel	not related; unjoined; not connected	
ma 'dres	unmixed; unshared	
ma 'dres pa	unmixed; unshared	
ma 'dres pa la dmigs pa	unmixed object of observation; unshared object of observation	
ma 'dres pa'i chos bco brgyad	eighteen unshared qualities	
ma 'dres pa'i yon tan	ushared qualities; unmixed qualities	
ma 'dris	unacquainted; unknown	
ma 'dris pa	unknown; unacquainted	
ma 'gags pa	not stopped/obstructed/destroyed/ceased/halted/impeded	
ma 'khrugs zhing	not disturbed; not angry	
ma 'khrul	non-mistaken{BR}	
ma 'khrul ba	non-mistaken; nonmistaken	
ma 'khrul ba'i rig pa	non-mistaken awareness	
ma 'khrul ba'i shes pa	non-mistaken consciousness	
ma 'khrul pa	non-mistaken	
ma 'ongs dus	[not-come]; future; not yet come; yet to come	
ma 'ongs pa	future | [not-come]; future; not yet come; yet to come; futureness	
ma 'ongs pa'i dus	future time; the future	
ma 'phrad	not meeting; not connecting; non-connection	
ma 'tshal ba	not seek; not sought for; unwanted; not ask	
ma bgyis pa	not made; not done	
ma bral ba	not free from	
ma bral bar	not free from	
ma brjed	non-forgetfulness	
ma brjed pa	non-forgetfulness	
ma brtags pa	non-analyzed; non-imputed; non-investigated; not designated	
ma brten	not depending upon	
ma bsags pa	non-accumulated; not accumulate; non-composite	
ma bsgoms na	if not meditated/cultivated	
ma bsgoms pa	non-meditation; non-cultivation	
ma bsgribs pa	unobstructed; undefiled	
ma bsgrubs pa	not achieved; not attained; not accomplished	
ma bskyed pa	not generated; not produced	
ma bslabs par	unlearned; without learning	
ma bslangs	not not ask/beg/collect/gather/raise/inspire/excite/arouse/cause to	
ma bstan	not teach; non-teaching; not indicate; non-indication	
ma btang ba	not give away; not send; not let go	
ma btud	not bow; not pay reverence; not pay homage	
ma bu	mother and children	
ma byas pa	not made; not created; not done	
ma byas pa'i chos	unmade phenomenon; uncreated phenomenon	
ma byin len	stealing; taking what is not given	
ma byin par len pa	stealing; taking what is not given	
ma byin par len par mi byed	not stealing; does not take what is not given	
ma byon	not come; not arrived; not attained; without having attained	
ma byung ba	non-arisen; not come forth; not appear	
ma bzung	not apprehend; not grasp; not hold; not conceive; not seize	
ma chad pa	not cut off; not annihilated	
ma chags	non-attachment; unattached	
ma chags la sogs	non-attachment, etc.	
ma chags pa	non-attachment; unattached	
ma dad pa	non-faith	
ma dad pa yid la byed pa	mental contemplation of non-faith	
ma dag	impure; not pure; not purified; impurity	
ma dag min	non-impurity; not impure	
ma dag pa	impure; not pure; not purified; impurity	
ma dag pa dang dag pa yid la byed pa	mental contemplation of impurity and purity; impure and pure mental	
ma dag pa dang dag pa'i gnas	abide in impurity and purity; impure and pure place/abode	
ma dmigs pa'i gtan tshigs	a correct non-observation sign; reason of non-observation {GD:278}	
ma dmigs pa'i rtags	non-observation sign	
ma dmigs pa'i rtags yang dag	a correct non-observation sign	
ma drangs par	without citing{BJ 68.1}	
ma dros mtsho	[name of a lake]	
ma g.yos pa	unmoving; unwavering; unfluctuating	
ma gcig lab sgron ma	Female Tibetan siddhā who founded gcod meditation, which involves	
ma gir	down there	
ma gos pa	unsullied; unpolluted	
ma grol ba	not released	
ma grol ba dang grol ba	release of what was not released	
ma grol grol ba	release of what was not released	
ma grub	not established	
ma grub na	if the reason is not established ...	
ma grub pa	not established	
ma grub pa'i gtan tshigs	non-established reason; unestablished [reason], a form of faulty	
ma gtogs	[not-include]; not including; not included within; not included among	 [Hopkins]: [not-include]; not including; not included among
ma gtogs pa	[not-include]; not including; not included within; not included among	
ma gtogs par	[not-include]; not including; not included within; not included among	
ma gtogs par de ma yin pa	not including; not included within; not included among; except	
ma gtogs par gzhan	other than; not including; not included within; not included among	
ma gus	non-humility; non-respect	
ma gus pa	non-humility; non-respect	
ma gzigs	not see; not seen; not view	
ma gzigs pa	not see; not seen; not view	
ma hA	[transliteration of Sanskrit word—mahā] great	
ma he	water buffalo	
ma khengs pa	non-haughtiness; non-arrogance	
ma khyab	no pervasion; no entailment	
ma khyab pa'i skyon	fallacy of non-pervasion	
ma la sogs pa dang chos mthun pa	concordant phenomena, mother and so forth	
ma langs pa	without rising	
ma log pa	non-mistaken; non-reversed	
ma log pa de bzhin nyid	non-mistaken suchness	
ma lus	[not-remain]; none remaining; complete; entirely; without residue; all	
ma lus min	not entirely; not all of	
ma lus pa	[not-remain]; without exception; none remaining; complete; entirely	
ma lus par	completely | [not-remain]; none remaining; complete; entirely; without residue; all	
ma lus par khegs pa	the refutation without residue{MSI 430}	
ma lus par mdzad	entirely removed	
ma lus par spangs pa	complete abandonment	
ma lus par spong ba	complete abandonment	
ma lus shing lus pa med pa	all without remainder; entire without remainder	
ma lus shing lus pa med par	entirely without remainder	
ma mchis pa	is not; non-; not	
ma mchis pa yang dag pa nyid	non-beingness	
ma mkhyen pa	not known; unknown.	
ma mngal du 'gro ba	entry into a womb; descent into the womb	
ma mngal du 'jug pa	entry into a womb; descent into the womb	
ma mo byang sman	ma-mo-jang-men (Female spirits responsible for spirit created	
ma mos	non-belief/imagination/faith/interest/inclination/prefer/zeal/imagine	
ma mos pa	non-belief/imagination/faith/interest/inclination/prefer/zeal/imagine	
ma mtha'	[low-limit]; the least; low limit; at the least	
ma mtha'i mtshams	lowest point	
ma mthong	unseen; not see; not seen; not perceive	
ma mthong ba	unseen; not see; not seen; not perceive	
ma mthong na	when not seeing; unseen; not seeing	
ma nges	indefinite; not ascertained; non-ascertainment	
ma nges pa	indefinite; not ascertained; non-ascertainment	
ma nges pa'i gtan tshigs	indefinite reason; unascertained {GD:276}	
ma ning	"lacking """"normative"""" maleness; eunuch"	
ma nor ba	[not-mistake]; non-mistaken; unerring; without error; without mistake	
ma nor ba'i de bzhin nyid	non-mistaken suchness	
ma nyams	non-degenerated; undefiled; unspoiled	
ma nyams pa	non-degenerated; undefiled; unspoiled	
ma pang bu 'jug	being set on mother's lap	
ma phebs pa	not gone	
ma phye ba	non-distinction; non-differentiation	
ma phyin par	not gone; not having gone	
ma rabs	[low-class]; low class; vulgar	
ma rangs	disagreement; disparagement	
ma rdzogs	incomplete; not complete; not perfected; unfinished	
ma rdzogs pa	incomplete; not complete; not perfected; unfinished	
ma rgad	emerald	
ma rgal ba	not cross over	
ma rgyal ba	unconquered	
ma rig pa	ignorance | [not-know]; ignorance	
ma rig pa bslad pa ma zhugs	not polluted/affected/distorted by ignorance	
ma rig pa'i kun sbyor	thorough enwrapment of ignorance	
ma rig pas bslad pa	polluted by ignorance	
ma rmongs	non-obscuration; non-delusion	
ma rmongs pa	non-obscuration; non-delusion	
ma rnyed pa	not finding; not gain; not gaining; loss	
ma rtogs	not realizing; not cognizing; not understanding	
ma rtogs pa	not realize; not cognize; not understand	
ma rtogs rtogs	realize what was unrealized	
ma rung 'gyur	unsuitable	
ma rung bar byas	unsuitably done {T}	
ma rungs pa	pernicious force; pernicious entity; pernicious being; hateful; hateful	
ma rungs pa thams cad 'dul ba shAkya thub pa	[p.n. of a Buddha]	
ma sbyangs	not practiced/washed/purified/trained	
ma sha	soybean	
ma shes pa	not conscious of; not cognized	
ma skor ba	not turned (before){BJ 29.4}	
ma skyes pa	uncreated phenomenon; not produced{N}; unproduced; non	
ma skyes pa'i chos	an unproduced phenomenon; uncreated phenomenon	
ma smad	mother and [her] children	
ma smad pa	not low; not lower	
ma smin	not ripened; not matured	
ma snyan grags	disgrace	
ma spangs na	non-abandoning; when not abandoning	
ma spangs pa	non-abandoning; non-abandonment	
ma spros pa'i bdag nyid	nature of non-elaboration; non-elaborated essence	
ma spyad pa	not practice; not enjoy; not make use of; non-practice	
ma thag pa	just after [verb + ma thag pa]	
ma thag tu	immediately thereafter, right after | immediately/right/just after; immediately/right/just before [depending	
ma thob	not obtain; not attain	
ma thob nyams pa	degenerate non-attainment {T}	
ma thob pa	not obtain; not attain	
ma thogs pa	non-obstructive; not an obstacle	
ma thos par spong ba	abandon without attainment {T}	
ma tshan ba	not complete; not full	
ma tshang	not complete; not full	
ma tshang ba med pa	not incomplete	
ma tshar bar du	until this is completed	
ma tshar bar la	until this is completed	
ma tshogs pa	non-collection; uncollected; not assembled	
ma yin	is not; not being	
ma yin dgag	affirming negative; affirming negation; nominally bound negation	
ma yin dgag dang med dgag	affirming negative and non-affirming negative	
ma yin dgag gi gzhan sel	other-eliminator/other-elimination that is an affirming negative	
ma yin kun rtog	unreal imputation	
ma yin no zhes zer na	"if [someone] should say """"it is not"""" ... {T}"	
ma yin pa de	the not-being {T}	
ma yin pa las log pa	opposite from not being; opposite from non-; non-non	
ma yin pa'i sdod lugs kyi ngos nas grub pa	established by way of its own uncommon mode of existence without	
ma yin par gyur pa'i rtag pa	something which a permanent phenomenon is not	
ma zad	[not-exhausted]; not only; not just; not cut (off)	
ma zhen	non-determination; non-adherence; non-conception	
ma zhen pa	non-determination; non-adherence; non-conception	
ma zhi	not pacified; not peaceful; non-pacification	
ma zhi ba	not pacified; not peaceful; non-pacification	
ma zhugs pa	not enter into; not engage in	
ma zhum pa	non-discouragement; non-slackness	
ma zhum pa'i lus dang ngag dang yid kyi las kyi mtha' dang ldan pa	having non-discouragement/non-slackness of body, speech, and mind	
ma zin pa'i 'byung ba las gyur pa'i sems can du mi ston pa'i sgra mi snyan pa	unpleasant inarticulate sound caused by elements not conjoined with	
ma zin pa'i 'byung ba las gyur pa'i sems can du mi ston pa'i sgra snyan pa	pleasant inarticulate sound caused by elements not conjoined with	
ma zin pa'i 'byung ba las gyur pa'i sems can du ston pa'i sgra mi snyan pa	unpleasant articulate sound caused by elements not conjoined with	
ma zin pa'i 'byung ba las gyur pa'i sems can du ston pa'i sgra snyan pa	pleasant articulate sound caused by elements not conjoined with	
ma zin pa'i 'byung ba las gyur pa'i sgra	sound arisen from elements not conjoined with consciousness	
maN Da la	[transliteration of Sanskrit word—maṇḍala = dkyil 'khor] mystic circle	
mag pa	son-in-law	
mam	and; or; particle indicating question	
man chad	below; thereon	
man ngag	quintessential instruction; precept; religious advice; instruction	
man ngag gi rgyud	Oral Tradition Tantra [the third of the Four (Medical) Tantras]	
man shel	crystal	
mang	to be many	
mang ba	many; much | powers [especially the group of ten powers that accrue to a Bodhisattva	
mang bkur ba	Saṃnitīya; Sammitīyā school	
mang drag na	if there is too much	
mang du	many; a lot	
mang du gnas pa	many abodes; person with many abodes	
mang du gnas par 'gyur	many abodes	
mang du ston pa	many teachings	
mang nyung	number of; much or little	
mang po	many; numerous | many; much	
mang po rnam pa	many aspects; many kinds	
mang po'i sgo	many doors	
mang pos bkur ba'i sde pa	Saṃṃitīyā school	
mang ston pa	Mahāśāsaka	
mang thos pa	Bahuśrutīya	
mangs	see mang | to be many	
mar	butter | (1) butter; ghee (2) as (one's) mother	
mar chen	cook	
mar gyi bum pa	ghee-pot; butter-pot	
mar gyi snying khu	fat/scum of ghee	
mar la mar	ghee; clarified butter	
mar la mar gyi snying khu	fat/scum of ghee	
mar me	[butter-fire]; butter lamp; lamp	
mar me can	Dīpavatī [name of a town]	
mar me mdzad	Dīpaṅkara [p.n.of a Buddha]	
mar me'i dpe	the example of a lamp	
mar pa	Mar-pa	
mar shes	cognize as mother	
mar shes pa	cognize as mother	
mchan bu	annotations{N}	
mche ba	fangs{VM}	
mche pa'i sde	Damṣṭasena	
mched	brother	
mched pa	increase	
mched pa dmar lam pa'i sems	the mind of radiant red increase	
mcher pa	spleen	
mchi	to speak; to come; to go, to walk | go; come	
mchi ba	go; come	
mchi ma	tears	
mchil	spit	
mchil ma	spit	
mchims bza'	lady from the Mchims family	
mchims khro chag	Chim, the Translator Tro, and the Translator Chak	
mchims mdzod	Chim-jam-b#el-yang's (mchims 'jam dpal dbyangs) Commentary on	
mchis	to come; to go, to walk; to be there	
mchis pa	be; be there; exist; go; come	
mchis pa ma lags pa	not be; not exist	
mchis pa'i tshe	when it was	
mchod	to worship | offering; offer	
mchod 'os	worthy one; Arhat; the founder of Jainism	
mchod brjod	expression of worship	
mchod brjod pa	expression of worship	
mchod byed	offer; worship; revere	
mchod nyid	offering	
mchod pa	offering; honours | offering; offer; revere; honor; please through offering; worship	
mchod pa bya bar 'os par 'gyur	worthy of offerings; worthy of reverence; worthy one	
mchod pa byed pa	offers; revere	
mchod pa dang ldan pa'i theg pa chen po'i chos	great vehicle doctrines connected with offerings	
mchod pa dbul ba	offer offerings; offer worship	
mchod pa la sogs pa rnyed	obtain offerings and so forth	
mchod pa legs par bshams	layout of offerings	
mchod pa sngon du byas te	previously offered	
mchod pa yang byed	offer; revere	
mchod pa'i cho ga	rite of offering; rules for offering	
mchod par brjod pa'i ngag	a statement of speech expressing worship	
mchod par brjod pa'i yul	object of expression of worship{Lati}	
mchod par bya ba	having offered; offering; worshipped	
mchod par byed pa	offer; worship	
mchod rten	shrine (Skt. stupa) | reliquary; basis for worship	
mchod rten du gyur par byas pa	reliquary; build a reliquary	
mchod sbyin	sacrifice; Yajñadatta [p.n.]	
mchog	most excellent one | supreme. best; superior	
mchog 'grub	achievement of the supreme [i.e. Buddhahood]	
mchog dang ldan pa	endowed with the highest	
mchog dang po ... dam pa	supreme; highest; best	
mchog dga'	supreme joy	
mchog dman	value; superiority and inferiority	
mchog gi 'dra ba	like the best	
mchog gi chos la zhugs pa	enter into the supreme doctrine	
mchog gi dag par mchog tu 'dzin pa	thoroughly apprehend the supreme purity	
mchog gi don	supreme meaning; supreme object	
mchog gi don chos la bdag med pa	the supreme meaning/object, the selflessness of persons	
mchog gi sems can	supreme sentient being	
mchog gi sprul sku	Supreme Emanation Body	
mchog gyur	supreme; best; superior	
mchog gyur lus	superior body	
mchog gyur pa	supreme; best; superior	
mchog la	supreme; best; superior	
mchog la skyabs su 'gro ba	go for refuge to the supreme	
mchog nyid	supremacy; superiority	
mchog rab	supreme; best; highest	
mchog tu	supremely; greatly; thoroughly; completely	
mchog tu 'dzin pa	judgement; misconstrue; seize; remember; consideration	
mchog tu 'gyur ba	supreme; highest	
mchog tu brtan pa yin	supremely stable; thoroughly firm	
mchog tu bzung	very attached	
mchog tu dga' ba	supremely happy	
mchog tu gyur	supreme; highest	
mchong	to jump	
mchongs	jump	
mda'	arrow; downland, the lower part of a valley	
mda' 'phangs pa	shoot an arrow	
mdangs	brightness | tone; complexion; radiance	
mdo	Skt. sutra | sūtra; discourse; short sentence; axiom; scripture	
mdo bzhin du	in accordance with the sūtra	
mdo dang chos mngon 'dul ba	Discourses, Higher Knowledge, and Discipline	
mdo dang sbyor ba	putting this together with a sūtra; associating this with a sūtra	
mdo la sogs pa'i chos	doctrines of sūtras and so forth	
mdo mdzad pa	probably: Sautrāntika; possibly: Buddha [literally: Sūtra-maker; Sūtratakers]{	
mdo sde	sets of discourses	
mdo sde dang 'dul ba dang chos mngon pa	Discourses, Discipline, and Higher Knowledge	
mdo sde dang dbyangs kyis bsnyad pa'i sde la sogs pa	discourses and discourses in prose and verse, etc.	
mdo sde dgongs 'grel	Saṃdhinirmocana-sūtra; Sūtra Unraveling the Thought; P774, Vol. 29]	
mdo sde la 'jug	engage in the sūtras; enter into the sūtras	
mdo sde la sogs pa	sūtras and so forth	
mdo sde las brgya ba	The Sūtra of the Many Kinds of Actions (Toh. 340; P. 1007) {BJ 11.2}	
mdo sde pa	Sūtra School; Follower of Sūtra	
mdo sde rgyan	Maitreya's Ornament for the Mahāyāna Sūtras [P5521, Vol. 108]	
mdo sde smra ba	Proponent of Sūtra [=Sautrāntika?]	
mdo sde spyod pa'i dbu ma rang brgyud pa	Sūtra Middle Way Autonomy School	
mdo sde spyod pa'i dbu ma rang rgyud pa	Sūtra Autonomy Middle Way School	
mdo sde'i don	meaning of a sūtra	
mdo sde'i rgyan	Maitreya's Ornament for the Mahāyāna Sūtras [P5521, Vol. 108]	
mdo sde'i sde snod	scriptural collection of sets of discourses	
mdo ting nge 'dzin rgyal po	King of Meditative Stabilizations Sūtra	
mdo tsam	briefly	
mdo yi sde la sogs pa'i chos	doctrines of sūtras and so forth	
mdo'i sde	sets of discourses	
mdo'i sde la sogs pa'i chos	doctrines of sūtras and so forth	
mdo'i tshig	sūtra passage{BJ 52.4}	
mdog	hue; color	
mdog tu rung ba	suitable as hue	
mdongs	appearance; the form of the face; white spot; blaze; star on the	
mdor	in short | in brief	
mdor bsdu	short form; condensation	
mdor bsdu ba	short form; condensation	
mdor bsdu na	in brief	
mdor bsdus	[brief-into-gathered]; brief form; condensation; condensed	
mdor bsdus na	in brief	
mdor bsdus te bstan pa	brief indication	
mdor bstan	brief indication	
mdor bstan pa	brief explanation	
mdor bstan pa yin	briefly explain	
mdor na	in brief	
mdor sdud	short form condensation	
mdud	knot	
mdud pa	knot	
mdun	front | front; fore part; in front	
mdun bskyed	generation in front	
mdun du	in front of, before; to | in front [of]; in the presence [of]	
mdun du ye shes pa spyan drangs nas	having invited the Wisdom Being in front{TGP 5}	
mdun so	incisor (lit. front) tooth	
mdza'	close; friendly; friend	
mdza' ba	friendly; dear; beloved; friend	
mdza' ba dang mi mdza' ba dang ldan pa	having friends and non-friends	
mdza' bo	lover	
mdza' bshes	friend	
mdza' bshes chen po	great friend	
mdza' chen	great friend; very friendly	
mdza' po	close; friendly; friend	
mdzad	to do, to make; to act (as) | verb: do; use; honorific for byed; honorific form of address noun:	
mdzad byed pa	do; act; perform; use	
mdzad pa	deed | verb: do; use{BJ 34.1}; honorific for byed pa; honorific form of	
mdzad pa gcig pa	one deed; one action {T}	
mdzad pa lhun grub	spontaneous deeds	
mdzangs	wise	
mdzes	beautiful; handsome; fine	
mdzes pa	Mdzes-pa | beautiful; handsome; fine	
mdzes pa bzang po	beautiful; handsome; fine	
mdzes par byed pa	beautify; make beautiful	
mdzes se	Mdzes-se	
mdzo	mdzo, a hybrid between yak and domestic cattle | dzö (a cross-breed of male yak and female cow)	
mdzo rgod	wild cross-breed of male yak and female cow with wide thick horns	
mdzod	repository | verb: do; act; perform noun: deed; treasury adj.: beautiful; handsome	
mdzod spu	hair-tuft; hair-treasure {VM}	
mdzod spus	hair-tuft; hair-treasure {VM}	
mdzub chung	little finger	
mdzub mo	index finger	
me	fire	
me 'bar ba'i 'obs	whirlwind of fire	
me 'brel pa	connection with fire; connected with fire	
me char	flint	
me dang 'dra	similar to fire; like fire	
me dang phrad pa	meet with fire	
me gnas kyi bsam gtan	concentration of abiding in fire	
me lce	tongue of flame {T}	
me long	mirror	
me long gi dkyil 'khor	round mirror	
me long lta bu	mirror-like	
me long lta bu'i ye shes	mirror-like wisdom	
me mar	fire	
me mda'	gun	
me mdag	fire; live coals	
me shel	sunlight; sunstone	
me shing	firewood	
me tog	flower	
me tog bkram pa	Avakīrṇakusuma [p.n. of a future Buddha]	
me tog gang la phog pa	on which the flower hits ...	
me tog gtor na	Avakīrṇakusuma [p.n. of a future Buddha]; when/if flowers are strewn	
me tog ldan	having a flower	
me'i 'obs	whirlwind of fire {T}	
me'i dpe	example of fire	
me'i khams	fire-constituent; realm of fire	
med	not to be, not to exist; not to have | does not exist; not exist; not be	
med dgag	non-affirming negation; non-affirming negative	
med dgag gi gzhan sel	other-eliminator that is a non-affirming negative	
med du mi rung ba	indispensible{N}	
med math	nihilism	
med min	not non-existent{BJ 38.1}	
med mtha'	[non-existence-limit]; the extreme of non-existence	
med na mi 'byung	indispensable	
med pa	non-existence; non-existent{N}; does not exist; not exist; not be	
med pa dang 'dra ba yin	is similar to non-existence	
med pa gzhal snang can bzung yul du byed pa'i rtog med 'khrul shes	non-conceptual mistaken consciousness that takes a clearly appearing	
med pa la 'dzin pa	apprehend what is non-existent	
med pa la kun brtags pa	inputation with respect to what is non-existent	
med pa la yod par 'dzin pa	apprehend the non-existent as existent	
med pa ma yin	not non-existent{N}	
med pa min	not non-existent	
med pa nyid	non-existence	
med pa nyid du mi 'dod	does not assert/desire non-existence {T}	
med pa nyid yin pa	is non-existent; non-existent	
med pa pa	Nihilist{N}	
med pa spangs pa	abandon non-existence	
med pa yang dag pa nyid	non-existence	
med pa yang ma yin	and is not non-existent	
med pa'ang min	and is not non-existent	
med pa'i don	non-existent object/meaning; meaning of non-existence {T}	
med pa'i mtha'	extreme of non-existence{N}	
med pa'i stong pa nyid	non-existent emptiness; emptiness of the non-existent	
med par	non-existent; as non-existent	
med par gyur	is non-existent	
med par lta ba	view of nihilism{N}	
med par mi 'gyur	is not non-existent	
med par mi rung	not suitable as non-existent	
med par rnam par rtog pa	conceive as non-existent	
med par smra ba	nihilism; nihilist{N}	
med rgyu'i ngo bo	nonexistent nature; nature that is non-existent	
med thabs med pa'i phyir	because there is no way without a method ...	
melt,; digest; {T}	offer; receive; ask; request; request and receive	
mes 'jig pa 'i bskal pa	(aeon of) disintegration by fire	
mes bsros pa	tormented by fire	
mes btso	cooking [lit.: refining by fire]{BR}	
mgo	head; top; beginning	
mgo bo	head	
mgo dang rkang lag	head, legs, and arms; head, feet, and hands	
mgo gcig tu	certain; for sure	
mgo gcod pa	cut off the head; decapitate	
mgo mjug	beginning and end	
mgo nag	[head-black] laity; lay person	
mgo smos pas go ba/ mgo smos pas go ba ma yin pa	understands through mentioning the beginning and does not understand	
mgo tshugs	begin; start	
mgon	protector; benefactor	
mgon bcas pa	having a protector	
mgon bgyid pa	act as a protector	
mgon med pa	protectorless	
mgon med zas sbyin	Mgon-med-zas-sbyin (Skt. Anathapindada)	
mgon po	protector | protector; benefactor	
mgrin pa	neck; throat (hon.)	
mgron bu	shell [cowries, that is, small shells used as dice]	
mgu	please; make happy; gladden	
mgu ba	please; make happy; gladden	
mgu bar 'gyur ba	will please/make happy/gladden	
mgu bar byas pa	pleased; made happy; gladdened	
mgu bar byas te	having pleased/made happy/gladdened	
mgu bar byas te 'dzud do	having pleased enter; enter pleasingly	
mgu bar byed pa	please; make happy; gladden	
mgu bya	that which is to be pleased	
mgul	neck	
mgyogs	to be quick	
mgyogs po	quick	
mgyogs por	fast; quickly; soon	
mi	not; man, human being | (1) negative particle: not; non-; is not (2) man; human; men.; person	
mi 'brel ba	unrelated; unrelated phenomena	
mi 'byung	non-arising; not arise; not come forth; not emerge	 [Hopkins]: non-arising; not come forth; not emerge
mi 'byung ba	non-arising; not arise; not come forth; not emerge	
mi 'chad pa	not cut off; unexplained	
mi 'chi ba	non-death; not deat	
mi 'da' bar bya ba	should not be transgressed; should not be passed over {T}	
mi 'dod	non-desire; not desire	
mi 'dod pa	non-desire; not desire	
mi 'dod pa'i thal 'gyur	unwanted consequence	
mi 'dogs	not impute; non-imputed	
mi 'dra	different; dissimilar{BJ 45.7}; not alike	
mi 'dra ba	dissimilar; different; being specific, i.e., individual {GD:119}; not	
mi 'dra bar skye ba	produced differently; dissimilar production	
mi 'drar 'gro	going differently	
mi 'dzin	non-apprehension; (do) not conceive; non-conception	
mi 'dzin pa	non-apprehension; (do) not conceive{BJ 30.2}; non-conception	
mi 'gal ba	non-contradictory{N}	
mi 'go	not understand; non-understanding	
mi 'go ba	not understand; non-understanding	
mi 'gul	non-vacillating; not vibrating	
mi 'gyur	immutable	
mi 'gyur ba	immutable	
mi 'gyur ba'i bde chen	the immutable great bliss	
mi 'gyur ba'i chos can	immutable subject	
mi 'gyur ro	immutable	
mi 'jig pa	non-disintegrating{D2}	
mi 'jig pa'i chos	non-disintegrating phenomenon	
mi 'jigs	non-fear; fearless	
mi 'jigs pa bzhi	four fearlessnesses	
mi 'jigs pa sbyin pa	bestowing protection{VM}	
mi 'jug	non-engagement; non-entry; does not apply{BJ 53.2}	
mi 'khrugs	undisturbed; imperturbable; Akṣobhya [p.n. of a Buddha]	
mi 'khrugs chos can	undisturbed subject	
mi 'khrugs pa	undisturbed; imperturbable; Akṣobhya [p.n. of a Buddha]	
mi 'khrul ba	non-mistaken{N}	
mi 'og pa	not below; not under; unstained	
mi 'pho ba	non-development; not move; non-transmigration; not pass (from)	
mi 'phro ba	non-scattering; not spread; not diffuse	
mi 'phrog pa'i dwang pa'i dad pa	faith which is a non-captivated clarity	
mi 'phrogs pa	not deprive; not rob; not run away with	
mi 'thad	incorrect; unfeasible; not feasible	
mi 'thugs pa'i brtson grus	non-disturbed effort; undisturbed effort	
mi 'tshe	non-harm; non-harming	
mi bdag	false-master, lit. non-master	
mi bde ba	unhappiness; difficult	
mi bden par	non-truthful; false; falsely	
mi bkra ba	non-various; not shining; not beautiful	
mi brdzun pa	non-counterfeit; not false; non-falsity	
mi brgyud	lineage	
mi brjed	not forgetting; non-forgetfulness{DK 5.9}	
mi brjed pa	not forgetting; non-forgetfulness	
mi brjod	not state; non-statement; not indicate; non-indication	
mi brjod pa	not state; non-statement; not indicate; non-indication	
mi brlang pa	not rough	
mi brtan pa	unstable; infirm	
mi brten du mi rung ngo	not suitable as independent	
mi brten pa	independent; non-dependence; non-reliance	
mi brtson pa	non-endeavor; non-effort; non-exertion; non-striving	
mi bsgom par byed	not practice meditation; not cultivate	
mi bsgyur ba	not transform; unchanging; not affect; not control	
mi bskyed pa	non-produced; not generated; unproduced; non-production	
mi bskyod pa	undisturbed; imperturbable; Akṣobhya [p.n. of a Buddha]	
mi bskyud pa	non-forgetfulness{DK 5.9}; non-loss	
mi bslu	[not-deceive]; incontrovertible; ineluctible; undeceived; inevitable	
mi bslu ba	[not-deceive]; incontrovertible; ineluctible; undeceived; inevitable	
mi bsngags pa	not praise; non-praise	
mi btang ba	not give away; not let go; not give; not send	
mi byed pa	not made; not done	
mi byed pa'i sdom pa thob pa	attain the unmade vow {T}	
mi bzad	frightful; awful; horrible	
mi bzad pa	frightful; awful; horrible	
mi bzang	not good; not right; not nice	
mi bzod	not allowable; unendurable; nonforbearance/	
mi bzod ngo tsha	unbearable shame	
mi bzod pa	not allowable; unendurable; non	
mi chags	non-attachment; non-desire	
mi che ba	Not Great	
mi chod pa	not cut off	
mi chog	not sufficient	
mi cor smra ba	proponent of foolishness	
mi dag pa	impure	
mi dag pa'i kun rdzob	impure conventionality	
mi dal	non-leisure; no leisure	
mi dben par bgyid pa	make/become non-isolated	
mi dga'	unhappy; non-joyous	
mi dga' ba	unhappy; non-joyous	
mi dga' ba yid la byed pa	non-joyful mental contemplation; mental contemplation of	
mi dge	non-virtuous; non-virtue	
mi dge ba	non-virtuous; non-virtue; non-virtue, non-virtuous	
mi dge ba'i bcu'i las kyi lam	the path of ten non-virtues	
mi dge ba'i chos	non-virtuous phenomena; non-virtuous qualities/doctrines	
mi dge ba'i chos nyams par byed pa	abandon non-virtuous phenonena/qualities/doctrines	
mi dge ba'i grogs po	non-virtuous friend	
mi dgos	not necessary; need not; no need to{BJ 35.4}	
mi dgos pa	not necessary; need not; no need to	
mi dma'ba	not low; non-inferiority	
mi dman pa nyid	non-inferiority	
mi dmigs	not observed{BJ 50.6}; non-observation	
mi dmigs nyid	non-observation	
mi dmigs pa	not observed; non-observation	
mi dmigs pa stong pa nyid	non-observed emptiness	
mi dmigs pa'i tshul gyis	through the mode of non-observation	
mi dmigs par spyod pa	non-observed activity; non-observed performance	
mi g.yeng ba	non-distraction; not distraction; not wander (mentally)	
mi g.yo	immovable; not move; unfluctuating; unwavering	
mi g.yo ba	immovable; unshakeable; not move; unfluctuating; unwavering; Acala	
mi g.yo ba rab tu gnas	thoroughly abide in the immovable	
mi g.yo ba'i gnas skabs	state of immovability	
mi g.yo zhing shin tu brtan pa	immovable and stable	
mi gdung ba	Without Pain	
mi gnas	non-abiding; not abide; non-place; non-abode; no abode.	
mi gnas pa	non-abiding{Gön-chok}; not abide; non-place; non-abode; no abode	
mi gnas pa nyid	non-abidingness	
mi gnas pa'i mya ngan las 'das pa	non-abiding nirvāṇa{N}	
mi gnas pa'i myang 'das	non-abiding nirvāṇa{Gön-chok}; non-abiding nirvana	
mi gnas zhi bar zhugs pa	enter into non-abiding peace	
mi gnod pa	non-harm; not harm; non-injury; non-vessel	
mi gnod par	non-harm; not harmful; non-injurious	
mi gnod par 'gro bar bya	non-harm; not harm; non-injury; non-vessel	
mi gong	not high	
mi gos pa	unsullied; uncovered; unpolluted	
mi gos par 'gyur	unsullied; uncovered; unpolluted	
mi gsal ba	unclear	
mi gtogs pa	not included; unincluded	
mi gtong	not give/send/cast away	
mi gtsang	[not-clean]; unclean; excrement; filth; the unclean	
mi gtsang ba	[not-clean]; unclean; excrement; filth; the unclean	
mi gtsang ba dang sdug bsngal ba dang mi rtag pa dang bdag med pa'i 'du shes	conception of the unclean, suffering, impermanence, and selflessness	
mi gus	non-humility; disrespect	
mi khom	non-leisure	
mi khom pa	non-leisure	
mi khom par gyur pa	non-leisure	
mi la ras pa	Mi-la Ras-pa	
mi la shes rab rgyal mtshan	Mi-la Shes-rab Rgyal-mtshan, the father of Mi-la Ras-pa	
mi las	labour	
mi lcog med	not-unable	
mi lcogs med	not unable	
mi ldan	not having; not possessing	
mi ldan pa	not having; not possessing	
mi ldog	not reversed; irreversible	
mi ldog nyid	irreversibility	
mi ldog pa	irreversible; not reversed	
mi ldog pa nyid	irreversibility	
mi ldog par	irreversible; not reversed	
mi len pa	not take; non-obtainment; non-appropriated; not accept	
mi lta ba	unseen; not see; not view; non-view; non-seeing	
mi lta bar brtson 'grus	unseen effort	
mi ltos pa	independence; non-dependence; non-relation; unrelated	
mi ltung ba	non-infraction; not fall; not sin	
mi lus rin po che	precious human body	
mi ma	non-men; not men	
mi ma yin pa	non-men; not men; non-human	
mi ma yin par gyur pa	non-men; not men	
mi mdza' ba	unfriendly; enemy; foe	
mi mjed	obdurate	
mi mjed pa	obdurate	
mi mkhas	not wise; unwise	
mi mkhas pa	not wise; unwise	
mi mkhyen pa	not known; not know	
mi mnga'	does not have [honorific for, not possess]{BJ 69.3}	
mi mngon	non-manifest; not actual	
mi mnyam	non-sameness; not the same	
mi mnyam dang mnyam pa	non-similar and similar; similar to what is dissimilar	
mi mnyam pa	non-sameness; not the same	
mi mnyam pa dang mnyam pa	non-similar and similar; similar to what is dissimilar	
mi mnyes par byed par 'gyur ro	displease; not pleased	
mi mongs	non-afflicted; unafflicted	
mi mos pa	non-belief/imagination/faith/interest/inclination/prefer/zeal/imagine	
mi mthong	unseen; not see; not perceive	
mi mthong ba	blind | unseen; not see; not perceive	
mi mthun	discordant; different; dissimilar; conflicting{BJ 9.5}	
mi mthun dpe	dissimilar example	
mi mthun mtshan nyid	discordant character	
mi mthun pa	different; dissimilar; discordant; conflicting; incompatible	
mi mthun pa med pa	non-discordant; non-conflicting; non-different	
mi mthun pa'i mtshan nyid	discordant character	
mi mthun pa'i phyogs	discordances	
mi mthun pa'i phyogs 'dul ba	discipline the discordances	
mi mthun pa'i phyogs 'phel ba	increase of the discordances; increase the discordances	
mi mthun pa'i phyogs dang bral ba nyid	freedom from the discordances	
mi mthun pa'i phyogs kyi chos dang ma 'dres pa	unmixed phenomena/qualities of the discordances	
mi mthun pa'i phyogs kyi gnyen po	antidotes to the discordances{S 29}	
mi mthun pa'i phyogs kyi gnyen po yin pa	antidotes to the discordances	
mi mthun pa'i phyogs kyi ngo bo nyid	entityness of the discordances	
mi mthun pa'i phyogs kyi sa bon dang bral ba	free from the seeds of the discordances	
mi mthun pa'i phyogs la chags pa	attachment to the discordances	
mi mthun pa'i phyogs nges par grol ba	definite liberation from the discordances	
mi mthun pa'i phyogs nyams pa	abandon the discordances; abandonment of the discordances	
mi mthun pa'i phyogs rnam par 'tshe ba spangs pa	abandon the harm of the discordances	
mi mthun pa'i phyogs rnam par sun 'byin pa	the discordance of disbelief	
mi mthun pa'i phyogs rnams dang ma 'dres pa	unmixed discordances	
mi mthun pa'i phyogs spang ba	abandon the discordances	
mi mthun pa'i phyogs spangs pa	abandon the discordances	
mi mthun pa'i phyogs zhi ba	pacify the discordances; pacification of the discordances	
mi mthun pa'i rgyu	discordant cause; cause of discordance	
mi mthun par	discordant; discordantly; different; dissimilar	
mi mthun par gnas pa	abide discordantly	
mi mthun par mdzod pa	discordant; discordant act; different; dissimilar	
mi mthun phyogs	discordances; dissimilar class	
mi mthun phyogs ni spong byed	abandoner of the discordances; abandoning the discordances	
mi mthun phyogs spangs	abandon the discordances	
mi mthun spangs	abandon the discordances	
mi ngan	bad/wicked man	
mi ngoms nyid	non-satisfaction; unsatisfied; non-satiation; insatiable	
mi ngoms pa	non-satisfaction; unsatisfied; non-satiation; insatiable	
mi nor	man's wealth	
mi nus pa	unable; not able; cannot	
mi nyams	unspoiled; undefiled; uncorrupted; undegenerated	
mi nyams pa	unspoiled; undefiled; uncorrupted; undegenerated	
mi nyams pa'i bsam gtan dang ting nge 'dzin thob pa	obtain an uncorrupted concentration and meditative stabilization	
mi pham	unconquered; an epithet of Maitreya; name of a Nying-ma lama	
mi pham bshes gnyen	Ajita-mitra	
mi pham rgya mtsho	Mi-pham-gya-tso [p.n. of a Nying-ma lama]	
mi phan pa	non-benefit; disservice; not help	
mi phyed	[not-divide]; undivided	
mi phyed pa	[not-divide]; undivided	
mi reg par	not contacting; non-contact	
mi rgyu ba	the immobile; the inanimate [i.e. that which does not move about]	
mi rig pa	ignorant; ignorance; non-awareness; unaware	
mi rigs	(1) unreasonable; not reasonable; not definite{LG} (2) race (of	
mi rigs pa	(1) unreasonable{N}; not reasonable; not definite (2) race (of humans)	
mi rtag	impermanent; impermanence; impermanent phenomenon/thing	
mi rtag pa	impermanent; impermanent phenomenon; impermanence	
mi rtag pa dang sdug bsnal ba dang stong pa dang bdag med pa nyid	impermanence, suffering, emptiness, and selflessness	
mi rtag pa nyid	impermanence	
mi rtag pa nyid rnam pa gsum	three aspects/types of impermanence	
mi rten pa	not depending (upon); no basis; non-support	
mi rtog	non-conceptual; non-conceptuality; no conceptuality	
mi rtog blo	non-conceptual awareness	
mi rtog byang chub	non-conceptual enlightenment	
mi rtog pa	non-conceptual; non-conceptuality{N}	
mi rtog pa nyid	non-conceptuality	
mi rtog rnam par mi rtog pa	non-conceptual non-conceptuality	
mi rtog ye shes	non-conceptual exalted wisdom	
mi rtog ye shes ni skyes	produce non-conceptual exalted wisdom	
mi rtog ye shes stobs	force of non-conceptual exalted wisdom	
mi rtogs	not realize; not cognize; not understand; non-conceptual; non	
mi rtsub pa	not rough; non-roughness	
mi rung	unsuitable	
mi rung ba	unsuitable{N}	
mi sbyor ba	non-joining; non-connection; disconnection; non-application	
mi sdug pa	ugliness; unpleasant	
mi sdug pa'i rnam pa bsgoms pa	meditate on the aspect(s) of ugliness	
mi shes	uncognized; not conscious; unconscious; non-consciousness	
mi shes pa	uncognized; not conscious; unconscious; non-consciousness	
mi shigs pa	indestructible	
mi shigs pa nyid	indestructibility	
mi skrag	non-fear; not frightened	
mi skrag pa'i rgyu nyid	cause of non-fear	
mi skrag pa'i yid	non-fearful mind	
mi skrag par bya ba	object of non-fear; will not be fearful	
mi skye	not produced; unproduced; non-production	
mi skye ba	not produced; unproduced; non-production	
mi skye ba chos nyid	unproduced reality	
mi skye ba la bzod pa	forbearance/patience/tolerance/endurance with respect to non	
mi skye ba yi bzod pa nyid	forbearance/patience/tolerance/endurance with respect to non	
mi skye ba'i chos la bzod pa	forbearance/patience/tolerance/endurance with respect to the doctrine	
mi skye ba'i chos la bzod pa thob pa	attain forbearance/patience/tolerance/endurance with respect to the	
mi skye ba'i chos la bzod pa yongs su tshol ba	thoroughly seek/investigate/examine/research	
mi skye ba'i mthar	extreme of non-production; non-production-limit	
mi skye bzod pa thob nyid	attainment of forbearance/patience/tolerance/endurance with respect to	
mi skye'i chos la ni bzod pa thob pa	attain forbearance with respect to the doctrine of non-production	
mi skyed pa	non-produced; not generated	
mi skyes pa	non-produced; non-created; unproduced	
mi skyo ba	non-aversion; non-agitation; non-depression	
mi skyo bar bya ba	object of non-aversion; will not be averse	
mi slob	no more learning; non-learner	
mi slob lam	path of no more learning	
mi slob pa	no more learning; non-learner	
mi slob pa'i 'bras bu	fruit of a non-learner; {T} fruit of no more learning	
mi slu	[not-deceive]; incontrovertible; ineluctible; undeceived; inevitable	
mi slu ba	[not-deceive]; incontrovertible; ineluctible; undeceived; inevitable	
mi slu ba'i rig pa	incontrovertible knower{BR}	
mi smra ba	non-propounding; not propound	
mi smra na	when not propounding	
mi snang	non-appearing; non-appearance; not appear	
mi snang ba	non-appearing; non-appearance; not appear	
mi snang ba ma dmigs pa'i rtags	non-observation sign of the non-appearing	
mi snang ba nyid	non-appearance	
mi snyam pa	not think; non-consideration; not imagine	
mi snyam pas bzod pa	patience/forbearance/endurance/tolerance through not thinking [about	
mi snyan	unpleasant; non-fame; non-glory	
mi snyan pa	unpleasant | unpleasant; non-fame; non-glory	
mi snyan par	unpleasantly	
mi snyan par brjod par 'gyur	states unpleasantly; unpleasant expression	
mi spong ba	non-abandonment; not abandon	
mi spyod pa	non-performance; non-practice; not enjoy	
mi srid pa	not not occur{BJ 20.7}; impossible	
mi srid pa'i skyon	fallacy of non-occurrence	
mi ston pa'i phyir ro	because of not teaching; non-teaching; non-indication	
mi stong min	non-empty	
mi stong pa yang ma yin	non-empty	
mi stong pa'i stong pa nyid	non-empty emptiness	
mi thod gad kha	Mi-thod-gad-kha, a place name	
mi thogs	non-obstructive; non-obstacle	
mi thub	unsubdueable; not subdued	
mi thul ba	unsubdueable; not subdued	
mi thul bar 'gyur ro	unsubdueable; not subdued	
mi thul to	unsubdueable; not subdued	
mi tshugs pa	non-established; not established	
mi yi 'jig rten	world of men; world of mortals	
mi zad	[not-exhaust]; not only; inexhaustible	
mi zad pa	[not-exhaust]; not only; inexhaustible	
mi zad pa nyid 'byung ba dang sbyar ba	joined with the arising of inexhaustibility {T}	
mi zad pa'i tshig sdud	participial construction	
mi zad par byed	inexhaustibly do/make {T}	
mi zhig po	non-disintegrated; not destroyed; not perish	
mi zhim pa	non-fragrant; low; inferior; lesser	
mi zhim pa'i dri mi mnyam pa	unequal unfragrant odor	
mi zhim pa'i dri mnyam pa	equal unfragrant odor	
mi zhim pa'i lhan skyes kyi dri	unfragrant natural odor	
mi zhim pa'i sbyar byung gi dri	unfragrant manufactured odor	
mi zhum	non-slackness; non-discouragement	
mi zin pa'i 'byung ba las gyur pa'i sgra	sound arisen from elements not conjoined with consciousness	
mi zlos pa	not repeat again	
mi'am ci	a mythical being with a human body and the head of a horse or vice	
mi'i lus dang ldan	having a human body	
mi'i rten can gyi so so'i skye bo	ordinary beings with the basis of men; common being having the basis	
mi'u	dwarf	
mig	eye	
mig 'byed	opener of the eye; open the eye	
mig 'phrul	magic	
mig byed	eye activity; functioning of the eye{LG}	
mig dang gzugs rnams nas yid dang chos rnams zhes bya ba'i bar du	from eye and form up to mind and phenomena {T}	
mig dbang	eye sense power	
mig dmar	Tuesday	
mig g.yeng	undistracted; not wander (mentally)	
mig gi 'dus te reg pa'i rkyen las 'byung ba	arisen from the condition of eye-contact	
mig gi byed	eye activity{LG}	
mig gi byed pa 'das pa de'i tshe	when this eye activity is past{LG}	
mig gi byed pa dang ldan pa'i tshe	at the time of having eye activity{LG}	
mig gi dbang po	eye sense power	
mig gi dbang po'i spyod yul du snang bar gyur to	appear within the range of the eye sense power	
mig gi khams	eye-constituent	
mig gi rnam par shes pa	eye (main) consciousness | visual consciousness	 [Hopkins]: eye (main) consciousness
mig gi rnam shes	eye (main) consciousness	
mig gi skye mched	eye-source	
mig la sogs pa	eye, etc.	
mig lam du snang ba yin te	appears in the path of the eye	
mig lam du snang bar gyur to	appears in the path of the eye	
mig lam du'ang gda' lags so	appears in the path of the eye	
mig rab rib	faulty vision	
mig shel	eyeglasses	
mig shes	eye consciousness; eye cognition	
mig shes kyi bzung bya	apprehended object of an eye-consciousness	
mig slu bar byed pa	eye-deception; deceive the eyes	
mig yor	image; reflection	
min	not to be | is not; non-; not	
min 'gro	probably not	
min 'gro'am	maybe	
min gyur	what something is not	
min log	opposite-from-not-being-something	
min pa	is not; non-; not	
min pa 'dra	it does not seem	
ming	name | name; designation; term {GD:419}	
ming 'dzin pa	grasping a name; apprehension of a name	
ming 'jug pa'i gzhi	basis of affixing names{BJ 51.3}	
ming brda'	name and terminology	
ming brda' tsam gyis bzhag pa	posited by only name and terminology	
ming brdas bzhag tsam	only posited by names and terminology	
ming bstan pa	indicate his/her name; state his/her name	
ming btags pa tsam	mere imputation of a name{BJ 52.3}; mere nominal imputation	
ming dang 'du shes dang 'dogs pa dang rjes su tha snyad 'dogs pa byed pa	impute name, conception, imputation, and conventionalities	
ming dang brdas bzhag pa	posited by names and terminology [e.g. imputations as entity and	
ming dang gzugs	name and form	
ming dang rtog pas btags tsam	merely posited by names and thought{N}	
ming dang tshig dang yi ge'i grangs	enumeration of names, words, and letters	
ming dang tshig tu btags pa	imputed as names and words	
ming don 'brel ba'i rtog pa	conceptual consciousnesses that associate name and meaning	
ming du	named; nominal; as name	
ming du brdar btags pa gang yin	whatever is a designation as nominal terminology{BJ 70.1}	
ming du btags	nominally designate{S 1}	
ming du btags pa tsam	just nominally imputed	
ming du bya ba	named; called; reckoned as	
ming du gdags su yod pa	exist as nominally imputed/designated	
ming du kun tu rtog pa	imputation as name; nominal imputation	
ming du mngon par zhen pa	adherence to the name {T}	
ming gi brdas	nominal terminology{S}	
ming gi brjod pa	nominal expression	
ming gi byin gyi rlabs	empowerment of names; nominal empowerment	
ming gi gzhi las	from the nominal basis; empowerment of names; nominal	
ming gi lhag ma tsam du med pa	without even a nominal remainder	
ming gi rnam grangs	synonym	
ming gi tshogs	group of stems	
ming gi tshogs dang tshig gi tshogs dang yi ge'i tshogs rnams la ni	groups of stems, groups of words, and groups of letters	
ming gis	by names	
ming gis btags pa	nominally imputed{N}	
ming gis bzhag pa	nominal positing{N}	
ming gzhi	name basis	
ming gzugs	name and form	
ming ji lta ba de bzhin du don du mngon par zhen pa'i rnam par rtog pa	conception which adheres to the literal meaning of the names {T}	
ming la brten pa	in dependence upon names	
ming la dmigs pa	observation of a name {T}	
ming ma mchis pa	nameless	
ming ma mchis shing lus ma mchis pa	nameless and bodyless	
ming med	ring finger	
ming ni gang dang gang gis su	in whatever phenomenon, expressed by whatever name{BJ 66.3}	
ming nyid thob par 'gyur	obtain a name	
ming phar brjod pa	the expression of names out there{BJ 54.7}	
ming sring	brother and sister	
ming tsam	merely nominal{N}	
ming tsam du yod pa	mere nominal existence	
ming yongs su tshol ba	thoroughly seek/investigate/examine/research names	
mir 'gyur ba	be a man; man	
mir gyur pa	be a man; man	
mjal	meet; have an audience with [present tense stem]	
mjug	end	
mjug bsdu ba	final summary	
mjug ma	tail	
mjug thogs	immediately after; immediately subsequent to	
mjug thogs kho nar	only immediately after; only immediately subsequent to	
mjug thogs su 'jug pa	engaging immediately after	
mjug tu	at the end	
mkha'	space; sky	
mkha' 'gro	[sky-goer]; ḍāka [realized beings who in male form provide help to	
mkha' 'gro ma	[sky-goer-female]; ḍākiṇī [realized beings who in female form provide	
mkha' la	in the sky/space; through the sky/space	
mkha' lding	see nam mkha' lding | garuḍa-bird, lit. one soaring in the sky	
mkhan	[marker for agent]	
mkhan po	preceptor; abbot; professor; scholar	
mkhan po 'dra ba	like a preceptor/abbot/professor	
mkhar gyi rgyal po	king of a fort; comander of a fort	
mkhas	wise; skilled; be skillful; scholar	
mkhas grub	Kay-drup [1385-1438; one of D#zong-ka-b#a's two main students and	
mkhas pa	skilled (in), wise; wise one | adjective: skillful; wise; skilled; proficient noun: scholar; the wise	
mkhas pa dang ldan pa	endowed with skilfulness; endowed with wisdom	
mkhas pa la 'byung ba'i dogs pa'i gnas	topic of qualm arising in scholars/the wise	
mkhas pa rnam pa bcu	ten aspects of skill/wisdom	
mkhas pa rnams kyi las rnam gsum po	three aspects of activites of the skilful	
mkhas pa rnams kyis tshul bzhin brtags na	if/when the wise analyze properly	
mkhas pa'i dmigs pa; mkhas par byed pa'i dmigs pa	object of observation for [developing] skill	
mkhas pa'i rang bzhin can	having the nature of a wise person/scholar	
mkhas par	proficiently; skillfully	
mkhas par bya ba	object/topic of scholarship/skill	
mkhas par byas nas	having become skilled/proficient	
mkhas par byed pa'i dmigs pa	objects that make one skillful	
mkhas par ldan	endowed with skill/wisdom	
mkhas po	a skilled male person; a scholar	
mkhas shing thabs shes pa yin	wise/skilful and knowing methods/techniques	
mkho ba	necessary; important	
mkhregs po	hard (of objects)	
mkhris	bile	
mkhris lba	bile goiter	
mkhris pa	bile	
mkhur tshos	cheeks	
mkhyen	to recognise, to discern, to realise; to understand, to know | exalted wisdom; know; wisdom (hon.); knowledge; cognize; cognition	
mkhyen bzhin du	while knowing	
mkhyen nas	having known/cognized/realized	
mkhyen pa	exalted knowledge; exalted knower; knowledge; know; exalted | exalted knower of a Solitary Realizer who has abandoned all of the	
mkhyen pa'i gter	treasure of exalted knowledge	
mkhyen pa'i stobs	power of an exalted knower of concentration, liberation, meditative	
mkhyud	fist; keep; hold; retain; conceal	
mna' ma	wife	
mnal	to sleep	
mnan	to press down; to subdue; to cover	
mnar	to suffer, to be pained	
mnar ba	suffer; harm; torture; torment	
mnar bar 'gyur	suffer; harm; torture; torment	
mnar med	Most Tortuous; Most Torturous (Hell)	
mnar med pa	Most Tortuous Hell; denizen of the Most Tortuous Hell	
mnga'	to have; to be there | possess; own; have control over; have [in mind]	
mnga' ba	possess; own; have control over; have [in mind]	
mnga' bdag	lord; sovereign; owner; having dominion	
mnga' chen po	great dominion	
mnga' thang	power; control	
mngal	womb	
mngal du 'gro ba	go/descend into the womb	
mngal du 'jug pa	entry/descent into the womb	
mngal las skyes pa	born from a womb; womb-born	
mngal nas skye ba	born from a womb	
mngar ba	sweet	
mngon	actualize; manifest	
mngon 'dod	desire; attachment; wish	
mngon 'dod kyi dad pa	faith of wishing [to attain]	
mngon 'dod kyi rtog pa	wishing conception	
mngon blo	real understanding	
mngon brjod kyi bag chags	predispositions of verbalization	
mngon byang lnga	the five clarifications; {T} the five manifest enlightenments ?	
mngon byang; mngon par rdzogs par byang chub	clarification; full enlightenment	
mngon dga'	great joy	
mngon dga' zhing	manifestly liking/delighting; being manifestly happy	
mngon du	manifest; actual	
mngon du bgyid pa	actualize; manifest	
mngon du bsnyen pa byed pa	perform prior approximation	
mngon du bya ba	manifest; actualize	
mngon du byas nas	having manifested; having actualized	
mngon du byas pa	actualization; actualized; manifest	
mngon du gyur pa	verb: make manifest; make evident; actualize adj: manifest; evident the	
mngon du gyur pa'i tshul gyis	in a manifest manner	
mngon du mdzad	(hon.) actualize; manifest	
mngon du phyogs pa	approach; oriented; Approaching [the name of the sixth Bodhisattva	
mngon gyur	manifest phenonenon/object; manifest; approaching	
mngon mtho	[manifestly-high]; high status; sublime state; high type	
mngon pa	be evident; be; Manifest Knowledge	
mngon pa gong 'og gnyis	the two, the lower and upper Manifest Knowledges	
mngon pa kun btus	Summary of Manifest Knowledge [abhidharma-samuccaya, by Asaṅga	
mngon pa'i chos	Manifest Knowledge	
mngon pa'i mtshan ma sngar	previous manifest indication/sign	
mngon pa'i nga rgyal	manifest pride; pride of conceit	
mngon pa'i nga rgyal can	having manifest pride; manifestly proud; thoroughly conceited; one	
mngon pa'i nga rgyal can du ltung bar	fallen into manifest pride/conceit	
mngon pa'i sde snod	scriptural collection of manifest knowledge	
mngon par	openly, visibly	
mngon par 'byung	manifestly arise; manifestly emerge; emerge from	
mngon par 'byung ba	manifestly arise; manifestly emerge; emerge from	
mngon par 'byung bar 'gyur	manifestly arise; manifestly emerge; emerge from	
mngon par 'char ba'i tshe	time of manifestly appearing/dawning; when manifestly	
mngon par 'du bya ba	composition	
mngon par 'du bya ba med pa	non-composition	
mngon par 'du bya ba med par 'jug pa	engage in non-composition	
mngon par 'du byed	compose	
mngon par 'du byed pa	compose; means of composition	
mngon par 'du byed pa med pa	non-composition	
mngon par 'du byed pa med pa'i mtshan nyid	character of non-composition	
mngon par 'du mdzad pa	compose; actualize; manifest	
mngon par 'du mdzad pa mi mnga' ba	non-composed; non-actualized; non-manifest	
mngon par 'du mi byed	non-compose	
mngon par 'dus par byas pa	composed	
mngon par 'grub	become manifest	
mngon par 'phags pa	superior; elevated; risen up	
mngon par 'phags par 'gyur ba	become superior/elevated/risen up	
mngon par 'phags te	superior; elevated; risen up	
mngon par brjod	manifestly express/verbalize	
mngon par brjod pa	manifestly express/verbalize	
mngon par brtson	manifest effort; endeavor; manifest endeavor	
mngon par brtson byed	make manifest effort; endeavor; manifest endeavor	
mngon par brtson gyur	manifest effort; endeavor; manifest endeavor	
mngon par brtson pa	manifest effort; endeavor; manifest endeavor	
mngon par bsags pa	collected	
mngon par bsdus pa	condensed; brought together; abridged; summarized	
mngon par bsgrub cing	manifestly establish/achieve/accomplish	
mngon par bsgrub pa	manifestly establish/achieve/accomplish	
mngon par bsgrub par bya'o	should/will manifestly establish	
mngon par bsgrub par byed	manifestly establish	
mngon par bshad pa	explain; manifestly explain	
mngon par bstod	manifestly/strongly/thoroughly praise/laud	
mngon par bstod pa	manifestly/strongly/thoroughly praise/laud	
mngon par byed pa	manifest; actualize	
mngon par chags pa	manifest attachment	
mngon par dga'	to be delighted	
mngon par dga' ba	manifest joy; great joy	
mngon par dga' ba yid la byed pa	mental engagement of manifest joy	
mngon par dga' ba'i bsam pa	thought of manifest joy	
mngon par dga' ba'i che ba'i bdag nyid	essence of great manifest joy	
mngon par dga' ba'i yid la byed pa	mental engagement of manifest joy	
mngon par dga' bar 'gyur	become manifestly joyful	
mngon par dmigs pa med pa	non-observation; non-apprehension	
mngon par gtor	scatter; spread over; strew	
mngon par ma chags pa	non-attached; non-attachment; manifestly non-attached	
mngon par ma grub par	not manifestly established	
mngon par ma zhen pa	non-conception; non-adherence; non-attached	
mngon par mi brtson zhing	not endeavoring; not making effort	
mngon par mi shes pa	non-clairvoyant; without clairvoyance	
mngon par mtho ba	high status [within cyclic existence]	
mngon par rab tu gtor	scatter; spread over; strew	
mngon par rdzogs pa	perfect; complete; manifestly complete/perfected	
mngon par rdzogs par byang chub	complete perfect enlightenment	
mngon par rdzogs par byang chub pa	completely perfectly enlightened	
mngon par rdzogs par byang chub par 'gyur	become completely, perfectly enlightened	
mngon par rdzogs par rtogs pa	perfect/complete realization	
mngon par rdzogs par sangs rgyas	completely and perfectly enlightened/buddified; complete perfect	
mngon par rdzogs par sangs rgyas pa	completely and perfectly enlightened/buddified	
mngon par rtog pa	manfiest conceptuality; conceptual consciousness	
mngon par rtogs pa	clear realization	
mngon par rtogs pa'i dus	time of clear realization	
mngon par rtogs pa'i rgyan	Maitreya's Ornament for Clear Realization [abhisamayālaṃkāra,	
mngon par sangs rgya	to achieve manifesting enlightenment	
mngon par sgrub	manifestly establish/achieve/accomplish	
mngon par sgrub pa	manifestly establish/achieve/accomplish	
mngon par sgrub pa la mkhas pa	skilled in manifestly establishing/achieving/accomplishing	
mngon par sgrub par byed pa	manifestly establish/achieve/accomplish; means of manifestly	
mngon par shes	clairvoyance	
mngon par shes pa	clairvoyance	
mngon par shes pa drug	the six clairvoyances	
mngon par shes pa la sogs pa yon tan	the qualities of clairvoyances and so forth	
mngon par shes pa lhag ma gsum	the three remaining clairvoyances {T}	
mngon par shes pa'i spyod pa	practice clairvoyance	
mngon par shes par gyur pas	through being clairvoyant	
mngon par shes pas rnam par brtse ba	playing with the superknowledges{C}	
mngon par spel zhing	increase; augment	
mngon par spro shing skyo bar med pa	enthusiastic and without discouragement	
mngon par sprul	emanate	
mngon par sprul pa	emanate	
mngon par stod	to praise	
mngon par ston	manifestly indicate/teach/show/demonstrate/set forth	
mngon par ston pa	manifestly indicate/teach/show/demonstrate/set forth	
mngon par thob byed	manifestly attain/obtain	
mngon par yid ches par 'gyur ba 'byung la lta mchis lags sam	manifestly believe; strongly believe	
mngon par zhen pa	manifest conception; strong adherence{N}	
mngon par zhugs	enter; manifestly enter	
mngon phyogs	approach	
mngon rtogs	clear realization/realizer	
mngon rtogs rgyan	Maitreya's Ornament for Clear Realization [abhisamayālaṃkāra,	
mngon shes	clairvoyance	
mngon spyod	violent activities; fierce activities	
mngon sum	direct perceiver; direct perception; obvious object	
mngon sum 'khrul rgyu can	direct perception serving as a cause of error	
mngon sum bcad shes	direct subsequent cognizer	
mngon sum bya ba	manifestation; actualization	
mngon sum byas nas	having manifested; actualizing	
mngon sum dang po pa	beginning direct perceiver (?)	
mngon sum du	manifestly; evidently; directly	
mngon sum du 'jug ldan gnyis ka	both enter and arise from manifestly	
mngon sum du bgyid	actualization; make manifest	
mngon sum du bgyid pa	actualize; make manifest	
mngon sum du bya ba	manifestation; actualization	
mngon sum du byas nas	manifesting; actualizing	
mngon sum du byas pa	manifestation; actualization	
mngon sum du byed cing	manifest; actual	
mngon sum du byed pa	manifestation; actualization	
mngon sum du gyur	manifest	
mngon sum du gyur pa	manifest	
mngon sum du ma mdzad pa	non-manifest; not actual	
mngon sum du mdzad pa	manifestation	
mngon sum du rtogs pa	realize directly; cognize directly; direct realization	
mngon sum gyi nges ngor	to/for the ascertainment factor of a direct perception	
mngon sum gyi snang yul	appearing object of direct perception ; appearing object of a direct	
mngon sum gyi spyod yul	sphere of direct perception{LG}	
mngon sum gyi tshad ma	direct prime cognizer; direct valid cognition; sense direct perception	
mngon sum gyi tshad mas dngos su rtogs par bya ba	an explicit object of cognition by a direct perceiver; {T} an object	
mngon sum gyis drangs pa'i rtog pa bcad shes	conceptual subsequent cognizer that remembers because of direct	
mngon sum gyis rtogs pa	realize with direct perception	
mngon sum la snang ba gang zhig so sor mi snang ba	(1) appearing to direct perception; and (2) not appearing as separate	
mngon sum ltar snang	pseudo/quasi/counterfeit direct perception/ perceiver	
mngon sum ma yin pa	non-manifest; not actual	
mngon sum ma yin pa'i chos	non-obvious phenomenon	
mngon sum mdzad	manifest	
mngon sum mi byed	non-manifest; not actual	
mngon sum yid ma gtad	not aiming the mind directly (?) {T}	
mngon zhen	exaggerated adherence; manifest conception; strong adherence	
mngor ba	sweet{D1}	
mnod pa	to cause to receive	
mnos	to cause to receive	
mnyam	similar; equal; alike; same	
mnyam bzhag	meditative equipoise	
mnyam bzhag nam mkha' lta bu	space-like meditative equipoise	
mnyam bzhag rnam mkha' lta bu	spacelike meditative equipoise	
mnyam bzhag snang bcas	meditative equipoise with appearance	
mnyam bzhag snang med	meditative equipoise without appearance	
mnyam bzhag tsam po ba	mere meditative equipoise	
mnyam bzhag ye shes	exalted wisdom of meditative equipoise	
mnyam bzhag yin pa	in meditative equipoise	
mnyam du	equally; together	
mnyam du 'byung ba	arise together	
mnyam du gsungs	equally said (that ...)	
mnyam gnas kyi rlung	fire-dwelling wind	
mnyam gzhag	meditative equipoise; contemplative equipoise	
mnyam gzhag ye shes	exalted wisdom of meditative equipoise	
mnyam med	unequalled{N}	
mnyam nyid	equality; sameness	
mnyam pa	equal; similar; alike; same	
mnyam pa dang mi mnyam pas	equal and unequal; similar and dissimilar	
mnyam pa dang mnyam pas	exactly equal	
mnyam pa med pa	unequalled; dissimilar	
mnyam pa nyid	equality; sameness; similarity	
mnyam pa nyid du 'gyur ba	become equal	
mnyam pa nyid du 'jug pa	enter into equality	
mnyam pa nyid du lta ba	viewing sameness; view of equality	
mnyam pa nyid du lta ba yid la byed pa	mental contemplation in terms of viewing equality	
mnyam pa nyid kyi bsam pa	thought of equality	
mnyam pa nyid kyi rnam pa sgom pa	cultivate the aspect of equality	
mnyam pa nyid kyi ye shes	exalted wisdom of equality	
mnyam pa nyid la dgongs pa	thinking of equality	
mnyam pa'i sems nyid	equal mind; {T} equal mindedness (?)	
mnyam par	equally	
mnyam par 'jog	[equal-ly-set]; setting in equipoise; compose mind for meditation	
mnyam par 'jog pa	[equal-ly-set]; setting in equipoise; compose mind for meditation	
mnyam par 'jog par byed	setting in equipoise	
mnyam par 'jug cing	entering into equality	
mnyam par bzhag	meditative equipoise{Gön-chok}; compose the mind for meditation	
mnyam par bzhag pa	meditative equipoise{Gön-chok}; compose the mind for meditation	
mnyam par bzhag pa ma yin pa	not in meditative equipoise	
mnyam par bzhag par	meditative equipoise	
mnyam par bzhag par 'jog pa	setting in meditative equipoise	
mnyam par gzhag pa	meditative equipoise; compose the mind for meditation	
mnyam par ma bzhag	not in meditative equipoise	
mnyam par ma bzhag pa	not in meditative equipoise	
mnyam par ma gzhag	not in meditative equipoise	
mnyam par thob na	obtain equality	
mnyam par zhog	meditative equipoise; compose the mind for meditation	
mnyam par zung du 'jug pa	meditate; engage in meditation	
mnyam pas	measures	
mnyam sbyor	union	
mnyan	(1) listen (equivalent to nyan pa); (2) boat	
mnyan du 'ongs	come to listen	
mnyan du yod pa	Mnyan-du-yod-pa (also Mnyan-yod), Indian town Shravasti	
mnyan pa	(1) boatman; (2) listen	
mnyan pa dang dad par bya	listen and believe	
mnyan yod	Mnyan-du-yod-pa (also Mnyan-yod), Indian town Shravasti	
mnyes pa	to please; delight; be pleased; delighted	
mnyes par byas pa	please; delight	
mnyes par byed	please; delight	
mnyes par byed par 'gyur	please; delight	
mnyes par dka'	difficult to please	
mnyes po	interesting	
mo	she; female | (1) female; woman; wife; feminine particle; she (2) particle indicating	
mo gsham gyi bu	son of a barren woman; child of a barren woman	
mo khab	needle	
mo ma	diviner	
mo mog	momo	
mo nor	woman's goods	
mo'u gal gyi bu	Maudgalyāyana [p.n. of one of the Buddha's main disciples]	
moTa	car	
mod	to be abundant, to abound | [verb + mod] indeed; although; but; though	
mon lam chen mo	Great Prayer Festival	
mon sne dmar po	"a red leaved plant about two feet high, commonly called the """"new"	
mos	to take pleasure in | belief; imagination; faith; interest; inclined towards; prefer; zeal	
mos min	non-belief/faith/interest/inclination towards/zeal/keenness	
mos pa	belief; imagination; faith; interest; inclined towards; prefer; zeal	
mos pa 'thob pa	obtain belief	
mos pa che	great belief/faith/interest/inclination towards/zeal	
mos pa dang ldan pa	faithful; having belief/faith/interest/inclination towards/zeal/keenness	
mos pa las byung ba'i yid byed	mental contemplation arisen from belief	
mos pa mang ba nyid	much belief/faith/interest/inclination towards/zeal/keenness; greatness	
mos pa nyid	belief/faith/interest/inclination towards/zeal/keenness	
mos pa rgya che ba	extensive belief/faith/interest/inclination towards/zeal	
mos pa rgya chen po	extensive belief/faith/interest/inclination towards/zeal	
mos pa rgyas pa	extensive/increased belief/faith/interest/inclination towards/zeal	
mos pa rnam par 'phel byed pa	cause belief to increase {T}	
mos pa yid byed	mental contemplation of belief	
mos pa yid la byed pa	mental contemplation of belief{Lati}	
mos pa'i 'bras bu yongs su bsdu ba	collect the fruits of belief	
mos pa'i bar du gcod pa	interruption of belief {T}	
mos pa'i bsod nams kyi khyad par	feature of the merit of belief {T}	
mos pa'i go rim pa	stages of belief/faith/interest/inclination towards/zeal/keenness; that	
mos pa'i phan yon	benefit of belief/faith/interest/inclination towards/zeal/keenness	
mos pa'i skabs	occasion of belief/faith/interest/inclination towards/zeal/keenness	
mos pa'i spyod pa'i sa	ground of engagement through belief	
mos pa'i stobs bskyed pa	generate the power of belief	
mos par 'gyur	believe; belief	
mos par bya ba	object of belief/faith/interest/inclination towards/zeal/keenness	
mos par bya'o	should/will believe/have belief/faith/interest/inclination	
mos par dka'o	difficult to believe	
mos pas spyod pa	engagement through belief	
mos pas spyod pa la gnas pa'i byang chub sems dpa'	the Bodhisattva's ground of engagement through belief	
mos pas spyod pa'i sa	ground of engagement through belief	
mos pas thob pa	attain/obtain through belief	
mos spyod	engagement through belief	
mos spyod kyi sas bsdus pa'i byang sems kyi mkhyen pa	exalted knower of a Bodhisattva that is included within the ground of	
mos spyod pa'i sa	ground of engagement through belief	
mtha'	end | extreme; limit; end; alternative; possibility{N}	
mtha' bral	free from extremes	
mtha' dag	[end-s]; all; entire	
mtha' dag don rtogs	realize the entire meaning	
mtha' dag pa	all; entire	
mtha' dpyad	analysis of the scope; investigation of the limits [of pervasion]; final	
mtha' dpyod	decisive analysis; final analysis	
mtha' gcig tu zhen pa	conceiving one-pointedly; determining one-pointedly	
mtha' gcod rin po che'i myu gu	Precious Sprouts, a Final Analysis [of Guhyasamaja]	
mtha' gnyis	the two extremes [of eternalism (śāśvata-vāda) and annihilationism	
mtha' gnyis la sbyor ba'i gnyen po	antidote to connection with the two extremes	
mtha' gnyis mi rtog pa	not conceive the two extremes	
mtha' gnyis spangs pa	abandon the two extremes	
mtha' klas pa	limitless	
mtha' las	from the extremes	
mtha' las 'das	passed beyond extremes; limitless	
mtha' las 'das pa stong pa nyid	limitless emptiness	
mtha' lus pa	all; entire	
mtha' ma	final; end	
mtha' rten	supplemental	
mtha' skor	[end-round]; all round	
mtha' spangs pa	abandon extremes	
mtha' thug pa	final	
mtha' thug par	final; finally	
mtha' thug par gnas par	final state; final abode	
mtha' yas	[end-lacking]; infinite; limitless	
mtha' yas mu med la mthar thug	p.n. of a Buddha	
mtha' yas pa	limitless{N}; endless; infinite	
mtha' yas pa nyid pa	limitlessness	
mtha'i sgom pa	meditation on the extremes	
mthar	in the end; finally; eventually; at the end of | end; extreme	
mthar 'byin par byed	complete	
mthar 'dzin pa'i lta ba	view holding to an extreme	
mthar 'dzin par lta ba	view holding to an extreme	
mthar byas pa	finish; complete; perfect	
mthar dbyung	will complete [future tense of complete]	
mthar gyis gnas pa'i snyoms 'jug	serial absorption	
mthar gyis sbyor ba	serial training	
mthar mdzad	[to end-do]; end; finish; put an end to	
mthar mdzod	end; finish; put an end to	
mthar mi byed pa	not complete; not finish	
mthar phyin	bring to completion; finish	
mthar phyin pa	[to-end-go]; brought to completion; finish; complete; perfect; reach to	
mthar phyin par bgyis pa	finish; complete; perfect	
mthar thug	[end-to-meet] final; complete	
mthar thug gi sems tsam	Final Mind-Only	
mthar thug pa	[end-to-meet]; final; finality{N}; complete; completed	
mthar thug pa'i lam	final path	
mthar thug par bya ba	become final; finalize	
mthar thug theg pa	final vehicle	
mthe bong	thumb{VM}	
mthe'u chung	little finger{VM}	
mtheb	thumb{VM}	
mtheg chen gyi sgrub pa	Great Vehicle achiever	
mthil	palm	
mtho	to be high | high; elevated	
mtho ba	high	
mtho brtsegs	[high-pile]; piled on top of; pile on top of	
mtho btsams; mtho mtshams	malevolence; evil intent	
mtho gling	To-l#ing Monastery (in the central Himalayas near Mount Kailash)	
mtho med pa	not high	
mtho po	high; tall	
mtho ris	heaven | [high-region]; high estate [lives of humans and gods]; heaven(s); areas	
mtho ris kyi yon tan bdun	seven good qualities of exalted status	
mtho ris su skye ba'i rgyu	cause of rebirth in a high state/heaven	
mtho ris su skye bar byed pa	be born in a lifetime of high status	
mthon	come out; depart	
mthon dman	high and low	
mthon ka chen po	a blue gem of great value; celestial gem	
mthon po	high level (?)	
mthong	to see | to see; to perceive	
mthong ba	to perceive; to see; perception; seeing	
mthong ba dang thos pa dang bye brag phyed pa dang rnam par shes pa dang	seen, heard, distinguished, and cognized	
mthong ba la sogs	views and so forth	
mthong ba ma lags pa	not seeing	
mthong ba med pa	not seen; not perceived	
mthong ba po nas rnam par shes pa po'i bar	ranging from one who sees up to one who cognizes {T}	
mthong ba rab dag	very pure seeing	
mthong ba tsam gyis	from just seeing	
mthong ba yi chos la zhi	pacified in this lifetime	
mthong ba'i chos	seen phenomena; phenomena that are seen	
mthong ba'i dbang gis	by the power of seeing	
mthong ba'i lam	path of seeing	
mthong ba'i rnam pa bsgom pa	meditate on the aspects of what is seen	
mthong ba'i sa	ground of seeing	
mthong ba'i spangs bya	object of abandonment of seeing	
mthong bar 'gyur ro	see; perceive; will see	
mthong bar dka'	difficult to see	
mthong bar dka' ba	difficult to see	
mthong bar nye bar 'gro	come to be seen	
mthong bar nye bar 'gro'o	comes to be seen	
mthong bas spang bar bya ba'i nyon mongs pa	afflictions that are the objects of abandonment by seeing	
mthong bas spang bya'i nyon mongs	afflictions that are the objects of abandonment by seeing	
mthong byed	seen	
mthong bzhin du	in accordance with what is seen	
mthong chos la	in this lifetime	
mthong dka'i thub pa	subduer of what is difficult to see	
mthong ka chen po	a blue gem of great value; celestial gem	
mthong lam	path of seeing	
mthong lam bar chad med lam	uninterrupted path of seeing	
mthong lam bar chad med lam skad cig gnyis pa	the second moment of an uninterrupted path of a path of seeing	
mthong lam pa'i rgyud kyi mkhyen pa	exalted knower in the continuum of a person on the path of seeing	
mthong ma ma lags pa	not seeing	
mthong ma thag tu	immediately/right/just after seeing	
mthong nas	having seen; having perceived	
mthong nyid las	from just seeing{LG}	
mthong rgya che chung	greater and lesser vision	
mthong ste	seeing; perceiving	
mthong zhes bya	seeing	
mthu	strength; spell | power; force	
mthu 'grub pa	achieve power	
mthu can	powerful	
mthu che	great power	
mthu che ba	great power	
mthu chen ldan pa	great power	
mthu chen po	great power	
mthu chung ba	little power; weak	
mthu chung ngu	little power; weak	
mthu dang ldan pa	powerful	
mthu la mos pa	belief/faith/interest/inclined towards/zeal in power	
mthu med pa	powerless	
mthu phul du byung ba	increase the majesty of power	
mthu phul du byung ba gong nas gong du 'phel ba thob pa'i khyad par	the feature of increasing the majesty of power higher and higher{PGP	
mthu rnam pa bzhi	four aspects of power	
mthu stobs	powerful; power	
mthu thob pa	obtain power	
mthu thob pa yid la byed pa	mental concentration on obtaining power	
mthu thob pa yongs su smin pa	ripenning of the attainment of power {T}	
mthu yi mtshan nyid rnam par dbye ba	divide the characteristic of power	
mthu'i khyad par dang ldan pa	having the distinction of power	
mthu'i skabs	occasion of power	
mthud	series	
mthud pa'i shes pa'i rgyun	continuum of consciousness which is a series	
mthun	to agree | concordant; accord (with)	
mthun bya	session	
mthun dpe	similar example	
mthun dpe yang dag	correct similar example	
mthun pa	condordant; concordant	
mthun pa nyid	concordance	
mthun pa yi ni chos spyod do	practice concordant doctrines	
mthun pa'i chos	concordant doctrines; concordant phenomena	
mthun pa'i don dam	concordant ultimate{N}	
mthun pa'i lam spyad pa	practice a concordant path	
mthun pa'i yul du gnas pa	abide in a concordant object	
mthun pa'i yul na gnas	staying in an agreeable place	
mthun par 'khor ro	concordant circling	
mthun par byas pa yin; dang mthun par byas pa yin	is concordant; make concordant (with)	
mthun par dmigs pa	that observed as a common locus which is (1) something of which	
mthun phyogs	similar class	
mthun phyogs la yod pa	existing in the similar class	
mthun rkyen	[concordant-cause]; concordant condition; concordant circumstances	
mthun spyod	concordant practice	
mthun tshig	concordant words	
mthur	halter	
mthus	power	
mtshams	intermediate space; border; juncture; limit; gap between lives	
mtshams med lnga	five heinous crimes	
mtshams med pa	borderless; heinous crime	
mtshams sbyar	transition{BJ 16.2}	
mtshams sbyar ba	transition	
mtshams sbyar ba ma lags pa	non-transition	
mtshams sbyor ba	transition	
mtshams sbyor ba ma mchis pa	non-transition	
mtshan	name; characteristic mark, sign | name; characteristic(s){BJ 38.1}; night; sign; mark; symptom; sexual	
mtshan bcas kyi 'du shes	discrimination having signs	
mtshan bcas kyi rnal 'byor	yoga with signs	
mtshan dang dpe byad	[32] marks and [80] signs [of a Buddha or cakravartin]	
mtshan dang dpe byad bzang po	[32] marks and [80] signs [of a Buddha or cakravartin]	
mtshan don dang mthun pa	a name which is concordant with the meaning {T}	
mtshan dpe	major and minor marks [of a Buddha]	
mtshan dpes spras pa'i rtag brtan gyi snying po	a permanent, stable essence that is adorned with the major and minor	
mtshan gnyis pa	androgyne; androgynous	
mtshan gsol ba	give a name	
mtshan gyi rgyu	cause of a name; cause of naming	
mtshan gzhi	illustration; instance	
mtshan ma	sign; mark; dualism; wrong perception; character	
mtshan ma dang bcas pa'i zhi gnas	calm abiding with signs	
mtshan ma dang bral ba	free from signs	
mtshan ma mchis pa	signless	
mtshan ma med	signless; signlessness	
mtshan ma med pa	signless; signlessness{N}	
mtshan ma med pa la rtsol ba'i 'du shes	discrimination which strives for signlessness {T}	
mtshan ma med pa mngon du bya ba	direct realization of signlessness	
mtshan ma med pa'i dbyings	signless realm	
mtshan ma med pa'i gzhi	signless basis; basis of signlessness	
mtshan ma med pa'i lhag mthong	special insight without signs	
mtshan ma med pa'i rnal 'byor	yoga without signs	
mtshan ma med pa'i shes pa	signless consciousness; cognition of signlessness	
mtshan ma med pa'i ting nge 'dzin	signless meditative stabilization	
mtshan ma med pa'i zhi gnas	calm abiding without signs	
mtshan ma med par gcig tu nges pa'i lam	path which singlely ascertains signlessness ? {T}	
mtshan ma med par gnas pa	signless abode; abide in signlessness	
mtshan ma nyid mtshan ma med par mthong	see the sign as a signless {T}	
mtshan ma rnam par mi rtog pa	non-conceptual sign	
mtshan ma'i 'du shes	conception of a sign	
mtshan ma'i gnas	abode of signs	
mtshan ma'i lha	sign deity	
mtshan ma'i rnam par g.yeng ba	distraction of signs	
mtshan ma'i spyod yul	realm of signs	
mtshan mar 'dzin pa	apprehension of signs{N}; conception of signs	
mtshan mar byas nas	having made a sign ? {T}	
mtshan med	signless	
mtshan med 'du byed dang bcas par gnas pa	abide in signlessness with discrimination {T}	
mtshan med ... gnas pa	signless abode	
mtshan med kyi rnal 'byor	yoga without signs; yoga of signlessness	
mtshan med rtsol bcas kyi 'du shes	signless discrimination having exertion	
mtshan mo	night	
mtshan mtshon	definition and definiendum{D2}	
mtshan nyid	definition; character; characteristic; mark; attribute; sign; case	
mtshan nyid 'dzin pa	apprehending character {T}	
mtshan nyid bzhi	four characteristics; four characters	
mtshan nyid dang ldan pa	fully qualified	
mtshan nyid dang mi 'gal ba	not contradictory with the character	
mtshan nyid dang mtshon bya	definition and definiendium	
mtshan nyid gcig pa	one characteristic; one character	
mtshan nyid gsum	the three characters	
mtshan nyid kyi de bzhin nyid	reality of characteristics	
mtshan nyid kyi theg pa	Definition Vehicle	
mtshan nyid mchog	supreme character; supreme characteristic	
mtshan nyid med pa	non-character; unmarked; characterless	
mtshan nyid mi 'dra	different characteristics {T}	
mtshan nyid ngo ba nyid med pa	character-non-nature	
mtshan nyid ngo bo nyid med pa	character-non-nature; character-naturelessness	
mtshan nyid ngo bo nyid med pa nyid	character-non-nature; character-naturelessness	
mtshan nyid ni yod kyang ji ltar kun tu brtags pa bzhin du med pa	the characteristic does not exist as it is imputed to exist {T}	
mtshan nyid pa	that which has all the characteristics; real; actual; fully qualified{LG}	
mtshan nyid rab tu rig pa	thorough knowledge of the character	
mtshan nyid rab tu rig pa'i yid byed	mental contemplation of thorough knowledge of the character	
mtshan nyid shes pa	knowledge of the character/characteristic {T}	
mtshan nyid so sor rig pa	individual knowledge of the character	
mtshan nyid so sor rig pa yid byed	individual mental contemplation of the knowledge of	
mtshan nyid so sor rig pa'i yid byed	mental contemplation of individual knowledge of the character; mental	
mtshan nyid so sor yid byed	individual mental contemplation of the character	
mtshan nyid yongs su chad pa'i kun brtags	imputations of which the character is thoroughly cut off{BJ 25.4}	
mtshan nyid yongs su ched pa'i kun btags	non-existent imaginary	
mtshan nyid zab pa	profound character	
mtshan phun sum tshogs pa	marvellous characteristic(s)	
mtshan phyed	midnight	
mtshan smos pa tsam	merely mention the name {T}	
mtshan so gnyis dpe byad brgyad cu	thirty-two marks and eighty signs [of a Buddha or cakravartin]	
mtshang 'dru	expose one's faults; irritate; strife; fight	
mtshang bru	strife; fight{C}; expose one's faults; irritate	
mtshar	fantastic	
mtshar ba	beautiful	
mtshe	pond	
mtshe'u	pond	
mtshe'u 'khrugs	agitated pond	
mtsho	lake	
mtsho skyes	[lake-born]; lotus	
mtsho sman	Tso-men (a lake spirit)	
mtshon	define; make known; illustrate; show; exhibit; exemplify	
mtshon bya	definiendum	
mtshon byed	illustrator	
mtshon don	exemplicatory meaning{BJ 14.4}	
mtshon la sogs pa	weapons and so forth	
mtshon par byed	characterize; illustrate(s); define; make known; exemplify	
mtshon par byed pa	characterize{BJ 37.6}; illustrate(s){BJ 39.2}; define; make known	
mtshun	pha ma'i mtshun 'thor byed pa = dispersing offerings that are made to	
mtshung	similar; alike{N}	
mtshung ldan	similar association	
mtshungs	similar | similar; like; equal	
mtshungs ldan	having/possessing association; associational	
mtshungs ldan gyi rgyu	associational cause	
mtshungs ldan pa	having/possessing association; associational	
mtshungs ma med	unequalled; dissimilar; unlike	
mtshungs med	unequalled; dissimilar; unlike	
mtshungs pa	similar; like; equal	
mtshungs pa de ma thag pa'i rkyen	similar immediately preceeding condition	
mtshungs pa de ma thag rkyen	similar immediately preceeding condition	
mtshungs pa ma mchis pa	unequalled; dissimilar; unlike	
mtshungs pa med pa	unequalled{N}; dissimilar; unlike	
mtshungs pa nyid	similarity; sameness	
mtshungs par	similar; like; equally	
mtshungs par bya ba	equalize	
mtshungs par ldan	having/possessing association; associational	
mtshungs par ldan pa	having/possessing association; associational	
mu	possibility; alternative; permutation	
mu bzhi	four possibilities	
mu cor	foolishness	
mu cor mi smra ba	not propound foolishness	
mu gsum	three possibilities/permutations	
mu gzhi	four possibilities; four possibilities; tetralemna; four permutations	
mu med	[end-not exist]; limitless; boundless; endless	
mu med pa	[end-not exist]; limitless; boundless; endless	
mu med pa thug pa med pa	endless and boundless	
mu steg can	Forder [a non-Buddhist]	
mu stegs	Forder [a non-Buddhist]	
mu stegs can	Forder [a non-Buddhist]; [non-Buddhist] Forders	
mu stegs can blo gros ngan pa'i lta ba	view of a Forder of bad intelligence	
mu stegs can dang thun mongs ma yin pa	concordant with Forders	
mu stegs can gyi mtha'	extreme [view] of a Forder; Forder-limit	
mu stegs can gyi thar pa	liberation of a Forder	
mu stegs can gzhan	other Forders	
mu stegs can rnams kyi bstan bcos	Forder treatises	
mu stegs can thar pa la kun tu zhugs pa	enter into a Forder's liberation	
mu stegs gcer bu pa	Tīrthika Nirgrantha{N}	
mu stegs pa	Forder{N}	
mu tig	pearl	
mu ze	match	
mu zi	match; sulphur{D1}	
mun khung	darkness; obscurity; gloom	
mun nag	black darkness{D1}	
mun pa	darkness; obscurity; gloom	
mun pa ma mchis pa	non-darkness	
mun pa med	non-darkness	
mun pa sel ba	elimination/removal/eradication/avoidance/exclusion/clearing away of	
mun pas bsgribs pa	obscured by darkness	
mun sprul gang ci'ang rung smra ba	those who propound any and all creations of darkness	
mya ngan	affliction, misery; worry, trouble | suffering; sorrow	
mya ngan 'da' ba	liberation; liberated	
mya ngan 'das	nirvāṇa; liberation; liberated	
mya ngan 'das la 'khor zhi ro gcig pa	in nirvāṇa the world and peace are of one taste {T}	
mya ngan 'das pa ston pa	teach nirvāṇa	
mya ngan las 'da' ba	nirvāṇa; liberation	
mya ngan las 'da' ba'i 'du shes	conception of nirvāṇa	
mya ngan las 'da' ba'i don du rab tu sbyor ba	practice for the sake of nirvāṇa	
mya ngan las 'das chen po'i mthar phyin no	at the end which is great nirvāṇa	
mya ngan las 'das pa	Skt. nirvana | [sorrow-from-passed]; nirvāṇa; liberation; nirvana	
mya ngan las 'das pa chen po kun tu ston pa	teach the great nirvāṇa	
mya ngan las 'das pa dang 'khor ba dag la mi gnas pa'i phyir	due to not abiding in either nirvāṇa or cyclic existence	
mya ngan las 'das pa dang ldan pa'i sems bskyed pa	generate a mind that is connected with nirvāṇa	
mya ngan las 'das pa la lhag par dga' ba	special joy with respect to nirvāṇa	
mya ngan las 'das pa la mi gnas pa	not abide in nirvāṇa	
mya ngan las 'das pa la yid gnas so	mental abiding in nirvāṇa {T}	
mya ngan las 'das pa mngon du phyogs pa'i chos	phenomena of the approach to nirvāṇa {T}	
mya ngan las 'das pa ni zhi ba'o	nirvāṇa is peaceful	
mya ngan las 'das pa zhi ba yin pa	nirvāṇa is peaceful	
mya ngan las 'das pa zhi zhing dge ba	nirvāṇa is peaceful and auspicious	
mya ngan las 'das pa'i bde ba	the bliss of nirvāṇa	
mya ngan las 'das pa'i bsam pa	thought of nirvāṇa	
mya ngan las 'das pa'i che ba nyid	greatness of nirvāṇa	
mya ngan las 'das pa'i ched	intent on nirvāṇa; for the sake of nirvāṇa {T}	
mya ngan las 'das par 'dod pa	wish for nirvāṇa; desire for nirvāṇa	
mya ngan mi 'da'	non-liberation	
mya ngan sdug bsngal chos	phenomena of sorrow and suffering	
myang	to taste; to experience	
myang 'das	Skt. nirvana	
myang ba	to taste; to experience	
myang tsha dkar rgyan	Myang-tsha Dkar-rgyan, Mi-la Ras-pa's mother	
myangs	to taste; to experience	
myong	to experience | to taste; experience; undergo; enjoy; feel	
myong ba	to taste; experience; undergo; enjoy; presentational apprehension	
myong ba ma yin	non-experience; not experienced; cannot be experienced	
myong ba med pa	unexperienced	
myong ba rgyu mthun gyi 'bras bu	experientially causally concordant effect	
myong ba thon pa	develop experience	
myong bar 'gyur	to taste; experience; undergo; enjoy	
myong khrid	instructions from experience; instruction from experience	
myongs	to taste; experience; undergo; enjoy	
myu gu	sprout	
myur	quickly	
myur ba	quick | quick; fast; speed; hurry; pass quickly; quickly	
myur ba myur ba	very quickly	
myur bar	quickly	
myur du	quickly	
myur du rtogs	understand quickly	
mūla-vṛddhi]	impel/increase {T} the virtuous roots of natural merit and wisdom	
na	to be ill | (1) to; in; as; at [accusative, dative, locative particle] (2) if; when [noncase	
na ba	be sick; ill; in pain	
na ba tsha can	pain; ache; illness; sickness	
na bar byed pa	sicken	
na bza'	clothing; dress; clothes	
na chung	girl	
na le sham	pepper	
na mo	[transliteration of sanskrit word for name]; homage	
na re	non-case particle preceding a statement of opinion: someone	
na tsha	[pain-hot]; pain; ache; illness; sickness	
na yang	whereas{BJ 19.6}	
na'ang	even it; even if	
nad	illness | disease; illness; sickness	
nad bcas par	diseased; ill	
nad nyung ba	little illness	
nad pa	diseased; ill; sick person; patient	
nad pa'i tshogs kyi	collection of diseases	
nad rab tu zhi bar byed pa	thorough pacification of illness	
nag	darkness; black	
nag mo	black	
nag pa	to be black	
nag po	black	
nag po'i rang bzhin can	having a dark nature	
nags	forest	
nags khrod	woods; forest	
nags kyi tshal	[forest-of-grove]; forest	
nags ma	forest	
nags tshal	forest; grove	
nal	incest	
nal lu	bastard child	
nam	when | or; and; when; time	
nam 'chi mi nges pa	uncertainty of the time of death{N}	
nam grol lam	path of release	
nam mkha'	sky | space; sky	
nam mkha' kun song	going everywhere in space	
nam mkha' la	in space; in the sky	
nam mkha' la sogs pa 'dus ma byas	non-produced phenomena, space and so forth	
nam mkha' lding	garuḍa-bird, lit. one soaring in the sky	
nam mkha' lta bu	space-like	
nam mkha' lta bu'i mnyam bzhag	space-like equipoise	
nam mkha' ltar chags pa med pa'i mtshan nyid	space-like character of non-attachment	
nam mkha' mdzod	Gaganagañja [p.n. of a Bodhisattva]	
nam mkha' mtha' yas	limitless space [first of the four formless absorptions]	
nam mkha' mtha' yas skye mched	sense-field of limitless space	
nam mkha' mthong	see space	
nam mkha'i chos	phenomena of space	
nam mkha'i dang mnyam pa	sameness of space	
nam mkha'i khams de dang	realm of space	
nam mkha'i lding	Garuḍa	
nam mkha'i mdzod	Gagana-garbha [p.n. of a Bodhisattva]	
nam mkhar	in the sky; in space	
nam mkhar gnas pa	abide in space	
nam yang	ever; with negative: never	
nam yang mi skye ba	not arise again	
nam zhig	at the time; when	
nan gyis	certainly	
nan tan	earnest; ardent	
nan tan du	earnestly; ardently	
nan tar	very much	
nang	the inside, interior | in; internal; inside; interior; house	
nang dang phyi	inner and outer	
nang dbyings	internal expanse	
nang du	into, in | internally; within	
nang du 'dzin pa	holding inside	
nang du gnas pa	abide inside	
nang du ldog pa	reverse inside; {T} reverse internally	
nang du rab gnas	abide internally	
nang gi	internal	
nang gi 'byor ba lnga	five inner fortunes	
nang gi 'du byed rnams skad cig ma nyid	momentariness of internal produced phenomena	
nang gi bem po	internal matter	
nang gi gzugs	internal form	
nang gi rnam par g.yeng ba	internal distraction ? {T}	
nang gi skye mched drug	six internal sources; internal sense-spheres	
nang gi skye mched rnams	internal sources	
nang la rab tu gnas pa	abide within	
nang na	among	
nang nas	from | [inside-from]; from among; from inside	
nang pa	Nang-pa | Insider [i.e. Buddhist]; Buddhist [Insider]	
nang pa sangs rgyas pa'i chos	Buddhist religion; Buddhist doctrine	
nang par	day after tomorrow	
nang rab tu dwang ba	internal clarity	
nang rig pa	internal awareness	
nang stong nyid	emptiness of the internal	
nang stong pa nyid	inner emptiness	
nang tshan	inner divisions; set{Gön-chok}	
nar	to become long, to lengthen; to get stretched	
nar ma	continuous	
nar nar	continuously	
nas	barley | (1) ablative particle: from; than (2) barley	
nas ... bar	ranging from ... to ...	
ne la	kite	
ne tso	parrot	
nga	I	
nga dang nga'i zhes bya ba	"I and mine; """"I and my"""""	
nga rang	I	
nga rang gnyis	we two	
nga rgyal	[I-victor]; pride; I-principle	
nga rgyal can	prideful; conceited	
nga rgyal dang bcas pa	prideful; proud; conceited	
nga rgyal du 'gyur ba	prideful; proud; conceited	
nga rgyal gyi zil gyis non cing	overwhelmed by the vibrance of pride/conceit	
nga rgyal las kyang nga rgyal	pride beyond pride	
nga rgyal med pa	without pride/conceit	
nga rgyal phra ba	subtle pride/conceit	
nga ro	roar	
nga tsam	mere-I; only I	
nga tsho	we	
nga yi ba	mine	
nga yir 'dzin pa	conceive/apprehend as mine	
nga'i	my; mine	
nga'i mig	my eye	
nga'o snyam pa	"the thought """"I"""""	
nga'o snyam pa'i nga rgyal	"pride of thinking """"I"""""	
ngad	strong aroma	
ngag	speech	
ngag 'chal	senseless chatter	
ngag dbang blo bzang rgya mtsho	Nga-wang-lo-sang-gya-tso [1617-1682, The Fifth Dalai Lama]	
ngag dbang dpal ldan	Nga-wang-b#el-den [also called Bel-den-chö-jay (dpal ldan chos rje) b.	
ngag dben	verbal isolation; isolation of speech	
ngag gi dngos po	verbal thing	
ngag gi tha snyad	verbal convention	
ngag kyal	senseless speech/talk	
ngag smra	speak	
ngag snyan pa	pleasant speech/talk	
ngag tshad ma	valid speech	
ngag tu	verbally	
ngal	weariness; to be tired | fatigue; weariness; tiredness	
ngal ba	fatigue; weariness; tiredness	
ngal ba mang	with much weariness	
ngam	or; and; particle indicating question	
ngan	bad	
ngan 'gro	[bad-go]; bad transmigration; bad condition	
ngan 'gro'i skye ba 'gog pa'i so sor btags min gyi 'gog pa	non-analytical cessation which is a cessation of birth in a bad	
ngan 'gror 'gro ba	go to a bad transmigration	
ngan 'gror ltung ba	fall into a bad transmigration	
ngan bdud	evil devil	
ngan bu	I; humble I	
ngan du brjod par byed	condemn	
ngan pa	to be bad, wicked | bad; excrement	
ngan pa'i wa skyes	bad wolf	
ngan song	[bad-went]; bad transmigration; bad condition	
ngan song du lhung	fall into a bad transmigration	
ngan song du skye bar 'gyur ba	will be born in a bad transmigration	
ngan song gsum	the three bad transmigrations	
ngan song pa	bad transmigration; one who is in a bad transmigration	
ngang	nature; condition; state; sphere	
ngang gis byung ba yod na yang	even if it did occur naturally	
ngang nas	from within the state; from within	
ngang pa	goose	
ngang pa'i rgyal po	king of the geese	
ngang rgyud	forbearance	
ngang skya	grey teal	
ngang tshul	state; natural state; condition; inner mode	
ngar	intensity; to me	
ngar 'dzin	the conception as/of I; conception of [an inherently existent] I	
ngar 'dzin gyi gzhi	basis of the conception/apprehension of I	
ngar 'dzin gyi yul	object of the conception/apprehension of a [truly existent] I	
ngar 'dzin pa	conception/apprehension of I	
ngar 'dzin pa dang nga yir 'dzin pa	conception/apprehension of I and conception/apprehension of mine	
ngar pa	leg (of trousers)	
ngas	by me	
nged	we	
nged rang	I, we	
nges	to be certain | ascertain; ascertainment; certain	
nges 'byed cha mthun	partial concordance with definite differentiation/discrimination	
nges 'byed yan lag	[four] limbs of definite differentiation/discrimination; branch of	
nges 'byin	deliverance; salvation; rescue	
nges 'byung	renunciation | [definitely-emerge]; definite emergence [from cyclic existence]	
nges 'byung blo	attitude of intending to leave [cyclic existence]	
nges 'byung med	non-emergence; non-renunciation	
nges 'byung sgrub pa	definitely issuative achieving; achieving definite emergence	
nges 'byung yan lag	branch of definite emergence	
nges 'dzin	definitely apprehend/grasp/conceive	
nges bzung	emphasis	
nges cha	ascertainment factor	
nges dbang gis 'jug	engage by the power of ascertainment	
nges don	definitive; definitive meaning; definitive object	
nges don gyi mdo	sūtra of definitive meaning	
nges gzung ba	definitely apprehend/grasp/conceive	
nges legs	definite goodness [of liberation from cyclic existence and/or	
nges ngo	[ascertainment-face]; ascertainment factor	
nges ngor	to/for the ascertainment factor	
nges pa	verb: ascertain; determine; restrict noun: ascertainment; certainty adj.:	
nges pa 'dren pa	induce ascertainment/certainty	
nges pa med	non-restriction; no ascertainment/certainty	
nges pa rnyed pa	gain/find ascertainment/certainty	
nges pa'i don	definitive; definitive meaning; definitive object	
nges pa'i don gyi mdo sde ma thos pa	not hearing sūtras of definitive meaning	
nges pa'i tshig	creative etymology; contextual etymology	
nges par	certainly | definitely; definite; certainly	
nges par 'byed pa	definite differentiation	
nges par 'byed pa 'gro ba	go to definite differentiation	
nges par 'byed pa'i shes rab	exalted wisdom of definite differentiation	
nges par 'byin pa	deliverance	
nges par 'byung	definitely emerge/arise	
nges par 'byung ba	definite emergence [from cyclic existence]; renunciation	
nges par 'byung ba dang bcas pa	together with renunciation; together with definite emergence [from	
nges par 'byung ba med pa	non-renunciation; non-emergence	
nges par 'byung ba; nges 'byung	definite emergence [from cyclic existence]; renunciation	
nges par 'byung bar 'gyur te	will definitely emerge; will renounce	
nges par 'dzin	definitely apprehend/grasp/conceive	
nges par 'dzin pa	definitely apprehend/grasp/conceive	
nges par 'grel pa	unravel; commentary; elucidation; explanation	
nges par 'gyur ba	become definite; certain	
nges par 'jug par byed pa	definitely engage in	
nges par 'thob pa	definitely obtain/gain/attain	
nges par ... shes par bya'o	should/will definitely ascertain	
nges par brjod	definitely express/verbalize	
nges par bsten	definitely rely upon/make use of/stay close to/adhere to	
nges par byed	ascertain; determine	
nges par byed pa	ascertain; determine; means of ascertaining/determining	
nges par byung	definitely arose/emerged	
nges par byung ba	definitely arose/emerged	
nges par gzhol ba	definitely flowing	
nges par gzung ba	definitely apprehend/grasp/conceive	
nges par legs pa	definite goodness [of liberation from cyclic existence and/or	
nges par mi 'byung	non-emergence; non-renunciation	
nges par rtogs bya	definitely realize; that which is definitely realized	
nges par rtogs pa	definitely realize; definite realization	
nges par rtogs par bya'o	will/should definitely realize	
nges par sbyor	definite joining/application/endeavor	
nges par skyes pa	definitely produced	
nges par ston par byed pa	definitely teach/indicate	
nges par thob par byed pa	definitely obtain/gain/attain; definite means of attainment	
nges shes	ascertaining consciousness; determinative consciousness	
nges tshig	creative etymology; contextual etymology | contextual etymology; creative etymology	
ngo	face | face; perspective; (particle indicating the end of a statement)	
ngo bo	entity; nature	
ngo bo dang khyad bar du kun btags pas stong pa'i stong pa nyid	emptiness of factors imputed in the manner of entity and attribute	
ngo bo dang khyad par	entity and attribute	
ngo bo dang khyad par du kun brtags pa'i kun brtags	imputations that are imputations of entity and attributes	
ngo bo dbyer med	undifferentiable entity	
ngo bo gcig	one entity; same entity	
ngo bo gcig ldog pa tha dad; ngo bo gcig la ldog pa tha dad	same entity and/but different isolates	
ngo bo gcig pa	same entity	
ngo bo la kun btags pa'i kun btags su gyur pa'i bye brag la kun btags pa	imputation of a particular that is an imputation of entity	
ngo bo la kun btags pa'i kun btags su gyur pa'i ngo bo nyid la kun btags pa	imputation of just the entity that is an imputation of entity	
ngo bo ma 'dres pa	non-mixture of entity	
ngo bo mnyam pa	equality; equality of entity	
ngo bo nges pa	definite nature/entity	
ngo bo nyid	nature; entityness; inherent existence; entity	
ngo bo nyid dang bcas pa	having inherent existence	
ngo bo nyid dang grogs dang dmigs pa dang las phun sum tshogs pa	excellence/marvels of entity, accompaniers, object of observation, and	
ngo bo nyid dang las kyi sgo nas	from the viewpoint of entity and action	
ngo bo nyid gsum	three natures	
ngo bo nyid kyi mtshan nyid	character of entities	
ngo bo nyid kyi rnam pa thams cad yongs su mkhyen pa	thoroughly knows all the aspects of entities	
ngo bo nyid kyi sku	Nature Body [of a Buddha]	
ngo bo nyid kyis	naturally; intrinsically	
ngo bo nyid kyis grub pa	intrinsic existence/establishment; inherent existence/establishment	
ngo bo nyid kyis skye ba	intrinsic production; production by way of its own entity	
ngo bo nyid kyis stong pa nyid pa	emptiness of intrinsic nature; emptiness of inherent existence	
ngo bo nyid ma mchi pa nyid	without inherent existence	
ngo bo nyid med	without inherent existence; absence of inherent existence	
ngo bo nyid med nyid	absence of inherent existence	
ngo bo nyid med pa	non-nature; without nature; natureless; naturelessness	
ngo bo nyid med pa gsum	three non-natures/naturelessnesses	
ngo bo nyid med pa tsam nyid	mere naturelessness	
ngo bo nyid med pa'i chos 'khor	wheel of doctrine of naturelessness [i.e., the middle wheel, including	
ngo bo nyid med par smra ba	Proponents of Non-Nature [i.e. Mādhyamikas]; Proponents of	
ngo bo nyid sku	Nature Body [of a Buddha]; Nature Truth Body	
ngo bo rgyu rkyen gyis ma bskyed pa	[its] entity is not produced by causes and conditions	
ngo bo tha dad	different entities; difference of entity; separate entity/entities	
ngo bo tha dad pa	different entities; separate entity/entities	
ngo bor la gnas pa	abiding--by way of its own nature without being merely imputed by	
ngo der yod na	if [something] exists for/in the perspective	
ngo gnong	[face-be ashamed]; be ashamed	
ngo mnyam	equality; equality of entity	
ngo mtshar	miracle, wonder; wonderful | amazing; fantastic	
ngo mtshar ba	amazing; fantastic	
ngo mtshar bas kyang 'di ngo 'tshar	more amazing than the amazing; more wonderful than the wonderful	
ngo mtshar che	greatly amazing; great amazement; fantastic	
ngo mtshar che ba	greatly amazing; great amazement; fantastic	
ngo mtshar smad du byung	amazing/fantastic and marvelous	
ngo skal	corresponding	
ngo sprad	identify; introduce; point out	
ngo sprod	identify; introduce; point out	
ngo tsha	shame; shameful | shame; modesty	
ngo tsha ba	shame	
ngo tsha med pa	non-shame	
ngo tsha shes pa	shame	
ngogs	port; entrance; ford; bank	
ngom	to be sated (by)	
ngoms	to be sated (by)	
ngoms pa	satisfaction; be satisfied; satiation	
ngoms pa med pa	non-satisfaction; not satiated	
ngoms shes pa	knowing satisfaction; knowing satiation	
ngor	with respect to; in the face of; to; for	
ngos	I | side; surface	
ngos 'dzin	identify; identification; point out	
ngos 'dzin byed pa	identify; point out	
ngos bzung ba	identification; identify	
ngos gzung	identification; identify	
ngos mnyam pa	even-surfaced	
ngos nas	[side-from]; from the side of; from the point of view of; by way of	
ngos skal	corresponding	
ngu	to weep, to cry	
ngu 'bod	cry; Crying [Hell]	
ngur pa	duck	
ngur smrig	yellowish red | saffron	
ngus	to weep, to cry	
ni	[a separative particle; non-case particle sets off subject or topic]	
ni gu ma	Niguma [p.n.]	
no	[particle indicating the end of a statement]	
non	to feel overcome	
nongs	death	
nor	wealth, goods; cattle | (1) wealth; riches. to err; mistake; error	
nor ba	error; mistake	
nor ba tsam	mere error	
nor bdag	wealthy man	
nor bdag po	wealth's owner	
nor bu	jewel	
nor bu chu shel	water crystal jewel	
nor bu me shes	fire crystal jewel	
nor bu rin chen	precious jewel	
nor bu rin po che	precious jewel	
nor can	wealthy; wealthy one	
nor ldan	wealthy	
nor med	impoverished	
nor med pa	poor	
nor slongs	"source of wealth, possessions, lit. ""wealth-raising"""	
nor yod	wealthy	
nor yongs su gtang bar 'dod la	wishing to completely give wealth	
nos	obtain; receive {ri sbug sprul sku blo gsal bstan skyong's rdo rje	
nu	breasts; teat	
nu bo	younger brother	
nu ma	breasts; teat	
nub	night | disappearance; west	
nub ba lang spyod	the western continent of Godānīya	
nub kyi ri bo pa	Aparaśailas [p.n.]	
nub mo	evening	
nub pa	disappearance; west	
nub par 'gyur	disappear; vanish	
nub phyogs	western direction; west	
nus	to be able, suitable, capable; can | ability; able; potency; power; capacity	
nus khyad par can	a special capacity	
nus ma yin	unable; powerless	
nus pa	ability; potency; power; capacity	
nus pa dang ldan pa	possessing the capacity; one who possesses a capacity{Lati}	
nya	fish	
nya TI kA	"Dispeller of Mental Darkness Commentary [on Maitreya's """"Ornament"	
nya Tik	"Dispeller of Mental Darkness Commentary [on Maitreya's """"Ornament"	
nya dang nyung ma bsres pa'o	to [absurdly] confuse fish with turnnips	
nyag	lump	
nyal	to lie down | lie down; sleep	
nyal ba	lie down; sleep	
nyal khri	bed	
nyal nyil	unclean	
nyam chung	to be weak	
nyam chung ba	little strength; weak	
nyam nga ba	fear	
nyam nga ba med pa; sgra nyam nga ba med pa	fearless sound	
nyam nga ba'i phyogs	direction of fear	
nyam thag	destitution; without resources; destitute; stricken; exhausted	
nyam thag pa	destitution; without resources; destitute; stricken; exhausted	
nyams	to be/get hurt | a feeling; an experience; a vision; spoiled; defiled; corrupted	
nyams blang	practice	
nyams blangs	practice	
nyams chung	having little strength; weak	
nyams chung ba	having little strength; weak	
nyams dga' ba	very pleasant; pleasure; happiness; delight {VS 2.5}	
nyams khrid	practical instruction	
nyams len	practice	
nyams longs	practice	
nyams ma med pa	not non-degenerated; not undefiled	
nyams pa	degenerated; spoiled; defiled; corrupted; deterioration	
nyams pa cha mthun	concordant with degeneration	
nyams pa med	non-degenetated; unspoiled; undefiled; uncorrupted	
nyams pa med pa	non-degenetated; unspoiled; undefiled; uncorrupted	
nyams pa med pa ting nge 'dzin	non-degenerated meditative stabilization	
nyams pa'i rgyu	cause of degeneration/deterioration	
nyams par 'gyur	become degenerate; deteriorate	
nyams par 'gyur ba	become degenerate; deteriorate	
nyams par rnam par spangs pa	abandoning degeneration	
nyams smad	suppression	
nyams snang	spiritual appearance [i.e. appearance of a disembodied being]{Gönchok}	
nyams su blang	practice	
nyams su blang ba	practice	
nyams su blang bya	object of practice	
nyams su blangs pa	practice	
nyams su len pa	practice	
nyams su longs	practice	
nyams su myong	experience	
nyams su myong ba	experience	
nyams su myong bar byed	experience	
nyams su myong bar byed pa	experience	
nyams thag	to be exhausted | stricken; exhausted	
nyan	to listen, to hear | hear; listen	
nyan 'dod pa	desire to hear	
nyan bya	object of hearing	
nyan pa	to hear	
nyan pa po	hearer; one who hears	
nyan rang	Hearers and Solitary Realizers	
nyan sa	Asaṅga's Hearer Grounds	
nyan thos	Hearer	
nyan thos dang rang sangs rgyas	Hearers and Solitary Realizers {T}	
nyan thos dgra bcom pa dbang rnon mkhyen pa	exalted knower of a Hearer Foe Destroyer with sharp faculties	
nyan thos dgra bcom pa dbang rtul kyi mkhyen pa	exalted knower of a Hearer Foe Destroyer with dull faculties	
nyan thos dgra bcom pa'i rgyud kyi mkhyen pa	exalted knower in the continuum of a Hearer Foe Destroyer	
nyan thos kyi 'phags pa	Hearer Superior	
nyan thos kyi brtson 'grus pa	Hearer effort	
nyan thos kyi byang chub 'am rang sangs rgyas kyi byang chub	Hearer's enlightenment or a Solitary Realizer's enlightenment {T}	
nyan thos kyi chos mngon rtogs	Hearer's clear realizer of doctrine	
nyan thos kyi dad pa'i sa	Hearer's ground of belief	
nyan thos kyi dge 'dun	community of Hearers	
nyan thos kyi dgra bcom	Hearer Foe Destroyer	
nyan thos kyi lam gyi bgrod pa mthar phyin pa'i mngon rtogs	a clear realizer of one who has completed the progress of a Hearer's	
nyan thos kyi mi slob lam	Hearer's path of no more learning	
nyan thos kyi mthar phyin pa'i lam	Hearer's path of completion	
nyan thos kyi mthong lam	Hearer's path of seeing	
nyan thos kyi mthong lam bar chad med lam	uninterrupted path of a Hearer's path of seeing	
nyan thos kyi mthong lam mnyam bzhag ye shes	Hearer's exalted wisdom of meditative equipoise	
nyan thos kyi mthong lam rjes thob ye shes	Hearer's exalted wisdom of subsequent attainment of a path of seeing	
nyan thos kyi nges 'byed cha mthun	Hearer's partial concordance with definite discrimination	
nyan thos kyi rjes la mngon rtogs	Hearer's subsequent clear realizer	
nyan thos kyi rnal 'byor mngon sum	Hearer's yogic direct perceiver	
nyan thos kyi sa	Asaṅga's Hearer Grounds; grounds of hearers	
nyan thos kyi sbyor lam	Hearer's path of preparation	
nyan thos kyi sgom lam	Hearer path of meditation	
nyan thos kyi sgom lam bar chad med lam	uninterrupted path of a Hearer path of meditation	
nyan thos kyi sgom lam mnyam bzhag ye shes	exalted wisdom of meditative equipoise of a Hearer's path of	
nyan thos kyi thar pa cha mthun	Hearer's partial concordance with liberation	
nyan thos kyi theg pa	Hearer Vehicle	
nyan thos kyi theg pa la yang dag par zhugs pa	those engaged in the Hearer Vehicle	
nyan thos kyi tshogs lam	Hearer's path of accumulation	
nyan thos la sogs pa	Hearers and so forth	
nyan thos mthong lam pa'i mkhyen pa	exalted knower of a person on the Hearer path of seeing	
nyan thos sde pa	Hearer Sectarians	
nyan thos sgom lam pa'i rgyud kyi mkhyen pa	exalted knower in the continuum of a person on the Hearer path of	
nyan thos theg pa	Hearer Vehicle	
nye	to be near | near; dear; intimate	
nye 'khor	kindreds	
nye 'khor ba	neighboring (hell)	
nye 'khor ba'i dmyal ba	neighboring hell-being	
nye 'khor dmyal ba	near hell	
nye 'khor na	in the vicinity; in; near	
nye ba	near; dear; intimate	
nye ba'i nyon mongs	secondary affliction; secondary afflictive emotion	
nye ba'i nyon mongs pa	secondary affliction; secondary afflictive emotion	
nye ba'i nyon mongs pa'i glo bur ba	adventitious affliction/afflictive emotion	
nye bar 'jog pa	close setting	
nye bar 'jog par byed	close setting	
nye bar 'jug pa	close setting	
nye bar 'khor ba	in the vicinity; in; near	
nye bar 'tsho ba	livelihood; sustenance	
nye bar blang bya	that which is appropriated{N}	
nye bar brtag pa	spectator	
nye bar bsgrub	establish	
nye bar bsgrubs te	establish	
nye bar bstan par bgyi	demonstrate; indicate; teach	
nye bar bzhag pa	establishment	
nye bar dgod	set/state/establish/arrange/register/make a record/place [on throne]/put	
nye bar gtod	bring near; lead to; introduces; initiation ceremony for the three (twiceborn)	
nye bar gzhag pa	establishment	
nye bar len pa	substantial cause; object appropriated; that which is appropriated{N}	
nye bar len pa med par	not appropriated	
nye bar len pa po	that which appropriates{N}	
nye bar len pa'i phung po lnga	the five appropriated aggregates	
nye bar mkho ba	important points; important	
nye bar rtag pa	spectator	
nye bar rtog pa	realize; examine; investigation	
nye bar sgrub	establish	
nye bar sgrub pa	establish	
nye bar song nas	having gone close to {T}	
nye bar ston pa	instruction; advice; prescription	
nye bar zhi	pacify	
nye bar zhi ba	pacify	
nye bar zhi bar byed pa	thorough pacifying	
nye bar zhi byed	thorough pacifying	
nye gyur na	become intimate; become dear	
nye lam	short path; quick path	
nye nyon	secondary afflictions	
nye nyon nyi shu	the twenty secondary afflictions	
nye ring	near and distant	
nye'o	near; very near	
nyen	to be pained	
nyer 'bras	substantial effect	
nyer 'tsho	livelihood; sustenance	
nyer bsdogs	preparation	
nyer bsdogs dang dngos gzhi'i ting nge 'dzin dang ldan pa	possessing the meditative stablization of the preparations and actual	
nyer bsgrubs	establish; establishment	
nyer bzhag	establishment	
nyer len	substantial cause; object appropriated; appropriated	
nyer len byas nas 'byung ba	... arises through ... acting as a cause	
nyer len gyi phung po	appropriated aggregates	
nyer len gyi rgyu	substantial cause	
nyer mkho	important points; important	
nyer sbas	Upagupta (p.n.)	
nyer thob	near attainment; near-attainment	
nyer thob nag lam pa'i sems	the mind of radiant black near-attainment	
nyes	to be hurt; to be bad; to make a mistake | bad; sin; evil; crime	
nyes byas	misdeed	
nyes can	[crime-possessing]; criminal; evil one; having fault	
nyes dmigs	fault	
nyes dmigs pa	fault	
nyes pa	moral fault; evil, offence, bad deed; calamity | fault; fallacy; evil; crime; bad; sin; deficiency; problematic; humor	
nyes pa brgyad	eight faults	
nyes pa byed pa	to do evil	
nyes pa dang ldan pa la yon tan dang ldan pa nyid du 'dzin pa	conceiving that which has faults as something with qualities {T}	
nyes pa dang skyon	faults and defects	
nyes pa gsum	three faults	
nyes pa lci ba	the heavier fault	
nyes pa med	faultless	
nyes pa med pa nyid	faultlessness	
nyes pa mthong ba	viewing faults	
nyes pa rnyams gdul bar bya ba	discipline the faults	
nyes pa yongs su spang ba	thorough abandonment of faults	
nyes pa; nyes dmigs	fault	
nyes skyon	faults and defects	
nyes tshogs	collection of faults	
nyi dkyil	solar disc	
nyi khri chig stong drug brgya	216,000	
nyi ma	sun | sun; day; sunday	
nyi ma 'od zer	sunlight{D1}	
nyi ma sbas pa	Ravigupta	
nyi ma'i 'od ser	sunlight	
nyi ma'i 'od zer	sunlight	
nyi ma'i dkyil 'khor	sun-maṇḍala; sun-disc	
nyi ma'i gnyen	The Sun Friend; a name for Buddha Śākyamuni	
nyi shu	twenty	
nyi shu pa	Vasubandhu's The Twenty (viṃśatikā)	
nyi shu rtsa bdun	twenty-seven	
nyi shu rtsa gnyis	twenty-two	
nyi tshe	a little; tiny; partial; trifling	
nyi tshe ba	a little; tiny; partial; trifling	
nyi tshe ba'i dmyal ba	trifling hell	
nyi tshe ba'i mngon sum	partial direct perception; trifling direct perception	
nyi tshe ba'i stong pa	a partial emptiness{MSI 425.6}	
nyi tshe ba'i ye shes	partial wisdom; trifling wisdom	
nyi tshe'i dmyal ba	lesser hell-being	
nyi; khri; lnga; stong; pa; dang; khri; brgyad; stong; pa'i; rgya; cher; bshad; pa/	Conquest Over Objections; Damṣṭasena's [Commentary on] the Three	
nyid	the very same; self; alone | only; itself; just; particle abstracting a noun; -ness	
nyid du	as such | self; same	
nyid las	self; same; I	
nyil le	dangling	
nyin	day	
nyin gcig	one day	
nyin mo	sun; day	
nyin mtshan	`	
nyin mtshan du lan drug tu	six times during the day and night {T}	
nyin par	during the day | in the day; during the day	
nyin par zas mi za ba'i lhas byin tshon po rid pa ma yin pa	the non-thin Devadatta who does not eat during the day	
nyin re bzhin	[day-each-like]; daily; every day; sun; day	
nyin re la'ang	even in each day; sun; day	
nying mtshams	gap between lives	
nying mtshams sbyor ba	briding the gap between lives	
nyis shad	double shad	
nyo	to buy | sell; to buy	
nyo tshong sogs la 'bad pa	striving at selling and buying{LWT 233}	
nyol	lie down; sleep	
nyon	to listen, to hear | affliction	
nyon cig	listen [imperative]	
nyon mong can	afflicted	
nyon mongs	affliction; afflictive emotions	
nyon mongs can	afflicted; {T} afflictive	
nyon mongs can gyi ma rig pa	afflictive ignorance{N}	
nyon mongs can gyi yid	afflicted intellect	
nyon mongs can ma yin pa'i ma rig pa	nonafflictive ignorance	
nyon mongs can min	non-afflicted	
nyon mongs gsal ba	clarify the afflictions	
nyon mongs kyi bag chags	predispositions/latencies of the afflictions/afflictive emotions	
nyon mongs kyi sgrib pa	afflictive obstruction	
nyon mongs lhan skyes	innate afflictions; innate afflictive emotion	
nyon mongs ma mchis	unafflicted	
nyon mongs ma yin mi mongs min	neither afflicted nor non-afflicted	
nyon mongs med pa	unafflicted; non-afflicted	
nyon mongs med par 'khor	circling in non-affliction	
nyon mongs med yan lag	limbs of non-affliction	
nyon mongs mtshan nyid rnam dgu	the nine aspects of the afflicted character	
nyon mongs pa	misery, trouble | afflicted; affliction	
nyon mongs pa 'dul ba	discipline the afflictions	
nyon mongs pa 'dul ba la rab tu brtson pa	apply oneself to disciplining the afflictions	
nyon mongs pa bskyed pa	production of afflictions	
nyon mongs pa can	afflicted	
nyon mongs pa can gyi yid	afflicted mind	
nyon mongs pa can ma yin pa'i mi shes pa	non-afflicted ignorance	
nyon mongs pa dang bcas pa	afflicted	
nyon mongs pa dang bral ba	free from afflictions	
nyon mongs pa dang dag pa'i gnas	a place that if purified of afflictions	
nyon mongs pa dang las dang skye ba	affliction, action, and production	
nyon mongs pa dang mthun pa'i chos	phenomena concordant with affliction	
nyon mongs pa dang shes bya'i sgrib pa	afflictive obstructions and obstructions to omniscience	
nyon mongs pa las rnam dag	free from the afflictions	
nyon mongs pa las rnam par grol ba	completely freed from the afflictions	
nyon mongs pa mang ba	many afflictions	
nyon mongs pa med pa	unafflicted	
nyon mongs pa med par gnas pa	one who abides without afflictions	
nyon mongs pa ni rnam par rtog pa yin	ideational afflictions	
nyon mongs pa rnams kyi gnyen po	antidotes to the afflictions	
nyon mongs pa skye ba'i rkyen tsam	mere condition of the production of afflictions	
nyon mongs pa spangs pa	abandon the afflictions	
nyon mongs pa spong ba	abandon the afflictions	
nyon mongs pa thams cad du bral ba	free from all afflictions; {T} everywhere free from afflictions	
nyon mongs pa'i bag la nyal dang bag chags	dormancies and predispositions of the afflictions/afflictive emotions	
nyon mongs pa'i dri ma med pa'i gnas	a place that is without the stains of the afflictions	
nyon mongs pa'i gnas ngan len gyis rab tu bskyed pa	thoroughly produced by assumption of bad afflicted states	
nyon mongs pa'i gnyen po mdzad pa	act as an antidote to the afflictions	
nyon mongs pa'i gnyen po nyid	antidote to the afflictions	
nyon mongs pa'i kun nas nyon mongs pa	thoroughly afflicted by the afflictions	
nyon mongs pa'i med pa	unafflicted; without afflictions	
nyon mongs pa'i nad rab tu zhi bar byed pa	thorough pacification of the sickness of the afflictions	
nyon mongs pa'i rgyu yin pa'i phyir	because of being the cause of the afflictions	
nyon mongs pa'i sgrib pa	afflictive obstructions; obstructions to liberation	
nyon mongs pa'i sgrib pa rnam pa dgu	nine aspects of the afflictive obstructions	
nyon mongs pa'i zag pa	afflicted contaminations	
nyon mongs pa'i zag pa dang bcas pa	contaminated phenomena of the afflictions{Lati}	
nyon mongs par byed pa	afflict	
nyon mongs par snang ba	appearance of the afflictions	
nyon mongs rags pa mngon gyur ba	manifest coarse affliction	
nyon mongs rnam dag pa'i gnas	basis for purifying the afflictions	
nyon mongs rnam par sbyong ba'i las dang po ba'i yid byed	mental contemplation of a beginner at purifying afflictions/afflictive	
nyon mongs rnam par sbyong ba'i las dang po pa	beginner at purifying afflictions/afflictive emotions	
nyon mongs rnam par sbyong ba'i las dang po pa'i yid byed	mental contemplation of a beginner at purifying afflictions/afflictive	
nyon mongs rnam par sbyong ba'i rnal 'byor pa	yogi who is purifying afflictions/afflictive emotions	
nyon mongs rnam sbyang gi dmigs pa	objects for purifying afflictions	
nyon mongs rnam sbyong gi dmigs pa	object of observation for purifying afflictions/afflictive emotions	
nyon mongs rtog pa spong	abandon afflictive thought {T}	
nyon mongs shes bya'i sgrib pa	afflictive obstructions and obstructions to omniscience	
nyon mongs tshogs	collection of afflictions	
nyon mongs zad pa	extinguish the afflictions	
nyon sgrib	afflictive obstructions; obstructions to liberation; obstruction to	
nyon sgrib kun btags	the artificial afflictive obstructions; {T} acquired afflictive	
nyon sgrib spangs pa'i cha nas bzhag pa'i mkhyen pa	an exalted knower that is posited from the viewpoint of abandoning the	
nyon sgrib spangs pa'i ye shes	exalted wisdom that has abandonned the afflictive obstructions	
nyon sgrib; nyon mongs pa'i sgrib pa	afflictive obstruction	
nyon yid	afflicted mind	
nyos	to buy	
nyung	to be few | little; few	
nyung ba	little; few	
nyung ba dang ches nyung ba	little and very little	
nyung ma	turnip	
nyung ngu	few; little	
nyung ngu nyung ngus	little by little	
nyung ngus tshig gis	with a few words	
nyung nyung	few; a few	
nyung shes shig	very few	
pa	they [i.e., imputational natures] are only posited by names and | knowledge of the various aspects of virtuous and non-virtuous paths of | a thought that, from the viewpoint of having come under the influence | enter into all aspects with respect to the characteristics that are taught | father	
pa gu	brick	
pa lags	father {hon.}	
pa mngon rtogs	a Hearer clear realizer of truth which is a path of release that abandons	
pa nyid gzugs so/	form is not other than emptiness; form is emptiness; and emptiness is	
pa pha	father	
pa sangs	friday	
pa'i blo ngang gi skyed nus pa'i chos	"phenomena naturally able to produce an awareness thinking, """"This"	
pa'i dbang mngon	sense direct perception in the continuum of a person—who has not	
pa'i gsar du mi slu ba'i rig pa	new incontrovertible knower that is unable to induce such	
pa'i mdo'i rgya cher 'grel pa	"Chinese Great Commentary; Extensive Commentary on the """"Sūtra"	
pa'i rgyan gyi snang ba	"Illumination of [Maitreya's] """"Ornament for Clear Realization"""", an"	
paN chen bsod nams brags pa	Paṇ-chen Sö-nam-drak-ba; [1478-1554]; textbook author for the Lo-seling	
paN zhe	[paṇḍita-hat]; scholar's hat	
paN zhwa	[paṇḍita-hat]; scholar's hat	
pad	lotus	
pad ma	lotus | lotus [specifically nelumbium speciosum or nymphaea alba]	
pad ma'i ra ga	ruby	
pad mo	lotus	
pad+ma	lotus [specifically nelumbium speciosum or nymphaea alba]; ruby | lotus [transliteration of the Sanskrit word, padma]	
pad+ma dkar po	Padma-g#ar-b#o (1527-1592), a G#a-gyu (bka' rgyud) scholar	
pad+ma ral	ruby	
pad+ma'i ngang tshul	[The one who is] the nature of the Lotus (Kamalashīla)	
pags pa	skin	
pags pa; lus	skin; body	
pang	lap	
par 'jug pa	enter into the teaching of the complete perfect enlightenment and the	
par bya	[future tense marker]	
par byas	[past tense marker—auxilliary verb]	
par byed	[present tense marker—auxilliary verb]	
pha	father | far; father	
pha dang 'dra ba	like [one's] father	
pha gcig ma gcig	siblings from same parents	
pha gi	that	
pha gir	there; over there	
pha kyi mtshan	sign of a person; sign of a man	
pha ma	parents; father and mother	
pha ma gcig	siblings from same parents	
pha ma*	parents	father and mother
pha ming	father and brother(s)	
pha mthar son nas	having gone to the far end{LWT 6.2}	
pha pa	other; next	
pha rol	the other; the outside; beyond | other(s); next; the other side	
pha rol 'gro	go to the other side	
pha rol 'gro ba	go to the other side	
pha rol gyi	other; of the other {T}	
pha rol gyi 'gram	the other shore {T}	
pha rol gyi cha	far part	
pha rol gyi dad pa'i phyir mi 'brang ba	damage by others; {T} not following because of faith in the others ?	
pha rol gyi gnod pa	damage by others	
pha rol gyi sdug bsngal	suffering of others	
pha rol gyi sems kyi spyod pa shes pa	cognition of the minds and actions of others	
pha rol gyis khong du chud par	as understood by others	
pha rol ma mchis pa'i pha rol tu phyin pa	perfection which is a non-perfection; perfection of a non-perfection	
pha rol na	beyond	
pha rol phyin	perfection	
pha rol phyin bcu'i rgyus byung ba	arise due to the ten perfections	
pha rol phyin la 'jug pa	engage in the perfections; enter into the perfections	
pha rol phyin pa	perfect; perfection	
pha rol tu	otherwise; {T} to the other side	
pha rol tu 'gro bar 'dod pa	desire to go to the other side	
pha rol tu 'gro'o	go to the other side	
pha rol tu phyin	perfect	
pha rol tu phyin pa	[other side-to-went]; perfection; that which has gone beyond	
pha rol tu phyin pa 'phel ba	increase of the perfections	
pha rol tu phyin pa bcu bsgrub pa	the ten perfections	
pha rol tu phyin pa dang ldan pa	connected with the perfections; having the perfections	
pha rol tu phyin pa dang mthun pa	concordant with the perfections; concordance with the perfections	
pha rol tu phyin pa drug	the six perfections	
pha rol tu phyin pa drug gi spyod pa spyad pa yin pa	practice the six perfections for a long time	
pha rol tu phyin pa drug pa	the six perfections; {T} the sixth perfection [i.e., wisdom]	
pha rol tu phyin pa drug po	the sixth perfection [i.e. the perfection of wisdom]; {T} all six	
pha rol tu phyin pa drug yongs su rdzogs pa	thoroughly complete/fulfill the six perfections	
pha rol tu phyin pa gsum po sbyin pa dang tshul khrims dang bzod pa dag	the three perfections of giving, ethics, and	
pha rol tu phyin pa la sgom pa	meditation on the perfections	
pha rol tu phyin pa la sogs pa dge ba	virtues, the perfections and so forth	
pha rol tu phyin pa mngon par sgrub pa'i snying rje	the perfection of manifestly established compassion; compassion that	
pha rol tu phyin pa nges pa'i sa la gnas pa 'thob pa	attain abiding in the ground of definite perfection	
pha rol tu phyin pa phyin ci ma log par 'doms pa	advice regarding non-mistaken [cultivation of] the perfections	
pha rol tu phyin pa rab tu dbye ba'i bsdu ba	collection which divides the perfections	
pha rol tu phyin pa rnams kyi rigs	the lineage of those [who have] the perfections	
pha rol tu phyin pa rnams kyi rten du gyur pa byang chub kyi sems	the mind of enlightenment that is based upon the perfections	
pha rol tu phyin pa rnams la ... sems mnyam pa nyid	sameness of mind with respect to the perfections	
pha rol tu phyin pa rnams la sgrub pa'i 'dun pa	aspiration for completion with respect to the perfections	
pha rol tu phyin pa sbyin pa dang tshul khrims dang bzod pa dag	perfections of giving, ethics, and	
pha rol tu phyin pa sgom pa	cultivate perfection; meditation on the perfections	
pha rol tu phyin pa sgrub pa	achieve the perfections	
pha rol tu phyin pa ston pa	teach the perfections; teaching concerning the perfections	
pha rol tu phyin pa thob pa'i rtags	the sign of attaining the perfections	
pha rol tu phyin pa yang dag par len du 'jug pa	thorough engagement in the perfections	
pha rol tu phyin pa yang dag par spyod pa	thorough practice of the perfections	
pha rol tu phyin pa yongs su rdzogs pa	thoroughly complete/fulfill the perfections	
pha rol tu phyin pa yongs su rdzogs par bya ba	thoroughly complete/fulfill the six perfections	
pha rol tu phyin pa yongs su sgrub pa	thorough establishment of the perfections	
pha rol tu phyin pa'i bslab pa thams cad kyi pha rol tu phyin pa	perfection of all learners; perfection of all learning	
pha rol tu phyin pa'i ngo bo nyid	entityness of the perfections	
pha rol tu phyin pa'i rang bzhing gyi dge ba	virtue of the nature of the perfections	
pha rol tu phyin pa'i skabs	the occasion of the perfection	
pha rol tu phyin pa'i spyod pa	practice of the perfections	
pha rol tu phyin pa; phar phyin	perfection	
pha rol tu phyin par	perfect; perfectly	
pha rol tu song bas na	because of going to the other side	
pha shul	patrimony	
pha tsho	those	
phab par gyur pa	possession [by demons]	
phag	concealment; swine	
phag pa	pig	
phag rgod	wild boar	
phag tu	secretly	
phal chen pa	Mahāsāṃghika	
phal chen sde	Mahāsāṃghika	
phal chen sde pa	Majority School	
phal cher	mostly; usually; many	
phal cher ba	most	
phal pa	ordinary	
pham pa	conquered; defeated {T}	
phan	benefit; to be useful/beneficial | help; benefit; be of use	
phan 'dogs	to benefit; help; administer help	
phan 'dogs 'dod	desire to help	
phan 'dogs bdag nyid	benefit oneself	
phan 'dogs bya	object assisted{D2}	
phan 'dogs byed	assister{D2}; helper	
phan 'dogs byed la 'jug	engage as an assister {T}	
phan 'dogs pa	administer help; do benefit; help	
phan 'dogs par 'gyur ba	administer help; do benefit; help	
phan 'dogs par 'gyur ba yin no	administer help; do benefit; help	
phan 'dogs par byed pa	benefitter; helper	
phan 'dogs rnam pa gnyis	two kinds of help	
phan bde	happiness	
phan bde byed pa 'bras bu	result of causing benefit and happiness	
phan bde dgongs	thought of benefit and happiness	
phan bde'i rgyu	cause of help/benefit and happiness/bliss	
phan btags	administer help; do benefit; help	
phan bya ba	will benefit; will help; helpful object	
phan byed	helper; benefactor; benefitting; helping	
phan byed blo ldan pa	having a helpful awareness	
phan byed pa	helper; benefactor; benefitting; helping	
phan bzhed	take up the task of helping	
phan bzhed pa	take up the task of helping	
phan chad	from here on	
phan chad du	from here on	
phan dang bde 'dod pa	desire benefit and pleasure	
phan dang snying brtser bcas pa	benevolent and compassionate	
phan dang snying brtser ldan pa	benevolent and compassionate	
phan gdags	administer help; do benefit; help	
phan gdags bya	object assisted{D1}; object helped	
phan gdags pa	administer help; do benefit; help	
phan gdags par bya ba	will help; will do benefit	
phan mdzad	benefit; help; benefactor; helper	
phan pa	benefit; to be beneficial | help; benefit; be of use	
phan pa ... bsam pa	thought of benefit; helpful thought	
phan pa byed pa	benefitter; helper; serve to benefit; help	
phan pa dang bde ba	benefit and happiness	
phan pa dang bde ba la phyin ci ma log pa	non-mistaken with respect to benefit and happiness	
phan pa dang bde ba'i sems	a mind of benefit and help	
phan pa la 'jug	engage in helping	
phan pa rnam pa lnga	five kinds of benefit	
phan pa'i 'du shes	conception of benefit; beneficial conception	
phan pa'i bsam pa	beneficial thought; helpful thought	
phan pa'i dgongs pa	thought of benefit; helpful thought	
phan pa'i dngos nyid	helpful thing	
phan pa'i dngos po	helpful thing	
phan pa'i lhag pa'i bsam pa	unusually beneficial thought; particularly benefical thought; especially	
phan pa'i sems	helpful mind; beneficial mind; benificent mind	
phan pa'i tshig dang ldan pa	has beneficial words	
phan par 'dod pa	helpful wish; desire to help	
phan par bya ba	will help; helpful object	
phan par byed pa	helper; benefactor; helping; benefitting	
phan par byed pa'i thabs	methods that serve to benefit	
phan par dgongs pa	beneficial thought; helpful thought	
phan par sems	helpful mind; beneficial mind	
phan par sems pa	helpful mind; beneficial mind	
phan phyir	for the benefit; in order to benefit	
phan thogs	administer help; do benefit; help	
phan tshul grogs su	mutually compatible	
phan tshun	mutual; mutually{D2}	
phan tshun 'gal ba	contradictories in the sense of mutual exclusion{N}; mutually	
phan tshun brtan pa	interdependent	
phan tshun mi 'khrul pa	mutually ineluctable{BJ 74.4}	
phan tshun mi mthun	mutually discordant	
phan tshun rten brten	mutually support and supported{BJ 62.3}	
phan tshun rten pa	mutual dependence; interdependence	
phan tshun spang 'gal	contradictory in the sense of mutual exclusion; mutually exclusive	
phan tshun spangs 'gal	mutually exclusive; contradictories	
phan tshun tha dad	mutually different	
phan tshun tshogs pa dang mi mthun pa 'gyur	mutual discordance	
phan yon	benefit{N}	
phan yon che ba	great benefit	
phan yon gyi yan lag	branch that is a benefit	
phangs	loss; to regret	
phangs med	abundant	
phangs sems	regret	
phar	out there{BJ 54.7}	
phar 'gro tshur 'gro	go from nearby to far away	
phar phyin	perfection	
phar phyin drug	[beyond-gone-six]; the six perfections	
phar phyin drug po	[beyond-gone-six]; the six Perfections	
phar phyin gyi theg pa	Perfection Vehicle	
phar phyin theg pa	Perfection Vehicle	
phas kyi rgol ba	arguments by others	
phebs	go [past tense stem, 'to go', 'come') (hon.)	
phed pa	change; changing	
phen byed kyi las	impelling action	
pher	to be able to bear	
pho	male | person; man	
pho brang	palace | palace; mansion	
pho dang mo'i dbang po	lord of women and men	
pho mo	male and female	
pho mo snyoms par 'jug pa'i tshe	at the time of absorption of male and female	
pho nor	man's goods	
pho nya	messenger	
phog	to give; to hit | strike; affect; touch; give; to bestow; salary	
phog pa	strike; affect; touch; give; to bestow; salary	
phogs	strike; affect; touch; give; to bestow; salary	
phongs	to become destitute; destitution ? {T}	
phongs pa chen po	great poverty; great misfortune; very poor	
phongs pa med pa	without loss; without poverty {T}	
phongs par 'gyur pa'i las	an action which will lead to destitution ?? {T}	
phra	subtle; fine; thin	
phra ba	subtle; fine; thin	
phra ba rtog pa'i rnal 'byor	yoga realizing the subtle	
phra ba'i mi rtag pa	subtle impermanence	
phra ba'i shin sbyangs	subtle pliancy	
phra ma	divisive speech	
phra mo	subtle; fine; thin; minute	
phra rab	minute; subtle{N}	
phra rab rdul	particle; subtle particle	
phra rab tsam	merely atoms; only subtle particles {T}	
phrad	particle; to meet with	
phrad pa	meet; come together	
phrad pa'i rgyu	cause of meeting	
phrad par bya ba	meeting	
phrag 'bum	100,000	
phrag brgya	100	
phrag dog	envy | jealousy | jealousy; envy	
phrag dog gi kun sbyor	thorough enwrapment of jealousy	
phrag dog gi kun tu sbyor ba	thorough enwrapment of jealousy	
phrag pa	shoulder	
phrag stong	1000	
phral ma	divisive speech	
phran	small; minute	
phran bu	small; minute	
phran rab	minute	
phran tshegs	minor; lesser	
phreng	garland; rosary; series	
phreng ba	garland; rosary; series	
phrin	message	
phrin las	action; karma	
phrin las 'dra ba nyid	similarity of karma	
phrin las kyi don	object of action; meaning of karma	
phrin las kyi khyad par	different karmas; differences of actions	
phrin las sgrub pa	established karma	
phrin las thun mong ba	concordant karma; {T} common activities	
phrin las zab pa	subtle karma; {T} profound activities	
phrod	meet	
phrogs	to take away; to deprive of | to rob, snatch, grab, attract {T}	
phros	spread; diffuse; scatter	
phru gu	child	
phrug gu	children	
phrul	superficial	
phrul gyi 'khrul rgyu	superficial cause of error/mistake	
phrul ma	divisive speech	
phu	upland, upper part of a valley	
phu bo	elder brother	
phu dung	sleeve	
phu thag chod pa	penetrate; decisive	
phu thag chod pa'i lta	unerring view; view which is decisive	
phud	apex; summit; top	
phug	to bore | deep; inner	
phug gi 'khrul rgyu	deep cause of error/mistake	
phug ron	dove	
phugs	deep; innermost; inner	
phul	verb: offer; present; to give (hon.) noun: offering; present	
phul ba	verb: offer; present; to give (hon.) noun: offering; present	
phul du byung ba	perfect; excellent; marvellous	
phul du byung ba'i dmigs pa	object of observation of perfection	
phul du byung ba'i khyad par	special excellence; particular perfection	
phul gang	a handful	
phul phyin	victorious | full development	
phun	accomplishment; achievement; possession	
phun pa	accomplishment; achievement; possession	
phun sum tshogs	marvels; perfect; complete; marvelous; sublime; perfection; marvel	
phun sum tshogs pa	marvels; wonders; perfect; complete; marvelous; sublime; perfection	
phun sum tshogs pa la nges par 'gyur ba	become definite with respect to completion; become definite with	
phun sum tshogs pa lhag pa	special completion; special marvels	
phun sum tshogs pa thob pa	attain completion; obtain marvels	
phun sum tshogs pa'i bde ba dag la ma chags pa nyid	non-attachment to the marvelous bliss ? {T}	
phun sum tshogs par 'gyur ba	perfect; complete	
phun tshogs	marvels; perfect; complete; marvelous; sublime; perfection; marvel	
phun yon bcas	qualities{BJ 62.6}	
phung	aggregate	
phung gsum	possibility{N}; any other possibility; another category; additional	
phung po	heap | aggregate; mental and physical aggregates	
phung po lhag ma med pa'i mya ngan las 'das pa na yang	nirvāṇa without remainder	
phung po lhag ma med pa'i mya ngan las 'das pa'i dbyings	the sphere of nirvāṇa without remainder	
phung po lnga	five aggregates	
phung po lnga po gang rung la brten nas btags pa'i skyes bu	a being imputed in dependence upon any among the five aggregates	
phung po thams cad nges par 'dor ba dang 'byung bar dang	definitely reject all aggregates and arisings	
phung po yang dag par zad pa	completely extinguish the aggregates	
phung po'i lhag ma ma lus pa'i mya ngan las 'das pa	nirvāṇa without remainder	
phung po'i lhag ma med pa'i mya ngan las 'das pa	nirvāṇa without remainder	
phung po'i lhag ma med par mya ngan las 'da' bar mtha' thug pa	final nirvāṇa without remainder	
phung po'i mtshan nyid	character of the aggregates{N}	
phur bu	thursday	
phur bu lcog byams pa rgya mtsho	Pur-bu-j#ok Jam-b#a-gya-tso [1825-1901]	
phur bu pa	Bārhaspatya; Hedonist {T}	
phur ma	powder	
phus	to blow	
phya le ba	level	
phya le ba ma yin pa	non-level	
phya legs pa	attractive	
phya legs pa ma yin pa	unattractive	
phyag	hand; salutation; reverence; [honorific particle]	
phyag 'tshal	bow down; pay respect to; bowing down; homage; salutation	
phyag 'tshal bar 'gyur ro	bow down; pay respect to; bowing down; homage; salutation	
phyag 'tshal bar byed	bow down; pay respect to; bowing down; homage; salutation	
phyag bdar	sweep; dust	
phyag bgyi 'os	suitable for homage	
phyag bgyi ba'i gnas	source/object for homage	
phyag bris	letter; writing (hon.)	
phyag dang zhabs 'khor lo'i mtshan dang ldan pa	having the sign of a wheel on hands and feet	
phyag dngul	money (hon.)	
phyag las	work (hon.)	
phyag len	practice (hon.)	
phyag mtshan	hand sign; hand symbol	
phyag na rdo rje	Vajrapāṇi	
phyag rgya	seal	
phyag rgya bzhi	four seals{N}	
phyag rgya chen po	Great Seal	
phyag rgya'i lha	seal deity	
phyag rgya'i tshig	seal-word	
phyag tshal	to bow down; pay respect to	
phyag tshod	watch (hon.)	
phyan byas	helped; benefitted	
phye	flour; to divide, to separate; to open | separate; differentiation; differentiate; distinguish	
phye ba	separate; differentiation; differentiate; distinguish	
phye ma	powder; dust	
phye ma'i sman	medicinal powder	
phye ma'i sman sbyar ba	mixing/preparing medicinal powder	
phye nas	having distinguished	
phye shul	opening a passageway or opportunity	
phye tsheg	separating dot [the dot between syllables]	
phyed	to divide, to separate; to open | to be differentiated	
phyed 'og ma	the higher half {T}	
phyed dang gnyis	two and one-half ? {T}	
phyed ka	half	
phyed ma	half	
phyed pa	to be differentiated	
phyi	after | (1) external; outside; outer; generality (2) wipe; wipe away; erase	
phyi bshol	procrastination; put off	
phyi bzhin	after	
phyi bzhin du	closely behind{C}	
phyi dang bye brag	generality and particular	
phyi dang nang gi dngos po	external and internal thing	
phyi dar	later dissemination{N}	
phyi dar gyi mkhas pa	scholars of the later dissemination	
phyi dbyangs; phyi dbyangs dbyings	external expanse of the sky	
phyi don	external object{N}	
phyi don du med	do not exist as external objects{BJ 21.1}	
phyi logs	subsequent	
phyi logs su byung ba	subsequent arising	
phyi ma	later; next | later; subsequent; latter; the latter{D2}	
phyi ma la	in the future; there	
phyi ma phyi ma	most superior; each following one	
phyi ma phyi ma 'bras bu	highest fruit	
phyi ma phyi ma dag	most superior; each following one	
phyi ma phyi ma'i 'bras bu	highest fruit	
phyi ma rjes mthun bzhi	latter four similitudes	
phyi ma'i rgyud	Last Tantra [the fourth of the Four (Medical) Tantras]	
phyi mo	model	
phyi mo ba'i dbu ma pa	model Mādhyamika	
phyi nang	external and internal	
phyi nang gi chos	external and internal phenomena	
phyi nang stong pa nyid	external and internal emptiness	
phyi rabs kyi skyo bo'i don du	later generation; subsequent generation	
phyi rgol	second party; previous thesis [which is being refuted]; opponent	
phyi rgol ba	second party; previous thesis [which is being refuted]; opponent	
phyi rgol yang dag	correct second party; full-fledged second party	
phyi rol	outside | outside; external	
phyi rol don du grub pas stong ba	empty of being established as an external object	
phyi rol don gyis stong pa	emptiness of external objects	
phyi rol don snang gi blo	awareness to which external objects appear	
phyi rol don stong	emptiness of external phenomena	
phyi rol gyi don	external objects	
phyi rol pa	Forder [literally: outsider; heretic]; Non-Buddhist	
phyi rol pa'i yongs su smin pa	external ripening; external maturation {T}	
phyi rol tu	externally; outside	
phyi rol tu 'gyur te	go outside; external	
phyi rol tu rnam par g.yeng ba	external distraction {T}	
phyi shol	procrastination; put off	
phyi stong pa nyid	external emptiness; {T} emptiness of external [objects]	
phyi'i 'byor ba lnga	five outer fortunes	
phyi'i bem po	external matter	
phyi'i dngos po rnams	external things	
phyi'i don	external object	
phyi'i gzugs	external form	
phyi'i phyag rgya	external seal	
phyi'i phyag rgya dang sbyor ba	joining/union with an external seal/consort	
phyi'i rkyen yongs su grub pa	establish the general conditions; {T} achieve the external conditions	
phyi'i skad cig ma nyid	momentariness of the external [world] {T}	
phyi'i skye mched drug	the six external sources	
phyin	to arrive | went [past of 'gro, 'to go']	
phyin chad	after | henceforth; since that time; ever since	
phyin ci log	mistaken; error; erroneous; wrong; inverted; incorrect	
phyin ci log bzhi dang ldan pa	possessing the four errors {T}	
phyin ci log gi blo can	having a mistaken awareness	
phyin ci log gi gnas ngan len	assumptions of bad erroneous states	
phyin ci log gi gnyen po'i snang ba'i de kho na	reality which is the appearance of the antidote to error {T}	
phyin ci log gi gzhi	basis of error; erroneous basis	
phyin ci log gi mtshan ma	mistaken sign; sign of error	
phyin ci log gi yid la byed pa	mistaken mental contemplation	
phyin ci log las byung ba	arisen from error	
phyin ci log ma yin	non-mistaken; non-erroneous	
phyin ci log med	non-mistaken; non-erroneous	
phyin ci log med pa	non-mistaken; non-erroneous	
phyin ci log pa	mistaken; wrong; inverted; incorrect; erroneous	
phyin ci log rjes su 'brel pa	bonds of error	
phyin ci log tu	mistakenly; erroneously	
phyin ci ma log	non-mistaken; non-inverted; non-erroneous; right; correct	
phyin ci ma log 'chad	non-mistaken explanation	
phyin ci ma log mtshan nyid	non-mistaken characteristic	
phyin ci ma log pa	unmistaken; non-inverted; non-erroneous; right; correct	
phyin ci ma log pa de bzhin nyid	non-mistaken suchness	
phyin ci ma log pa'i de kho na	non-mistaken reality	
phyin ci ma log pa'i don	non-mistaken meaning; non-mistaken object	
phyin ci ma log par	non-erroneously{N}	
phyin ci ma log par gyur pa	be non-mistaken; which is non-mistaken	
phyin ci ma log par sgrub pa	non-mistaken establishment; establish non-erroneously	
phyin ci ma log pas yongs su grub pa	thoroughly establish non-mistakenly	
phyin ma thag tu	as soon as reaching; immediately/right/just after arriving	
phyin nas	having gone; having obtained	
phyin pa	"went [past of 'gro, """"to go""""]; reached"	
phyin pa pa	goer	
phyin pa'i gnas	level reached {T}	
phyin par 'gyur	reached; went	
phyin par byed pa	reached; attained	
phyin par mi nus	could not traverse	
phyin te lo shu sha	Phyin-te-lo-shu-sha, a Tibetan transcription of the Chinese name 賓頭盧埵闍 Bin-tou-lu-duo-she, itself a transcription of Sanskrit Pindoladhvaja (?; Hahn 1996: 318)	
phyir	back; again; out, outside; on account of, due to, because of; for the sake of; in order to; behind | because; again; back; outside; because of; on account of; in order	 [Bialek]: again; out, outside; on account of, due to, because of; for the sake of; in order to; behind
phyir 'ong	Once Returner	
phyir 'ong 'bras gnas pa	Abider in the Fruit of Once-Returner	
phyir 'ong ba	Once Returner	
phyir 'ong zhugs pa	Approacher to Once-Returner	
phyir bcos	fix up; repair	
phyir du	in order to; for the sake of	
phyir logs su	after	
phyir mi 'ong	Never Returner; Non-Returner	
phyir mi 'ong 'bras gnas pa	Abider in the Fruit of a Never-Returner	
phyir mi 'ong ba	never returner	
phyir mi 'ong zhugs pa	Approacher to Never-Returner	
phyir mi ldog pa	Non-Returner | return; reverse	
phyir mi ldog pa nyid du	irreversibility	
phyir mi ldog pa sa yi chos	phenomena/doctrines of the irreversible grounds	
phyir mi ldog pa'i 'khor lo'i mdo	Irreversible Wheel Sūtra (P906, vol. 36)	
phyir mi ldog pa'i sa	irreversible ground(s)	
phyir mi ldog pa'i sa la gnas pa	abiding in the irreversible grounds	
phyir mi ldog pa'i sa la lung bstan pa 'thob pa yang dag par 'grub pa	correctly achieving the attainment indicated in the scripture on the	
phyir mi ldogs pa'i sa	irreversible ground(s)	
phyir phyogs	turn away from; turn one's back on	
phyir phyogs par 'gyur	turn(ed) away from; turn one's back on{S 55.3}	
phyir phyogs par byed	turn away from; turn one's back on	
phyir rgol pa	opponent	
phyir zhing	further	
phyir zhing 'byung ba	further arising{S 29}	
phyis	later | (1) after (2) wipe; wipe away; erase	
phyogs	direction; side | position; direction; portion; class; bias; quarter; side; faction {BJ 11.3}	
phyogs 'dzin pa'i dbu ma pa	partisan Mādhyamikas	
phyogs bcu pa'i sangs rgyas rnams	the Buddhas of the ten directions	
phyogs bcu'i	of the ten directions	
phyogs bcur	in the ten directions; the ten directions; all directions	
phyogs cha	directional parts	
phyogs chos	property of the subject; subject-quality; presence of the sign in the	
phyogs chos kyi ltos gzhi	the basis of relation of the property of the subject{LSR 2b}	
phyogs de song	gone in that direction {T}	
phyogs gcig	one portion	
phyogs gcig rnams	some (types){BR}	
phyogs glang	Dignāga	
phyogs gnas	abiding in a position	
phyogs gsum pa med pa	a third position does not exist {T}	
phyogs kyi glang po	Dignāga	
phyogs kyi gos can	"Digambara{N} (lit.: """"sky-clad"""")"	
phyogs la	towards	
phyogs med	[bias-not-exist]; directionless; without bias; without partisanship	
phyogs med pa	[bias-not-exist]; directionless; without bias; without partisanship	
phyogs mtshams	intermediate direction; directions and intermediate directions	
phyogs na gnas pa	abiding in a position	
phyogs re'i gnyen po	partial antidote	
phyogs snga ma	opponent{BJ 11.1}	
phyogs snga'i skabs su	on the occasion of [setting forth the position of] the opponent{BJ 44.5}	
phyogs su	towards	
phyogs tsam	mere direction; mere position; mere portion	
phyu pa	robe	
phyug	to be rich	
phyug pa	opulent, wealthy, rich {T}	
phyug po dang bdag po	lord and owner {T}	
phyugs	cattle | cow	
phyugs gshod	killing cows	
phyung	to cause to come forth/out; to gouge out, to take out | cast out; throw away; banish; root out; disbelieve{BJ 9.1}	
phyung ba	cast out; throw away; banish; root out; disbelieve	
phyung gyur	cast out; throw away; banish; root out; disbelieve	
phyungs	cast out; throw away; banish; root out; disbelieve	
pi bang	an Indian lute with seven strings	
pi wang	an Indian lute with seven strings	
po li	ball	
po ta la	Po-ta-la, name of a mountain	
po ti	volume; book	
po'i bar dgu	the nine ranging from the small of the small up to the great of the great	
pod	volume; book	
pre pe stan chung	Pre-pe-stan-chung	
prāpuṇetum = prāpuṇitva)	attain; obtain	
pu gu	child; children	
pu li	ball{D1}	
pu li si	police	
pu ti	book	
pur rgyal	kingdom of the dead [an epithet of Tibet]	
put [a signature]; array; affix	having made a statement of speech; etc.{LWT-5.3}	
pṛthagjanāḥ)	childish ordinary beings	
ra	goat | [accusative; dative and locative particle] to; as; -ly; in; at	
ra mda'	help	
ra mnye	"a large leaf called """"ra-nay"""""	
ra rgod	wild goat	
rab	the eldest; the best; eldest; utmost | best; highest; as an intensifier: very	
rab 'bring tha	high, middling, low	
rab 'byams	billions; a very high number; countless; manifold	
rab 'byor	Subhūti [p.n. of Buddha's personal attendent and one of his main	
rab 'das nas	having (thoroughly) passed beyond; having (thoroughly) gone beyond	
rab 'dul	(thoroughly) disciplined; (thoroughly) discipline; (thoroughly) tame	
rab 'dzin	(thoroughly) apprehend; (thoroughly) grasp; (thoroughly) conceive	
rab 'jug	engage in; enter	
rab 'phrul dga'	Land of Liking Emanation	
rab bcings pa 'ching bas	bound by strong bonds	
rab brtson	(thoroughly) suitable; (thoroughly) endeavor; (thoroughly) strive	
rab bsags	(thoroughly) accumulate; composite	
rab bsdams	(thoroughly) restrained; (thoroughly) bound	
rab bskyed	produce; produced	
rab byed	chapter	
rab byung	a cycle of sixty years	
rab dag	(thoroughly) pure; very pure; (thoroughly) purified	
rab dang	(thoroughly) pure; very pure; (thoroughly) purified	
rab dang ba'i shugs	very pure force; very pure power; implicitly thoroughly pure	
rab dang sems dang ldan pa	having (thoroughly) pure mind; having very pure mind; having	
rab dbye	(thoroughly) divide; (thoroughly) differentiate	
rab dga'	very joyful	
rab dga'i yid	very joyful mind	
rab dka'	[very-white]; very white; pure white	
rab dmar	very red	
rab gang	very full	
rab gnas	abide; thoroughly abide; highest abode; consecration	
rab gnod par 'gyur	(thoroughly) harm; (thoroughly) damage	
rab grags	very renowned	
rab gus	highest respect; very respectful	
rab gzung	thoroughly apprehend/grasp	
rab mchog	highest; utmost; supreme	
rab mkhas pa	very wise; very skilled	
rab mtha'i bsam gtan	final concentration	
rab rdzogs	thoroughly complete/perfect/fulfill/terminate	
rab rdzogs pa	thoroughly complete/perfect/fulfill/terminate	
rab rgyas	very extensive; very wide; very full	
rab rib	clouded vision{S 41}; eye disease	
rab rib can	one with an eye disease	
rab sdug	very dear; very kind; very beloved	
rab shes	(thoroughly) cognize; (thoroughly) know; highest consciousness	
rab shes na	when (thoroughly) cognizing; if one (thoroughly) knows	
rab smin	(thoroughly) ripen; (thoroughly) mature	
rab smin par byed pa	(thoroughly) ripen; (thoroughly) mature	
rab ston	(thoroughly) teach; (thoroughly) indicate	
rab tu	very | highest; best; as an intensifier: very; intensively	
rab tu 'bab pa	thoroughly descend/rain/flow/fall down/move downward/slope toward	
rab tu 'bab par 'gyur ro	thoroughly descend/rain/flow/fall down/move downward/slope toward	
rab tu 'bar ba	strongly burn; blaze up; strongly burning	
rab tu 'byed do	(thoroughly) separate; (thoroughly) differentiate; (thoroughly) open	
rab tu 'byed pa	(thoroughly) separate; (thoroughly) differentiate; (thoroughly) open	
rab tu 'byed par bgyid	(thoroughly) separate; (thoroughly) differentiate; (thoroughly) open	
rab tu 'byin par byed	(strongly) issue forth; take out; remove; root out	
rab tu 'byung	"to join (the religion of the Buddha; Skt. pra-√vraj ""to go forth, to proceed; to become a monk"") | (strongly) arise; thoroughly arise; come forth; (strongly) emerge"	
rab tu 'byung ba	to become a monk; (strongly) arise; thoroughly arise; come forth	
rab tu 'byung ba'i phyir mngon par 'byung	manifestly emerge [from the home] in order to become a monk	
rab tu 'byung bar 'gyur ro	to become a monk; (strongly) arise; thoroughly arise; come forth	
rab tu 'dren pa	strongly induce/lead/draw/connect; cite; leader	
rab tu 'dzin	(strongly) apprehend; (strongly) grasp; (thoroughly) conceive	
rab tu 'dzin pa	(strongly) apprehend; (strongly) grasp; (thoroughly) conceive	
rab tu 'dzin par 'gyur ba	(strongly) apprehend; (strongly) grasp; (thoroughly) conceive	
rab tu 'god pa	strongly/intensely/thoroughly set/state/establish/arrange/register/make	
rab tu 'god pa byed pa	strongly/intensely/thoroughly set/state/establish/arrange/register/make	
rab tu 'jig pa	disintegrate; destroy	
rab tu 'jog	(strongly) posit; (strongly) establish; deposit	
rab tu 'jog par byed	(strongly) posit; (strongly) establish; deposit	
rab tu 'jug	(strongly) engage; enter	
rab tu 'thob	thoroughly obtain; attain; achieve	
rab tu 'thob pa	thoroughly obtain; attain; achieve	
rab tu bcom gyur	thoroughly/completely destroy/overcome/triumph over	
rab tu bde bar gnas	abide in highest bliss	
rab tu brjod	(strongly) express; (strongly) state	
rab tu brtson	(strongly) endeavor; make effort; strive; exert oneself	
rab tu brtson pa	(strongly) endeavor; make effort; strive; exert oneself	
rab tu bshad	(thoroughly) explain; (thorough) exposition/explanation; (thoroughly)	
rab tu bshad pa	(thoroughly) explain; (thorough) exposition/explanation; (thoroughly)	
rab tu bskor pa	completly encircle/surround/revolve/circumambulate/turn round/turn [a	
rab tu bsngags	(strongly) praise	
rab tu bstan pa	teach; (strongly) indicate	
rab tu bsten bya	should strongly/intensely rely upon/make use of/stay close to/adhere	
rab tu bsten byed	strongly/intensely rely/relying upon/make use of/stay close to/adhere to	
rab tu bsten pa	strongly/intensely rely upon/make use of/stay close to/adhere to	
rab tu byams par gyur pa	very loving; highest love	
rab tu byed	(thoroughly) do; (thoroughly) perform	
rab tu byed pa	chapter (Skt. prakarana) | (thoroughly) do; (thoroughly) perform	
rab tu byung ba	to become a monk; person who has gone forth [from the home life]	
rab tu bzhag pa	(thoroughly) posit; (thoroughly) establish; designate; posited	
rab tu bzod	thoroughly patient/forbearant/enduring/tolerant	
rab tu bzung ba	(thoroughly) apprehend; (thoroughly) grasp; (thoroughly) hold	
rab tu choms pa gyur pa	destroy; uproot; extirpate	
rab tu dad par byung ba	arise as pure	
rab tu dang ba	very pure	
rab tu dang ba dang ldan pa'i sems	very pure mind; mind endowed with highest purity	
rab tu dang ba'i yid	very pure mind	
rab tu dben pa	thorough isolation; thoroughly isolate	
rab tu dben pa'i yid byed	mental contemplation of thorough isolation	
rab tu dbye ba	thoroughly distinguish(ed); thoroughly differentiates	
rab tu dga' ba skye ba	produce great joy; very joyous	
rab tu dga' ba skye bar 'gyur ro	produce great joy; (become) very joyous	
rab tu dga' bar byed pa	rejoice; strongly rejoice	
rab tu dga' zhing spro ba	very joyful and spread out	
rab tu dga'ba	very joyful; Very Joyful (first bodhisattva ground)	
rab tu dga'ba byed	rejoice; strongly rejoice	
rab tu dul ba	very disciplined	
rab tu dwang ba yid la byed pa	thoroughly clear mental contemplation	
rab tu gang ba	very full	
rab tu gdon par bya	cause to come out; (strongly) expel; recite; take out	
rab tu gnas pa	thoroughly abide; highest abode; p.n. of a nāga king; consecration	
rab tu grags pa	very renowned	
rab tu grub pa	strongly established; very established	
rab tu gzhog par byed pa	(thoroughly) posit; (thoroughly) establish; designate	
rab tu ldan pa	possessing; having; associated (with)	
rab tu lhung	fall down; fall into	
rab tu ma rdzogs	not very complete/perfect	
rab tu mang po	very many	
rab tu mchog	highest; very highest; excellent; supreme	
rab tu mi dga'	not (thoroughly) happy	
rab tu mi gnas par smra ba	Proponent of Thorough Non-Abiding{N}	
rab tu mi shes	not (thoroughly) know/cognize	
rab tu mkhyen pa	thoroughly knows; highest exalted knower	
rab tu mthong	see; perceive	
rab tu nyams pa	very degenerated; very spoiled; very defiled; very corrupted	
rab tu nyams pa 'gyur ba	very degenerated; very spoiled; very defiled; very corrupted	
rab tu phyag 'tshal	pay thorough obeisance	
rab tu phye	thoroughly distinguish(ed); thoroughly differentiates	
rab tu phye ba	thoroughly distinguish(ed); thoroughly differentiates; distinguished	
rab tu phye ba yin no	thoroughly distinguish(ed); thoroughly differentiates	
rab tu rang	very suitable{LG 30.5}	
rab tu rgyas pa'i dmigs pa	very extensive object of observation	
rab tu rig pa	(thoroughly) know; (thoroughly) aware	
rab tu rig par byed pa	(thoroughly) know; (thoroughly) aware	
rab tu rnam par 'byed pa	thoroughly differentiate; thorough differentiation; thoroughly separate	
rab tu rnam par 'byed par byed	thoroughly differentiate; thorough differentiation; thoroughly separate	
rab tu rnam par 'jig pa	thoroughly disintegrate; thoroughly destroy	
rab tu rnam par dbye pa	thoroughly differentiate; thoroughly divide; thoroughly open	
rab tu rnam par rig par bya ba ma yin	not an object of knowledge	
rab tu rnam par spyad par bya'o	one should thoroughly practice	
rab tu rtog pa	(strongly) think; (strongly) conceptualize	
rab tu rtogs	(strongly) realize; cognize	
rab tu rtogs nas	having (strongly) realized; having cognized	
rab tu rtogs pa	(strongly) realize; cognize	
rab tu sbyar	(thoroughly) join; (thoroughly) connect; affix; associate; (thoroughly)	
rab tu sbyar ba	(thoroughly) join; (thoroughly) connect; affix; associate; (thoroughly)	
rab tu sbyin	give; bestow; highest gift; highest offering	
rab tu sbyor ba	thoroughly endeavor/join/connect/apply/prepare/establish/exert	
rab tu sgom byed	(strongly) cultivate; (strongly) practice meditation	
rab tu sgrub par byed	(strongly) establish; (strongly) established	
rab tu shes	(thoroughly) know; (thoroughly) cognize; highest consciousness	
rab tu shes pa	(thoroughly) know; (thoroughly) cognize; highest consciousness	
rab tu skye	strong production; production; strongly produce; produce	
rab tu skye ba	strong production; production; strongly produce; produce	
rab tu smin pa	(thoroughly) ripen; (thoroughly) mature	
rab tu smra	(strongly) propound; proponent	
rab tu snang ba'i rnam pa bsgom pa	meditation on an aspect of intense illumination	
rab tu snang bar 'gyur	appear; perceive	
rab tu spong	thoroughly abandon	
rab tu spyod	(thoroughly) enjoy; (thoroughly) make use of; (thoroughly) practice	
rab tu sreg byed	(thoroughly) burn; (thoroughly) roast	
rab tu ston	teach; (strongly) indicate	
rab tu ston pa	teach; (strongly) indicate	
rab tu ston par byed	teach; (strongly) indicate	
rab tu thob pa	thoroughly obtain; attain; achieve	
rab tu thob pa dam pa	excellent attainment {T}	
rab tu zhi ba	(thoroughly) pacified; (thorough) pacification; very calm	
rab tu zhi bar 'gyur ro	(thoroughly) pacify	
rab tu zhi bar bya ba	object of (thorough) pacification	
rab tu zhi bar bya ba yin	is an object of (thorough) pacification	
rab tu zhi bar byed	(thoroughly) pacify	
rab tu zhi bar byed pa	(thoroughly) pacify	
rab tu zhugs pa	(thoroughly) engage in; (thoroughly) enter	
rab tu zhugs par gyur	(thoroughly) engage in; (thoroughly) enter	
rab tu zin	(thoroughly) apprehend; (thoroughly) grasp; done with; (thoroughly)	
rab yangs pa	very extensive; very wide	
rab zhi	(thoroughly) pacify; (thoroughly) pacified; (thorough) pacification	
rab zhi ba	(thoroughly) pacify; (thoroughly) pacified; (thorough) pacification	
rabs	race; lineage; generation	
rag las	to depend; depend upon{BJ 8.3}	
rag las pa	to depend; depend upon	
rags pa	coarse; gross; thick	
rags pa dang ni phra ba	coarse and subtle	
rags pa dran pa gcig pa'i rnal 'byor	yoga of singlemindedness of the coarse	
rags pa rnams	coarse; gross; thick; gross objects{N}	
rags pa'i de kho na	coarse suchness	
rags pa'i mi rtag pa	coarse impermanence	
rags pa'i shin sbyangs	coarse pliancy	
rags par snang ba	grossness	
ral ba	lost	
ral gri	sword; dagger; sword(s)	
ral pa	lock	
ral pa'i tshogs	[hair-of-collection]; mane; mass of hair	
ram	and; or; particle indicating question	
ran	to be right (to do sth.)	
ran dang bar mdzad pa	(thoroughly) purify; very pure; (thoroughly) purified	
ran pa	right time; appropriate	
rang	self; itself; one's own; merely, only; to rejoice | own; itself; himself; herself	
rang 'bras	own effect	
rang 'byung	self-arisen	
rang 'byung gyi shes pa	self-arisen consciousness	
rang 'dren byed kyi	which induces it	
rang 'dzin med	no conception of self	
rang 'dzin rtog pas	by the thought-consciousness apprehending it	
rang bde mi 'dod pa	desire one's own happiness; {T} not desiring one's own happiness	
rang blo ma 'khrul pa	non-mistaken self-awareness; one's own non-mistaken awareness ??	
rang byang chub dang bla na med pa'i byang chub	self-enlightenment and unsurpassed enlightenment	
rang byung ba	self arisen	
rang byung gi chos	self-arisen phenomena	
rang bzhin	nature; own-being; inherent existence; exist inherently{BJ 20.3}	
rang bzhin 'od gsal	naturally luminous; natural luminescence	
rang bzhin brgyad cu'i kun rtog	eighty indicative conceptions	
rang bzhin bstan pa	naturally stable	
rang bzhin can	inherently; naturally; having inherent existence	
rang bzhin dang 'gal ba'i 'bras bu	an effect contradictory with the nature	
rang bzhin dri med	naturally stainless	
rang bzhin du gnas pa	naturally abide	
rang bzhin gcig pa	one nature; same nature	
rang bzhin gnas rigs	naturally abiding lineage; natural lineage	
rang bzhin gsum	three natures	
rang bzhin gyi 'od	natural light	
rang bzhin gyi dbang po rno ba nyid	naturally sharp faculties	
rang bzhin gyi don	inherently existent object/meaning	
rang bzhin gyi dri ma	natural defilements	
rang bzhin gyi mdog	natural color	
rang bzhin gyi rigs	natural lineage	
rang bzhin gyi rnam par dag pa	natural purity	
rang bzhin gyi rtags	nature sign	
rang bzhin gyi rtog pa brgyad bcu	eighty indicative conceptions	
rang bzhin gyi sku	nature body; inherently existent body	
rang bzhin gyi tshul khrims	natural ethics	
rang bzhin gyi yan lag	limbs of inherent existence	
rang bzhin gyis	by way of its own nature; naturally{BJ 23.3}; inherently{BJ 20.3}	
rang bzhin gyis 'od gsal la	naturally luminous	
rang bzhin gyis grub pa	inherent establishment; established inherently{BJ 20.3}; established by	
rang bzhin gyis grub par 'dzin pa	conception of inherent existence	
rang bzhin gyis grub par snang ba	appearance of inherent existence	
rang bzhin gyis kun nas nyon mongs pa can ma yin pa	is not inherently afflicted	
rang bzhin gyis kun nas nyon mongs pa med	not inherently afflicted	
rang bzhin gyis ma skyes pa	non-production by way of its own nature; not produced by way of its	
rang bzhin gyis med pa	absence of inherent existence; no inherent existence{N}; not existent	
rang bzhin gyis mya ngan las 'das pa	naturally passed beyond sorrow{BJ 23.3}	
rang bzhin gyis rnam par dag pa	inherently pure	
rang bzhin gyis skye ba	inherent production	
rang bzhin gyis stong	emptiness of inherent existence; empty by way of its own nature	
rang bzhin gyis stong pa	absence of inherent existence	
rang bzhin gyis stong pa nyid	emptiness of inherent existence{N}; empty by way of its own nature	
rang bzhin gyis yod pa	inherently existent	
rang bzhin gyis yon tan dang ldan pa	inherently possessing (good) qualities	
rang bzhin gyis yongs su mya ngan las 'das pa	naturally thoroughly passed beyond sorrow	
rang bzhin kho nas yod pa nyid	existence by way of just nature	
rang bzhin khyad par gsum	three attributes of nature/inherent nature	
rang bzhin ma dmigs pa	non-observation of a nature	
rang bzhin med	non-inherent existence; absence/lack of inherent existence	
rang bzhin med pa	non-inherent existence; absence/lack of inherent existence; absence of	
rang bzhin mthar thug	final nature{N}	
rang bzhin mya ngan 'das	naturally passed beyond sorrow; natural nirvāṇa	
rang bzhin myang 'das	naturally passed beyond sorrow; natural nirvāṇa; natural nirvana	
rang bzhin rnam dag gi cha	factor of natural purity	
rang bzhin sku	nature body	
rang bzhin snying brtse	natural compassion; naturally compassionate	
rang bzhin stong pa nyid	emptiness of inherent existence; empty of inherent existence; naturally	
rang bzhin yan lag	limbs of inherent existence	
rang bzhin ye med	utterly without an inherent nature	
rang bzhin yin pa	is inherently existent; is naturally; is inherently	
rang bzhin yon tan ldan	naturally possessing (good) qualities	
rang cag	[self-s]; we	
rang chas	integral; integrally{LG}; intrinsically	
rang chas su	integrally (literally, on their own part)	
rang dang gzhan	self and others; oneself and others	
rang dang gzhan gyi don	one's own and others' purposes	
rang dang gzhan gyi don du rab tu sgrub par byed pa	establish one's own and others' purposes	
rang dang gzhan gyi don gyi skabs yin pa	it is the occassion of one's own and others' welfare; being the occassion	
rang dang gzhan gyi don la rab tu sbyor ba	endeavor at one's own and others' purposes	
rang dang gzhan gyi don mngon par sgrub pa	manifestly establish one's own and others' purposes	
rang dang gzhan gyi don sgrub pa	establish one's own and others' purposes	
rang dang gzhan gyi sems rjes su bsrung ba	protect/guard/safeguard one's own and others' minds	
rang dang gzhan la phan pa	benefit oneself and others {T}	
rang dang gzhan la sems mnyam par 'jog pa	setting in mental equipoise with regard to self and others {T}	
rang dang gzhan rjes su 'dzin pa	apprehend oneself and others	
rang dbang	[own-power]; independent; under one's own power	
rang dbang can	self powered; independent	
rang dbang du	as self-powered [entities]; independently{BJ 16.4}; by their/its own	
rang dbang du 'byung ba'i phyir	due to arising through its own power	
rang dbang du 'dzin pa	apprehend through its own power; apprehend independently	
rang dbang du grub pa	establishment through its own power; existence through its own power	
rang dbang du skye ba	self-powered production{BJ 31.4}	
rang dbang gis skye ba	autonomous production; production through their own power	
rang dbang med pa	non-independent; non-self-powered	
rang dbang pa	own power; independence; independent	
rang dga' ba	ordinary	
rang don	one's own purpose/object/welfare	
rang don rjes dpag	inference for oneself	
rang gces 'dzin	self-cherishing	
rang gces 'dzin nyon mongs can	afflicted self-cherishing	
rang gi	own; one's own; own-	
rang gi 'bras bu	own effect; its own effect	
rang gi 'jug yul	its object of engagement	
rang gi bdag nyid	own essence; own nature	
rang gi bdag nyid du med pa	does not exist as one's own essence	
rang gi bder ma chags	not attached to one's own happiness	
rang gi bya ba	one's own activities {T}	
rang gi cha shas du ma 'dus pa'i gzugs rags pa	a coarse form that is a conglomeration of its many parts {T}	
rang gi dbyings	own realm	
rang gi dgag bya	its object of negation	
rang gi dgag bya shes bya la mi srid pa'i med dgag	non-affirming negative whose object of negation is not possible among	
rang gi dgag bya shes bya la srid pa'i med dgag	non-affirming negative whose object of negation is possible among	
rang gi dngos ming	its own actual name	
rang gi dngos po	own factuality	
rang gi dngos po stong pa nyid	self-entity emptiness (emptiness of its own entity)	
rang gi don	own meaning; own object; one's own purpose	
rang gi don dang gzhan gyi don sgrub pa	establish one's own purpose and others' purposes	
rang gi don dang ldan pa	having one's own purpose/object/welfare	
rang gi don gyi mthar thug pa	one's own final purpose/object/welfare	
rang gi don gyi rten	basis of one's own welfare {T}	
rang gi don gyi rten gyi chos bstan	teach doctrines that are the basis of one's own welfare {T}	
rang gi don phun sum tshogs	perfect one's own purpose; complete one's own purpose	
rang gi don rjes su thob pa	obtain one's own purpose/object/welfare	
rang gi don sbyar ba la rjes su brtson par bya	one should make effort toward application to one's own purpose	
rang gi don spyod	practice for one's own purpose; establish one's own purpose	
rang gi gnas ngan len	own assumption of bad states	
rang gi gnas tshod kyi dbang gis grub pa	establishment through the force of objects' own status; established by	
rang gi gsal ba la rjes su 'gro ba'i chos	phenomenon that encompasses its own manifestations	
rang gi khams	one's own realm	
rang gi lta ba	own view	
rang gi lus	own body; one's own body	
rang gi mngon par shes pa	its own clairvoyance	
rang gi mngon par shes pas rtul ba	progress by way of clairvoyance	
rang gi mtshan nyid	own character; its own character; own-character; specific character	
rang gi mtshan nyid kyi ngo bo med pa	lacking a self-characterized entity	
rang gi mtshan nyid kyis grub pa	established by way of its/their own character{BJ 23.3}; natural	
rang gi mtshan nyid kyis ma grub pa	not established by way of their own character	
rang gi mtshan nyid kyis med pa	does not exist by way of its/their own character{BJ 23.2}	
rang gi mtshan nyid kyis med pa'i phyir	because of not existing by way of its/their own character	
rang gi mtshan nyid kyis ni yod	exist by way of its/their own character	
rang gi mtshan nyid kyis rnam par gnas pa	subsist by way of its own character{BJ 28.3}	
rang gi mtshan nyid kyis stong pa	empty by way of its/their own character; {T} empty of own character	
rang gi mtshan nyid kyis yod pa	existence by way of its own character{N}; exist by way of its own	
rang gi ngang	own taste/character/nature	
rang gi ngo bo	intrinsic entity; own entity{N}; its own entity; own-entity	
rang gi ngo bo 'dzin pa	bearing its own entity; that which holds its own entity	
rang gi ngo bo kun rdzob pa	conventional nature	
rang gi ngo bo nyid kyis grub pa	establishment by way of its own entity{N}	
rang gi ngo bos	by way of own-entity	
rang gi ngo bos grub pa	establishment by way of its own entity{N}; establishment by way of	
rang gi ngo bos yod pa	existence by way of its own entity{N}	
rang gi ngo skal gyi spang bya	its corresponding object of abandonment	
rang gi ngos skal gyi spang bya	the corresponding object of abandonment	
rang gi nyer len	own substantial cause	
rang gi nyon mongs pa	own affliction	
rang gi rgyud	one's own continuum	
rang gi rgyud du gtogs pa'i lus la sogs pa	body, etc., that are included in one's own continuum	
rang gi rigs	one's own kind; its type	
rang gi rten	its basis; own basis	
rang gi rtogs pa	own realization; own cognition	
rang gi sa	own level; own ground	
rang gi sa bon	own seed(s); own-seeds	
rang gi sangs rgyas kyi chos yongs su smin pa	ripen the qualities of one's own Buddhahood	
rang gi sde pa	our own schools	
rang gi sdod lugs gyi ngos nas grub pa	existing by way of its own mode of subsistence	
rang gi sems	own mind; one's own mind	
rang gi sems kyang bsrung ba	protect/guard/safeguard also one's own mind	
rang gi sems la dbang bsgyur ba	have sovereignty over one's own mind; control one's own mind	
rang gi sku	one's own exalted body	
rang gi srog	one's life {T}	
rang gi stobs kyi mthus	its own power; own power	
rang gi theg pa	own vehicle; its own vehicle	
rang gi thun mong ma yin pa'i bdag rkyen	its own uncommon empowering condition	
rang gi thun mong ma yin pa'i sdod lugs kyi ngos nas grub pas stong pa	all phenomena are empty of being established from the side of their	
rang gi yon tan	own qualities	
rang gi yul	own object; its own object	
rang gi yul nas 'du ba	collect from its own objects	
rang gis lha sgrub pa la	in order for oneself to achieve the deity ...	
rang gis rang rig pa	knowing itself by itself	
rang gis rtogs pa	realize by oneself	
rang gis yongs su bzung ba	apprehend by oneself	
rang grags kyi rtags	self-approved sign; self-approved reason; self-renowned reason	
rang grags rjes dpag	self-approved inference; self-renowned inference	
rang grangs rjes dpag	self-approved inference	
rang grol	self release	
rang gzhan don	one's own and others' purposes/welfare	
rang kho na'i don du	for one's own sake	
rang la phan byas	one's benefit	
rang lam gyi bya ba	activities of his/her path	
rang las	one's own worker	
rang las nges kyi tshad ma	a prime cognizer which induces ascertainment by itself	
rang las rgyangs chad kyi don gzhan	factually other, distant, and cut off from oneself	
rang ldog	self isolate; self-isolate	
rang ldog gcig pa	one self isolate; same self-isolate	
rang ldog tha dad	different self isolates	
rang ldog tha dad pa	different self-isolates	
rang lugs	own system{D1}; our own system	
rang lugs bzhag pa	presentation of one's own system{D1}; presentation of our own system	
rang ma yin pa'i ldog chos	isolate phenomenon that is not itself; isolate-phenomenon-that-is-notitself	
rang ma yin pa'i ldog chos kyi rjes mthun	concordance with isolate phenomenon that is not itself; similitude-ofisolate-	
rang mtshan	specifically characterized phenonenon; own-character; specifically	
rang mtshan bzung yul du byed pa'i rtog med ma 'khrul ba'i shes pa	non-conceptual, non-mistaken consciousness that takes a specifically	
rang mtshan spyi mtshan gyi rnam bzhag	Presentation of Specifically and Generally Characterized Phenomena,	
rang ngos nas grub pa	[own-side-from-establishment]; establishment from its own [the	
rang ngos nas yod pa	existence in its own right; existence from its own side{N}	
rang nyid	just; oneself | oneself; just; itself	
rang nyid dgag pa yin pa	something's being a negative	
rang nyid gces 'dzin	cherishing of oneself	
rang nyid gzung ba chos gzhan bzung ba la ltos dgos pa'i btags yod	imputed existent whose apprehension must depend upon apprehension	
rang nyid kun 'gro'i rgyu	something's [being] an omnipresent cause	
rang nyid la thog mar blo sbyong dgos pa'i bsam pa	a thought in which it is necessary initially to train the mind	
rang nyid lhan cig byed rkyen	something's being a cooperative condition	
rang nyid med dgag gi gzhan sel	something's being a non-affirming negative other-eliminator	
rang nyid nyer len yin pa	something's being a substantial cause	
rang nyid skal mnyam kyi rgyu	something's [being] a cause of similar lot	
rang rang	respective; each; its own	
rang rang gi	respective; each; its own{LG}	
rang rang gi bsod nams	its own merit	
rang rang gi myong bya	its own object of awareness{LG}	
rang rang gi ngo bos stong pa	emptiness of their own respective entities	
rang re	we | each; we	
rang re'i yig cha	our textbook{PGP 83}	
rang rgyal	[self-conqueror]; Solitary Realizer	
rang rgyal bcas pa	with Solitary Realizers	
rang rgyal gyi lam	Solitary Realizer path	
rang rgyal gyi mi slob lam	Solitary Realizer path of no more learning	
rang rgyal gyi mkhyen pa	Solitary Realizer exalted knower	
rang rgyal gyi rnal 'byor mngon sum	Solitary Realizer yogic direct perceiver	
rang rgyal gyi sa	Solitary Realizer ground	
rang rgyal gyi sbyor lam	Solitary Realizer path of preparation	
rang rgyal gyi theg pa	Solitary Realizer vehicle	
rang rgyal gyi tshogs lam	Solitary Realizer path of accumulation	
rang rgyu las byung	arise from its own causes	
rang rgyud	autononous; own power; own continuum	
rang rgyud kyi rjes dpag	autonomous inference; one's own inference	
rang rgyud kyi sbyor ba	autonomous syllogism; one's own syllogism	
rang rgyud pa	Svātantrika; [Middle Way] Autonomy School	
rang rgyud pa'i lugs kyi dgag bya	object of negation in the Svātantrika system	
rang rgyud rjes dpag	autonomous inference; one's own inference	
rang rig	self-knower; self-knowing; self-cognizing consciousness	
rang rig bcad shes	self-knowing subsequent cognizer	
rang rig mngon sum	self-knowing direct perception; self-cognizing direct perception	
rang rig mngon sum gyi tshad ma	prime cognizer that is a self-knowing direct perceiver	
rang rkya ba	self-sufficient	
rang rkya pa	self-sufficient{N}	
rang rkya thub pa	a self-sufficient entity; able to stand by itself{Lati}	
rang rkya thub pa'i rdzas su yod pa	self-sufficient substantial existence	
rang rkya thub pa'i rdzas yod bdag gis stong pa	lack of being a substantially existent self in the sense of being selfsufficient	
rang rkya thub pa'i rdzas yod du grub pa	established as a self-sufficient substantial entity	
rang sangs rgyas	Solitary Realizer	
rang sangs rgyas kyi 'phags pa	Solitary Realizer Superior	
rang sangs rgyas kyi sa	grounds of solitary realizers	
rang sangs rgyas kyi theg pa	Solitary Realizer Vehicle	
rang sems	own mind; one's own mind	
rang sems dag	purify one's own mind	
rang shar	self-illumination; {T} self-arising; self-dawning ?	
rang skya 'dzin thub pa'i rdzas yod	substantial existent in the sense of being self-sufficiently apprehensible	
rang skya thub pa	self-sufficient	
rang srog	one's own life; one's own liveliness	
rang stobs kyis	by its own power	
rang stong	emptiness of self	
rang yin pa'i ldog chos	isolate phenomenon that is itself; isolate-phenomenon-which-is-itself	
rang yin pa'i ldog chos kyi rjes mthun	concordance with isolate phenomenon that is itself; similitude-ofisolate-	
rang yul	own object; its own object	
rangs	see 2rang | to rejoice	
ras	cotton cloth	
ras bris	painted cloth	
ras cha	fabrics; cotton goods	
ras chung pa	Ras-chung-pa	
rba	wave	
rba klong	[wave-center]; whirlpool	
rba rlabs	wave	
rba rlabs 'khrugs pa	turmoil and breaking up (of limbs?)	
rbo phug pa	pierced (?)	
rdab	to clap	
rdabs	to throw down; to stomp	
rdar	rub	
rde'u	pebble	
rdebs	to throw down; to stomp	
rdi	pebble{BJ 21.1}	
rdig	valuables (?)	
rdo	stone; ore	
rdo ba	stone	
rdo leb	flat stone; flat rock	
rdo rje	vajra; adamantine	
rdo rje 'chang	[vajra-holding]; Vajradhara, the highest Tantric deity	
rdo rje bsnyems ma	"p.n. of a female deity [Vajrasattva's consort """"Vajra-Haughtiness""""]"	
rdo rje bzlas pa	vajra repetition	
rdo rje glu	Song of the Vajra	
rdo rje gzegs ma	diamond slivers	
rdo rje khu tshur	vajra-fist [name of a mudrā]; Vajramuṣṭi [p.n. of a Bodhisattva]	
rdo rje lta bu	vajra-like; like a vajra	
rdo rje lta bu'i sems	vajra-like mind	
rdo rje lta bu'i ting nge 'dzin	vajra-like meditative stabilization	
rdo rje mnyam pa nyid	sameness of the vajra (?)	
rdo rje sems can	Vajrasattva [p.n. of a Buddha]	
rdo rje sems dpa'	Vajrasattva	
rdo rje skyil krung; rdo rje skyil mo krung; rdor skyil	vajra-posture [i.e., the full-lotus posture]; adamantine posture; vajra	
rdo rje skyil mo krung	vajra-posture [i.e., the full-lotus posture]	
rdo rje slob dpon	vajra master	
rdo rje snying po	Vajragarbha	
rdo rje sra ba nyid	hardness of the vajra; firmness of the vajra	
rdo rje thal mo	vajra-palms{VM}	
rdo rje theg pa	Vajra Vehicle	
rdo rje theg pa'i lam	path of the Vajra Vehicle	
rdo rje'i snying po	vajra-essence	
rdo rje'i snying po can	having the vajra-essence	
rdo rje'i tshig bcu po dag	ten vajra-words	
rdol ba	to come forth; to come out	
rdor	rub	
rdor bzlas	vajra repetition	
rdor skyil; rdo rje skyil mo krung; rdo rje skyil krung	vajra-posture [i.e., the full-lotus posture]	
rdugs	to be worn out	
rdul	dust | particle; atom; dust	
rdul bral	pure; free from dust{N}	
rdul dang bral	free from dust; pure	
rdul du grub pa	atomically established; existing as atoms; existing as particles	
rdul med	free from dust; pure	
rdul phra rab	subtle particle; minute particle; atom	
rdul phra rab kyi tshogs	collection of subtle particles	
rdul phran phyogs kyi cha med	directionally partless particle; spatially partless particles	
rdul tsam	mere particle; mere atom	
rdul tsam yang	even a particle{N}	
rdul tshon gyi dkyil 'khor	colored particle maṇḍala	
rdul tu grub pa	established atomically	
rdung	to beat	
rdungs	to beat	
rdzas	object | substantial entity; substantial	
rdzas 'dzin rtog pa	conception conceiving substantial existence	
rdzas btags kyi khyad par	difference between the substantially existent and the imputedly	
rdzas chos	substantial phenomenon	
rdzas chos kyi rjes mthun	concordance with substantial phenomenon; similitude-of-substantialphenomenon	
rdzas chos ldog chos	substantial phenomenon and isolate phenomenon	
rdzas gcig	one substantial entity; substantial identity; same substantial entity	
rdzas gcig pa	same substantial entity	
rdzas grub	substantially established	
rdzas gzhan gyis stong pa	empty of being different substantial entities{BJ 26.6}	
rdzas med pa	not substantially existent; non-substantial	
rdzas rgyun	substantial continuum; continuum of the substantial entity	
rdzas rigs gcig	one substantial type	
rdzas rigs gcig pa	same type of substantial entity	
rdzas rigs mi 'dra ba	dissimilar types of substantial entities	
rdzas rigs mthun pa	similar substantial type{LG 30.2}	
rdzas su grub pa	substantially established	
rdzas su ma mchis pa	not substantially existent	
rdzas su mchis pa	substantially existent; substantial	
rdzas su med pa	not substantially existent	
rdzas su med pa nyid	non-substantial-existence	
rdzas su ni med	not substantially existent	
rdzas su yod pa	substantially existent{N}	
rdzas tha dad	different substantial entity; different substantial entities{Gön-chok}	
rdzas tha dad pa	different substantial entities	
rdzas thams cad yongs su btang ba	let go of all belongings/wealth/substantial things	
rdzas thig	substance drop	
rdzas yod	substantially existent; substantial existent	
rdzas yod chos gsum	three properties of a substantial existent	
rdzas yod chos gsum tshang ba	triply qualified substantial existent	
rdzas yod kyi gang zag	substantially existent person	
rdzi 'u	herdsman	
rdzi ba	grind; knead; pound; tread (also, female yak?) {T}	
rdzi mo	herdswomen	
rdzig po	rich	
rdzob	obscure; conceal; hide; fake; appear as if real	
rdzobs	obscure; conceal; hide; fake; appear as if real	
rdzogs	complete; end; finish; perfect; fulfill; terminate	
rdzogs bya ba	object of completion; complete; perfect; fulfill	
rdzogs byed	completer; perfecter; complete; perfect; fulfill; means of...	
rdzogs chen	great completion; Great Completeness; Great Perfection	
rdzogs gsal	Wonch'uk [Korean scholar; Tib. rdzogs gsal / wen tshig / wen tshegs /	
rdzogs pa	complete; end; finish; perfect; fulfill; terminate	
rdzogs pa chen po	great completion; Great Completeness; Great Perfection	
rdzogs pa'i byang chub	complete/perfect enlightenment	
rdzogs pa'i sangs rgyas	perfect Buddha	
rdzogs pa'i sku	complete/perfect body	
rdzogs par	completely; fully; perfectly	
rdzogs par 'gyur	complete; perfect; fulfill; end; terminate	
rdzogs par bskur ba	fully/completely bestow	
rdzogs par bya ba	object of completion; complete; perfect; fulfill; end; terminate	
rdzogs par byang chub pa	complete/perfect enlightenment	
rdzogs par byed pa	complete; perfect; finish; end; terminate	
rdzogs par rtogs	completely realize	
rdzogs rim	stage of completion; completion stage	
rdzogs rjes su byung ba'i cha nas bzhag pa'i nyan thos kyi bden pa mngon rtogs/	Hearer's clear realizer of truth which is posited from the viewpoint of:	
rdzogs tshig	terminating term; terminator	
rdzong	send; send off; dispatch	
rdzongs	send; send off; dispatch	
rdzu 'phrul	magic tricks, miracles | [deceive-magic]; magical emanation; magical power; magical illusion	
rdzu 'phrul dang ldan pa	possessing magical power	
rdzu 'phrul gyi cho 'phrul	miraculous magical emanations	
rdzu 'phrul gyi rkang pa	bases of magical emanations; legs of magical emanation; leg of	
rdzu 'phrul gyi rnam grangs	enumeration of magical emanations	
rdzu 'phrul mngon par 'du mdzad pa	manifest production of the bases of magical emanations	
rdzu 'phrul mngon par 'du mdzad pa mngon par mdzad de	manifestly produce the manifest production of the bases of magical	
rdzu skyes	spontaneous birth	
rdzun	FALSE	
rdzun du smra ba	lying	
rdzun pa	lie; false; falsity	
rdzun smra	lying{TGP 77}	
rdzus skyes	spontaneous birth	
rdzus te byung ba	spontaneously born	
rdzus te byung ba'i sems can	spontaneously born being(s)	
rdzus te skye ba	spontaneous birth	
rdzus te skyes pa	spontaneous birth	
re	each, every; single; to wish | each; every; single; hope	
re ba	hope	
re ba med pa	hopeless; no hope	
re ba med pa'i sbyin pa	giving without hope	
re ba med sems	hopeless mind	
re bar bya'o	you should hope; one should hope	
re re	each; one by one; one at a time; every	
re re las	each and every; individually{BJ 13.6}	
re re nas	individually, each | each and every{BJ 13.5}; individually{BJ 13.6}	
re re skabs	with reference to each (of the ...){BJ 24.6}	
re zhig	temporarily; shortly; first of all; tentatively	
re zhig na	shortly thereafter ...	
red	is	
reg	contact; touch; tangible	
reg 'dod	desire for contact	
reg bya	tangible object; object of touch	
reg bya 'dzin pa'i dbang mngon	sense direct perceiver which apprehends a tangible object	
reg bya'i skye mched	tangible object sense-sphere	
reg pa	contact; touch; touching	
reg pa dang 'khyud pa	touching and embracing	
reg pa'i zas	food of contact	
res	once	
res 'ga'	occasonal; sometimes; occasionally	
res 'ga' ba'i rtag pa	occasional permanent phenomenon; permanent phenomenon which is	
res 'jog	[occasionally-put]; alternately	
rga	grow old; age; wear down	
rga 'chi	aging and death	
rga rga	grow old; age; wear down	
rga shi	aging and death	
rgal	to cross | cross over	
rgan	old; teacher	
rgan gzhon	age	
rgan mo	old woman; old	
rgan pa	old	
rgan pa brda la byang ba	mature person trained in terminology/language	
rgan po	old man | old person	
rgod	vulture | wild; excitement; desirous excitement; excited	
rgod cing	excited	
rgod ma	mare	
rgod pa	desirous excitement; wildness	
rgod pa dang 'gyod pa	desirous excitement and contrition/regret	
rgol	to fight (against) | debate; argue; to object	
rgol ba	debate; debate; argue; arguement; disputant	
rgol ba dang bcas pa	susceptible to dispute	
rgol ba gzhan gyi klan ka'i skabs mchis	afford an occasion/opportunity for censure by an opponent	
rgol bar byed pa	argue; dispute; debate	
rgold	cross over; objection; object; disputation	
rgud	to grow weak | trouble	
rgya	size | vast; broad; extensive; seal	
rgya ba	enlarge; extend; broaden	 [Hopkins]: enlarge; broaden
rgya che	[extent-big]; vast; broad; extensive	
rgya che ba	[extent-big]; vast; extensive; broad; the vast [i.e., practices of	
rgya chen	[extent-big]; vast; extensive; broad	
rgya chen po	[extent-big]; vast; extensive; broad	
rgya chen po dpag tu med pa	immeasurably vast/extensive/broad	
rgya chen po rgya chen po	very vast; very extensive	
rgya cher	vast; extensive; broad	
rgya cher 'byung ba	arise/appear/occur extensively	
rgya cher ba	vast; extensive; broad	
rgya cher rol pa'i mdo	Lalita-vistara-sūtra (Extensive Sport Sūtra), P763, vol. 27	
rgya gar	India	
rgya gar skad	"Sanskrit, lit. ""language of India"""	
rgya gdan	India	
rgya mi	Chinese	
rgya mi'i za khang	Chinese restaurant	
rgya mtsho	ocean | [vast-lake]; ocean; large lake | Ocean of Reasoning, Explanation of [Nāgārjuna's (klu sgrub)]	
rgya mtsho 'dra ba	like an ocean/lake	
rgya mtsho che ba	great ocean; great lake	
rgya mtsho chen po	great ocean; great lake	
rgya mtsho lta bu	like an ocean/lake	
rgya mtsho sprin	Sāgaramegha	
rgya mtsho'i chu	water of an ocean/lake	
rgya mtsho'i pha rol 'gro ba	go to the other side of an ocean; cross an ocean	
rgya mtsho'i pha rol phyin par 'gyur	go to the other side of an ocean; cross an ocean	
rgya mtshor 'jug pa	enter an ocean/lake	
rgya nag	[vast-black]; China	
rgya rje 'gris	Ling Dynasty [502 - 557 CE] of China	
rgya rje song	Liu Sung Dynasty [420 - 479 ce] of China	
rgya rje thang	T'ang dynasty [618 - 906 CE] of China	
rgya rje tshin	Ch'en Dynasty [557 - 589 CE] of China	
rgya sran	Chinese bean [a reddish or whitish bean with a thick skin, not shaped	
rgya yan pa	dispersed	
rgyab	the back; to throw | behind; rear	
rgyags	provisions	
rgyags pa	haughtiness	
rgyags pa dang bral ba	devoid of/separated from haughtiness	
rgyal	to be victorious (over) | conquest; victory	
rgyal ba	conqueror; victor; epithet of Buddha	
rgyal ba pa	Jainism; Jaina [also known as Nirgrantha I think this is gos med pa	
rgyal ba rin po che	precious conqueror [i.e., the Dalai Lama]	
rgyal ba'i bstan pa mchog	supreme teaching of the Conqueror	
rgyal ba'i mdzad pa	activities of a conqueror	
rgyal ba'i ring bsrel	relics of the conqueror/victor	
rgyal ba'i sras	Conqueror's child; Conqueror-child [i.e., Bodhisattva]	
rgyal ba'i yon tan	qualities of a conqueror/victor	
rgyal ba'i yum	mother of the conquerors/victors [the perfection of wisdom]	
rgyal blon	king and minister	
rgyal bu	prince	
rgyal byed	Rgyal-byed (Skt. Jetri)	
rgyal chen rigs bzhi	Four Great Royal Lineages	
rgyal khams	kingdom, realm	
rgyal khrims	secular law; royal law	
rgyal mchog	supreme conqueror	
rgyal mo	queen	
rgyal mtshan	victory banner	
rgyal mtshan dpal	glorious victory banner	
rgyal nas	having conquered	
rgyal phran	vassal	
rgyal po	king | king; king spirit	
rgyal po gzugs can snying po	King Bimbisāra	
rgyal po la gtam bya ba rin po che'i phreng ba	[Nagarjuna's] Precious Garland of Advice for the King [P5658, vol.	
rgyal po'i bu zhig	a child of the king; prince	
rgyal po'i khab	Rājagṛha	
rgyal po'i mthus	by/with the power/force/might of the king	
rgyal rabs	reign; royal succession; dynasty	
rgyal rabs dpag bsam ljon shing	Rgyal rabs dpag bsam ljon shing, title of a historiographical work	
rgyal rigs	royal lineage/class/caste	
rgyal rigs che zhing mtho ba	great and high royal lineage/class/caste	
rgyal sras	Conqueror's child; Conqueror-child [i.e., Bodhisattva]	
rgyal sras ma	Jinaputra	
rgyal srid	government; political authority; kingdom	
rgyal tshab	regent [sometimes refers to Maitreya]; Gyel-tsap [rgyal tshab dar ma	
rgyal tshab dar ma rin chen	Gyel-tsap Dar ma rin chen [(1364-1432), one of the two main disciples	
rgyan	ornament; adornment	
rgyan byed pa	making bets	
rgyan ces bya'i 'grel pa; 'grel pa don gsal	"Commentary on (Maitreya's) """"Ornament for Clear Realization,"""""	
rgyan pa	decorate; ornament; beautify; wear	
rgyan sdud	ornament-conjunction particle [a grammatical particle]	
rgyan spras	ornamented; adorned; laid out with ornaments	
rgyan stug po bkod pa'i mdo	Sūtra on the Heavily Adorned [ghandavyūha-sūtra, P778, vol. 29]	
rgyang 'phen pa	nihilist; Annihilationist; Materialist; Lokāyata School	
rgyang chad	distant and cut off	
rgyang ma	distance	
rgyang phan pa	[afar-flung]; nihilist; Annihilationist; Materialist; Lokāyata School	
rgyang ring po	far away; distant	
rgyang ring po na	far away; distant	
rgyang tshad	a while	
rgyangs bcad par	distant and cut off	
rgyangs chad	distant and cut off	
rgyas	to increase, to grow, to spread; to be full of | verb: extend; fill; spread; increase; further adjective: extensive; broad	
rgyas 'debs	[seal-implant]; affix a seal; seal	
rgyas 'gyur gyi rigs	developmental lineage	
rgyas bshad	extensive explanation	
rgyas bstan pa	extensive indication/teaching	
rgyas btab pa lta bur	as if sealed; like sealed	
rgyas pa	Rgyas-pa (Skt. Vyasa) | verb: extend; fill; spread; increase; further adjective: extensive; broad	
rgyas par	in detail; extensively | at length; in detail; extensively	
rgyas par bshad pa	extensive explanation	
rgyas par spro na	if [one] elaborates extensively/at length; to elaborate extensively/at	
rgyas shing 'phel ba	extending and increasing	
rgyu	cause; [as verb]: wander; move; go; [following a verb, indicates]: to be	
rgyu 'bras che ba'i rnam bzhag	greater presentation of cause and effect	
rgyu 'bras man ngag bdun	seven cause-and-effect quintessential instructions	
rgyu ba	move; movement; the mobile [i.e., living beings]; the animate	
rgyu chos rjes dpag	inference of causal attributes	
rgyu dang 'bras bu	cause and effect	
rgyu dang rkyen	causes and conditions	
rgyu dngos	actual cause	
rgyu la brten pa	depend on a cause	
rgyu la sgrib pa	obstruct the cause	
rgyu la skur pa 'debs pa	deprecate the cause	
rgyu las byung ba	arisen from causes; caused	
rgyu las skye ba	generate from a cause	
rgyu ma dmigs pa	non-observation of a cause	
rgyu med las skye ba	produced causelessly; causeless production	
rgyu med pa	no cause; without a cause	
rgyu mthun	causally concordant	
rgyu mthun gyi 'bras bu	causally concordant effect	
rgyu mthun pa	causally concordant; concordant causes	
rgyu mthun pa'i 'bras bu	causally concordant effect	
rgyu mthun pa'i sbyor ba	causally concordant application	
rgyu mtshan	[cause-sign]; reason; cause; factuality; other-powered nature (gzhan	
rgyu mtshan dang 'gal ba'i yid dpyod	correct assumption contradictory with a reason	
rgyu mtshan gzhan ni yod pa	get from Anne's book	
rgyu mtshan ltar snang la brten pa'i yid dpyod	correct assumption depending upon a pseudo/quasi/counterfeit reason	
rgyu mtshan ma grub pa'i yid dpyod	correct assumption whose reason is not established	
rgyu mtshan ma nges pa'i yid dpyod	correct assumption in which the reason is not ascertained	
rgyu mtshan med pa'i yid dpyod	correct assumption lacking a reason	
rgyu mtshan nyid pa	fully qualified cause; fully endowed cause; cause having all the	
rgyu mtshan yang dag	correct reason/evidence	
rgyu mtshan yod kyang gtan la ma phebs pa'i yid dpyod	correct assumption for which one has a reason but has not ascertained	
rgyu rkyen	causes and conditions; causal conditions	
rgyu skar	lunar mansion	
rgyu snyoms 'jug	causal meditative absorption	
rgyu spyi	general cause	
rgyu tshogs	prerequisites	
rgyu tshogs pa	collection of causes; aggregate of causes	
rgyu zhing song	wander and go	
rgyu'i kun nas nyon mongs pa	causal affliction; causal afflictive emotion	
rgyu'i kun slong	causal motivation	
rgyu'i theg pa	Cause Vehicle	
rgyu'i tshogs	prerequisite	
rgyud	realm of existence; tantra | continuum; mental continuum; life continuum; tantra	
rgyud 'gal	indirectly contradictory; indirect contradictories	
rgyud bla	[Maitreya's] Great Vehicle Treatise on the Sublime Continuum /	
rgyud bla ma	[Maitreya's] Great Vehicle Treatise on the Sublime Continuum /	
rgyud bla tIk chen	"Gyel-tsap's (rgyal tshab) Great Commentary on (Maitreya's) """"Great"	
rgyud bla'i 'grel pa	"[Asaṅga's] Commentary on (Maitreya's) """"Great Vehicle Treatise on"	
rgyud bzhi	Four [Medical] Tantras	
rgyud drug	six transmigrations/tantras/continuums	
rgyud gzhan grub pa	[Dharmkīrti's] Proof of Other Continuums [P5716, vol. 130]	
rgyud gzhan grub pa zhes bya ba'i rab tu byed pa	[Dharmkīrti's] Proof of Other Continuums [P5716, vol. 130]	
rgyud nas skye byed	indirect producer	
rgyud pa	continuation; tradition; lineage	
rgyud sde	[tantra-section]; tantra set; tantra	
rgyud sde 'og ma gsum	the three lower tantra sets	
rgyud smrad grwa tshang	Gyü-m#ay; Tantric College of Lower Hla-s#a	
rgyud tha dad pa	different/individual continuums	
rgyug	to run	
rgyun	flow, stream | continuation; continuum; mental continuum; life continuum; stream	
rgyun bcad bya gcod byed kyi sgo nas mi mthun par gnas pa	those which abide discordantly from the viewpoint of the one acting to	
rgyun bcas kyi dngos po	thing which has a [further] continuum	
rgyun chad	interruption	
rgyun chad med par	[continuum-cut-not]; without interruption; continuously	
rgyun chad par 'gyur	continuum is severed	
rgyun chags	continuous	
rgyun chags med pa	not continuous	
rgyun chags yin pa	continuous	
rgyun du	constantly, continually | continuous; continuously	
rgyun du 'jog pa	continuous setting	
rgyun du sgrog pa	continuously proclaiming	
rgyun du yid la byed pa	continuous taking to mind; continuous mental contemplation/attention	
rgyun gcod	interrupt; sever/cut off the continuum	
rgyun gyis 'gro	going/moving continuously	
rgyun gyis 'jug pa	continuous engagement	
rgyun ma chad pa	continuously; without interruption	
rgyun mi 'chad	continuously; without interruption	
rgyun mi 'chad pa	continuously; without interruption	
rgyun mi chad pa	continuously; without interruption	
rgyun mi chad pa'i phyir	because of non-interruption; in order not to interrupt	
rgyun mi chad par bya ba	continuously; without interruption	
rgyun mi gcod	continuously; without interruption	
rgyun mi gcod pa	continuously; without interruption	
rgyun mtha'	end/limit of a continuum	
rgyun mtha' kho nar skye ba	production only at the end of a continuum	
rgyun mthar skye ba	production at the end of a continuum	
rgyun ni ma bcad pas	through not severing the continuum; due to not interrupting	
rgyun tu zhugs pa	Stream Enterer	
rgyun zhugs	Stream Enterer	
rgyun zhugs 'bras gnas	Abider in the Fruit of Stream Enterer	
rgyun zhugs zhugs pa	Approacher to Stream Enterer	
rgyus	familiar; familiar with	
rgyus med	having no knowledge; having no familiarity	
rgyus yod	familiar with; lit. having knowledge (of)	
ri	mountain | mountain; hill	
ri bo	mountain	
ri bong	hare | rabbit	
ri bong can	rabbit bearer; i.e., the moon	
ri bong rwa	horns of a rabbit; horn of a rabbit	
ri dags	deer; beast	
ri dags 'dzin gyi ma	Mṛgāramata	
ri dags kyi nags	deer park	
ri dwags	animals | deer	
ri dwags kyi rigs phra mo	small types of deer	
ri lu	globula, pill	
ri mo	picture; painting; bright; various	
ri mo'i las	work of a picture; painting	
ri mor bgyi ba	make a painting/picture	
ri mor bgyis par 'gyur	make a painting/picture	
ri mor bya ba	make a painting/picture	
ri mor byed	make a painting/picture	
ri pin	Japan	
ri rab	Ri-rab, a mountain in Indian cosmology (Skt. Sumeru) | [mountain-highest]; Mount Sumeru; huge mountain	
ri rab 'dra	like Mount Sumeru	
ri rab ltar	like Mount Sumeru	
ri sul	mountan ridge	
ri yi sul	mountain ridge	
ri'i phug	mountain cave {T}	
ri'i rgyal po	king of the mountain; mountain-king	
rid pa	to be meagre, emaciated	
rig	to know{D1}; knowledge; awareness	
rig 'dzin	knowledge holder (Skt. vidyadhara) | knowledge bearers; knowledge bearing [a feat]	
rig 'dzin gyi sde snod	Scriptural Division of the Knowledge Bearers	
rig bya	object of awareness; known; known	
rig gnas	science	
rig gter	Sa-gya Paṇḍita's Treasury of Reasonings	
rig ma	knowledge woman	
rig ma 'du bya ba	gathering knowledge women	
rig min	unknown; non-knowledge; unaware; non-awareness	
rig nas	having known; having understood	
rig ngo lta ba	the view in the face of knowledge (i.e., the state of meditative	
rig pa	knowledge | knower; knowledge; awareness; know; be aware; aware; basic	
rig pa can pa	"Naiyāyika (""""Logicians"""") School"	
rig pa dang ma rig pa 'di ni gnyis su med	this knowledge and ignorance are non-dual {T}	
rig pa gsum	the three knowledges [of a Foe Destroyer]	
rig pa med pa	non-knowledge; non-knower	
rig pa'i dbang	knowledge initiation	
rig pa'i gnas	topic of knowledge; science	
rig pa'i gnas lnga rnam par bzhag pa	establish the five abodes of knowledge	
rig par bya	know; one should know	
rig par bya ba	object of knowledge; one should know; knows	
rig par bya'o	you should know; you should be aware; one should know	
rig par byed	make known; know; be aware of	
rig par gnas	abide in knowledge; established in knowledge; abodes of knowledge	
rig par med pa	non-awareness; unaware; not know; non-knowledge	
rig sngags	knowledge; knowledge mantra	
rig sngags 'chang	knowledge mantra bearer; {T} knowledge bearer	
rig sngags 'chang ba	knowledge mantra bearer; {T} knowledge bearer	
rig sngags che	great knowledge	
rigs	family, lineage, line; race; state; kind; to have the way, manner, to be suitable/right/appropriate; must | type; kind; lineage; reasoning{D1}; feasible; suitable; social stratum	
rigs 'dra	similar type{BJ 58.6}	
rigs bsdus pa	condensed lineage	
rigs bya	object of reasoning; to be reasoned {T}	
rigs byed pa	Mīmāṃsaka	
rigs can	having a lineage; lineage; family; clan	
rigs chen po	great family; great lineage; great type	
rigs dang ldan pa	having a lineage; lineaged; having a family	
rigs gcig pa	same type	
rigs gnas pa	abide in a lineage	
rigs gnas rigs	lineage of abiding in a lineage	
rigs kyi	of the type; of the lineage	
rigs kyi bu	son of good family{S}	
rigs kyi bu mo	daughter of good family	
rigs kyi khyad par	attribute/feature of [one's] type/kind; qualification for [one's] lineage	
rigs kyi mthu	force of the lineage {T}	
rigs kyi rnam pa	type of lineage	
rigs kyi sa	level of the lineage; ground of lineage	
rigs kyi skabs	the occasion of lineage {T}	
rigs kyi stobs	power of the lineage {T}	
rigs la gnas	abide in a lineage; abiding in the type	
rigs la gnas pa	abide in a lineage; abiding in the type	
rigs lam	path of reasoning	
rigs lam pa	Challenger	
rigs ldan	having a lineage; lineaged; having a family	
rigs ldan pad ma dkar po	Kalkī Puṇḍarīka	
rigs ma yin pa	the prince Siddhārtha who is either of the brahman lineage or of the	
rigs mchog	supreme lineage; superior lineage	
rigs mchog nyid	superiority of the lineage; supremacy of the lineage	
rigs med	non-lineage; without a lineage	
rigs med pa la gnas pa	abiding in no lineage	
rigs mi 'dra ba'i chos	phenomena which are dissimilar types	
rigs mi gcig pa'i chos	phenomena which are not the same type	
rigs mi mthun	non-concordant type; discordant type	
rigs mi mthun pa'i chos	phenomena which are discordant types	
rigs mi mthun sel ba'i mtshan nyid	definition which eliminates discordant types	
rigs mthun	of one breed, lit. agreeing in kind | concordant type	
rigs mthun gyi bag chags	predispositions of [perceptions of] similar type; predispositions of	
rigs mthun pa	concordant type	
rigs mthun par snang ngo	appearance as concordant types; appear as concordant types	
rigs mthun rdzas tha dad	different substantial entities of concordant types{LG}	
rigs ngan	hangman	
rigs nges	one who is definite in a lineage{Gön-chok}	
rigs nges pa	one who is definite in a lineage	
rigs pa	method | suitability; logic; reasoning; proper; suitable	
rigs pa can	Logician	
rigs pa dang ldan par	suitably; properly	
rigs pa dang mi 'gal ba	not contradictory with reasoning	
rigs pa drug cu pa	"Nāgārjuna""""s Sixty Stanzas of Reasoning, P. 5225, vol. 95"	
rigs pa drug cu pa'i 'grel pa	"Commentary on (Nāgārjuna's) """"Sixty Stanzas of Reasoning"""" [by"	
rigs pa drug cu pa'i tshig le'ur byas pa	"Nāgārjuna""""s Sixty Stanzas of Reasoning, P. 5225, vol. 95"	
rigs pa la brten nas	in dependence upon reasoning	
rigs pa ltar snang	pseudo/quasi/counterfeit reasoning	
rigs pa ma yin	not suitable; unsuitable; improper; non-reasoning	
rigs pa rjes su 'brangs pa	followers of reasoning	
rigs pa yang dag	correct reasoning	
rigs pa'i dbang phyug	Lord of Reasoning; Dharmakīrti (chos grags)	
rigs pa'i dgag bya	object of negation by reasoning{BJ 65.1}	
rigs pa'i don la mkhas pa	wise with respect to the meaning/object of reasoning	
rigs pa'i grags pa	renowned by reasoning	
rigs pa'i grangs	enumeration of the reasonings{BJ 71.4}	
rigs pa'i grub byed	reasoned proof{s}{BJ 8.2}	
rigs pa'i mtshan nyid	character of reasoning	
rigs pa'i rje su 'brang pa	Followers of Reasoning	
rigs pa'i rjes 'brangs	Following Reasoning	
rigs pa'i rjes su 'brangs pa	followers of reasoning	
rigs pa'i sgo du ma	approaches of reasoning	
rigs pa'i sgo du ma nas	through many doors of reasoning	
rigs pa'i thigs pa zhes bya ba'i rab tu byed pa	Dharmakīrti's Drop of Reasonings, P. 5711, vol. 130	
rigs par bshad pa'i chos	suitably explained doctrine/phenomenon	
rigs pas dpyad bzod pa	able to bear/withstsand analysis by reasoning	
rigs pas dpyad mi bzod pa	unable to bear/withstand analysis by reasoning	
rigs pas gnod pa	damaged by reasoning{N}	
rigs pas grub pa'i rdzas yod	substantial existent in the sense of being established by reasoning	
rigs pas khegs	refuted by reasoning{N}	
rigs pas nges par rtogs pa	definitely realized through reasoning	
rigs pas rnam dpyad bsam pa can	having a thought that is analyzed by reasoning	
rigs rgyud	race	
rigs shes	reasoning consciousness{N}	
rigs shes kyis dpyad bzod du grub pa	established as able to bear/withstand analysis by a reasoning	
rigs shes kyis ma rnyed pa	not found by a reasoning consciousness{N}	
rigs shes kyis med par rnyed pa	found to be non-existent by a reasoning consciousness{N}	
rigs shes rjes dpag	inferential reasoning consciousness{N}	
rigs shing mthun tshig	suitable and concordant words	
rigs spyi	type generality; type-generality	
rigs tha dad pa	different lineage(s); different type(s); different types; phenomena	
rigs thig	Dharmakīrti's Drop of Reasonings, P. 5711, vol. 130	
rigs thig dar	Dharmakīrti's Drop of Reasonings, P. 5711, vol. 130	
rigs thig darTik	"Gyel-tsap's Commentary on [Dharmakīrti's] """"Drop of Reasonings"""""	
rigs thig kyi phyogs snga mdor bsdus	Brief Exposition of the Positions of Opponents of [Dharmakīrti's]	
rigs tshogs	Collections of Reasoning{N}	
rigs tshogs drug	Nāgārjuna's Six Collections of Reasonings	
rigs yang dag par 'grub pa	correctly established; correctly established in a lineage	
ril ba	round	
ril bu	globula, pill	
ril po	solid{BJ 63.5}	
ril po gcig tu	as one solid whole{BJ 63.5}	
ril por 'dzin pa	apprehend [something] as solid; apprehension of amorphous wholes	
rim	gradually; stage; series	
rim bzhin	respective; respectively{BJ 58.6}	
rim bzhin du	respectively	
rim gyis	successively, in a row | [series-by]; in series; gradually; in stages; by stages	
rim gyis 'phel ba	gradually grow; grow in stages	
rim gyis pa	Gradualist{Gön-chok}	
rim pa	row | stage; order; series; succession	
rim pa lnga pa	Nāgārjuna's The Five Stages, P. 2667, vol. 61	
rim par	in succession; successively	
rim par yin par	gradually; in stages	
rims	plague	
rin che ba	precious; jewel	
rin chen	jewel | [value-big]; precious (substance); jewel	
rin chen 'byung ldan	Ratnasambhāva [p.n. of a Buddha]	
rin chen ... rigs ldan	having a precious lineage; having the jewel-lineage	
rin chen bdun las byas	made/built from seven precious substances	
rin chen bka' ste	precious teaching	
rin chen chos kyi 'byung gnas	source of the precious doctrine {T}	
rin chen phreng ba	Nāgārjuna's Precious Garland	
rin chen phyag rgya	jewel-seal; precious seal	
rin po che	jewel, precious stone; precious | [value-big]; precious; jewel; precious substance	
rin po che don du gnyer ba	seeking for precious things/jewels	
rin po che lta bu	jewel-like	
rin po che sna bdun	seven precious substances	
rin po che'i 'du shes	conception of jewels	
rin po che'i gnas nyid	precious abode {T}	
rin po che'i mdzod	storehouse of jewels/precious substances	
rin po che'i mdzod mang po bsags pa dang ldan pa	having many vast storehouses of jewels/precious substances	
rin po che'i phreng ba'i rgya cher bshad pa	Commentary on (Nāgārjuna's) Precious Garland, by Ajitamitra (mi	
rin po che'i phung po	aggregation of jewels/precious substances	
rin po che'i rigs	precious lineage; jewel-lineage	
rin po che'i rigs chen po dang 'dra ba	similar to the great precious lineage	
rin thang	price; costly; priceless; valuable	
rin thang med pa rnyed 'gyur	obtain that which is priceless ? {T}	
ring	to be long; to be far away; to be long | long; length; distant	
ring 'gyur	long; length; distant	
ring ba	long; length; distant	
ring ba ma yin nyid	non-distance; non-distant	
ring bar	distantly; lengthy; long	
ring du	long; afar; length; distant; far	
ring du byed	do for a long time; move away from	
ring du byed pa	do for a long time; move away from	
ring du dor	[far-ly-abandon]; abandon afar; forsake afar; leave far behind	
ring du gyur ba	long; length; distant; far	
ring du rjes su zhugs pa'i ye shes kyi spyod yul nyid	objects of activity of the exalted wisdom which abides for a long time	
ring du song ba	gone afar; Gone Afar (seventh bodhisattva ground)	
ring du spyad pa	practice for a long time	
ring la	when, during	
ring mo	long; length; distant; far	
ring mo zhig lon pa smras nas	having spoken for a long time	
ring mo zhig na ngan song du 'gro	go to bad transmigrations for a long time	
ring mo zhig tu	for a long time; long; length; distant; far	
ring nas	[long-from]; from long ago; long ago; from a distant area	
ring nas theg chen zhugs	abiding in the great vehicle from long ago	
ring po	long; far away	
ring po mi thogs	after a long time	
ring po mi thogs par	after a long time	
ring por	long	
ring por mi thogs	after a long time	
ring tu song ba	Gone-Afar	
ring zhig	long time	
ring zhig tu	for a long time	
ris	lineage; type; king; clan; family	
ris chad; ris su chad pa	separate	
ris su bcad cing	cutting off [one's] lineage	
ris su nges pa	definite in a lineage	
rje	lord | master; lord; leaders	
rje bo	master; lord; leader	
rje bo la 'khon pa	malice towards leaders	
rje btsun	venerable; reverend; the Foremost Venerable [i.e. Maitreya]	
rje btsun chos kyi rgyal mtshan	Jay-d#zün Chö-g#yi-gyel-tsan (1469-1546), textbook author of Serajay	
rje btsun pa	Jay-d#zün-b#a [Jay-d#zün Chö-g#yi-gyel-tsan] (1469-1546), textbook	
rje nyid	the Master [i.e. Dzong-ka-ba] himself	
rje rin po che	Dzong-ka-ba	
rje yang sras kyi dgongs pa	the thought of the foremost father [Dzong-ka-ba] and his spiritual sons	
rje'u rigs	merchant class	
rjen char; rjen cher	nakedly	
rjen cher kyis	[naked-great-ly]; nakedly	
rjen pa	naked	
rjes	step, trace; after, behind | after; subsequent to	
rjes 'jug	[after-put]; (1) in grammar: suffix; (2) followers; follower	
rjes 'jug phal cher	most followers	
rjes 'thob	subsequent attainment	
rjes bzod	subsequent forbearance	
rjes bzung	to be taken care of	
rjes dpag	inferential cognizer; inferential cognition; inference | an inferential cognizer that realizes that it is suitable to express the	
rjes dpag bcad shes	inferential subsequent cognizer	
rjes dpag gi gzhal bya	object of inferential comprehension	
rjes dpag gi rjes su byung ba'i rtog pa	conceptual consciousness that arises subsequent to inference	
rjes dpag gi rtog pa	inferential conceptual consciousness; inferential conception	
rjes dpag gis drangs pa'i rtog pa bcad shes	conceptual subsequent cognition induced by inference	
rjes dpag tshad ma	inferential prime cognizer; inferential vaild cognizer ; inferential valid	
rjes dran	subsequent mindfulness	
rjes khyab	forward entailment; forward pervasion	
rjes khyab phyin ci log	perverse forward pervasion	
rjes khyab rnal ma	normative forward pervasion; normative forward entailment	
rjes la	subsequent; after; afterwards	
rjes la mngon rtogs	subsequent clear realizer	
rjes la thob pa	subsequent attainment	
rjes las thob pa 'jig rten pa'i ye shes	subsequently attained worldly wisdom	
rjes mthun	similitude; concordant with	
rjes mthun par	concordant with	
rjes shes	subsequent knowledge	
rjes slob	learn; train in	
rjes song	become; subsequently become; gone; passed	
rjes su	after, behind | after; subsequent	
rjes su 'brang	follow	
rjes su 'brang ba	follow	
rjes su 'brangs	follow	
rjes su 'brangs ba	follow	
rjes su 'brel bcas bzlog pa	perverse relation	
rjes su 'brel byas nas	having related; having joined	
rjes su 'brel pa	relate; join; subsequent relation	
rjes su 'dzin	compassionately care for; take care of; follow; believe	
rjes su 'dzin pa	[after-to-grasp] compassionately care for; take care of; follow; believe	
rjes su 'gro ba	following; concomitance; forward concomitance	
rjes su 'jug	engage; enter; apply; continuity	
rjes su 'jug pa	engage; enter; apply; continuity	
rjes su 'phrang dgos	need to follow	
rjes su brnyes pa	attained; obtained	
rjes su brtag pa	investigate; analyze	
rjes su brtag par bgyi ste	investigate; analyze	
rjes su brtags	investigate; analyze	
rjes su bsam pa	think; subsequent thought	
rjes su bslab	learn; train in	
rjes su bsrung ba	protect/guard/keep/maintain/preserve/safeguard [e.g., vows and	
rjes su bstan pa	teach; indicate; teaching	
rjes su bstan pa'i cho 'phrul	miraculous teaching; wondrous teaching	
rjes su btsal	seek; search for	
rjes su byed pa	accord with; be concordant	
rjes su byed par 'gyur zhing	accord with; be concordant	
rjes su bzung ba	compassionately cared for; retained; took care of; followed; believed	
rjes su bzung ba'i phyir du	for the sake of taking care of	
rjes su chags pa	desire; become	
rjes su dga' bar byed	happiness; joy	
rjes su dpag bya	object to be inferred	
rjes su dpag pa las byung ba'i rtog pa	conceptual consciousness arisen from inferential cognition	
rjes su dpag pa'i tshad ma	inferential prime cognizer; inferential prime cognition	
rjes su dpag par bya ba	object to be inferred	
rjes su dpyad pa	analyze; subsequently analyze	
rjes su dpyod pa	analysis; subsequent analysis	
rjes su dpyod pa'i sems	analytical mind; mind of subsequent analysis	
rjes su dran pa	memory; recollection; subsequently remember	
rjes su gnang ba	give; grant; make	
rjes su gtod	focus; aim	
rjes su gzung	compassionately care for; take care of; follow; believe	
rjes su mi 'jug min	non-non-engagement	
rjes su mi mthun pa	[after-to-not-agree]; not concordant with; not agreeable to	
rjes su mthong	see; appear; subsequently see; subsequently appear	
rjes su mthun	concordant; similitude	
rjes su mthun byed	accord with; concordant with	
rjes su mthun la phyin ci log	perverse concordance	
rjes su mthun pa	concordant; in accordance with | concordant; similitude	
rjes su mthun pa las byung ba'i yid byed	concordant mental contemplation	
rjes su mthun pa'i 'bras bu	concordant effect	
rjes su mthun pa'i bzod pa	concordant forbearance/patience/tolerance/endurance	
rjes su mthun pa'i chos	concordant doctrines; concordant phenomena	
rjes su mthun pa'i chos la spyod na	one who makes use of concordant doctrines/phenomena; one who	
rjes su mthun par	concordant	
rjes su mthun par byed	accord with	
rjes su mthun par spyod	concordant practice	
rjes su mthun pas dga' bar bya'o	concordant happiness	
rjes su rig par bya ste	know	
rjes su rtog pa	examine; think	
rjes su rtogs	realize; cognize	
rjes su rtogs pa	realize; cognize	
rjes su rtogs par byed pa	realize; cognize	
rjes su sbyor ba	join; connect; apply	
rjes su sgrub pa	establish; prove	
rjes su shes pa	subsequent cognizer; subsequent cognition; subsequent knowledge	
rjes su slob pa'i tshul	the mode of learning; way of learning	
rjes su song ba	become; subsequently become; gone; passed	
rjes su spyad pa; rjes su dpyad pa	analyze; subsequently analyze	
rjes su srung ba	protect/guard/keep/maintain/preserve/safeguard [e.g., vows and	
rjes su ston	teach; indicate	
rjes su ston byed	teach; indicate	
rjes su ston pa	teach; indicate	
rjes su ston par byed pa	teach; indicate	
rjes su tha snyad 'dogs	subsequently impute conventional designations{S}	
rjes su tha snyad gdags	subsequently impute conventional designations{S}	
rjes su thob pa	subsequent attainment	
rjes su thob pa ye shes	[after-attain-wisdom]; subsequently attained exalted wisdom; wisdom	
rjes su yi rang	to be very pleased | admire; sympathize with; empathize with	
rjes su yi rang ba	[after-to-mind-delight]; admire; sympathize with; empathize with	
rjes su yi rang ba'i mod las byung ba	arisen from admiration; arisen from sympathy with	
rjes su yid rang ba ... bsam pa	thought of admiration; thought of sympathy	
rjes su yid rang ba'i yid la byed pa	mental engagement of admiration; mental engagement of sympathy	
rjes su yongs su bzung bar	take care of; follow; believe	
rjes su zhugs pa	engage; enter; engagement; entrance	
rjes su zungs	follow; believe; take care of	
rjes thob	[after-attain]; subsequent attainment; state subsequent to meditative	
rjes thob pa	subsequent attainment	
rjes thob sgyu ma lta bu	the illusory-like state of subsequent attainment; illusory-like state	
rjes thob ye shes	exalted wisdom of subsequent attainment; exalted wisdom subsequent	
rjod	to say | to speak; say; to express; state; expression; statement	
rjod byed	means of expression; expressor; expressive	
rjod byed kyi sgra	expressive term	
rjod byed kyi tshig	expressive terms	
rjod byed tshig gi theg pa	vehicle as verbalizing words	
rkang mgyogs	swift-footedness [a tantric feat]	
rkang mig	Rkang-mig (Skt. Akshapada)	
rkang pa	leg, foot | foot; a line of poetry; leg	
rkang pa gnyis kyi mthil	soles of the two feet	
rkang pa skong tshe yi 'thob bo	Yi obtains when filling out a line of poetry	
rkang pa'i 'og na gnas pa	abiding under the foot	
rkang pa'i mtha' la	at the end of a line of poetry	
rkang pa'i mthil	sole of the foot	
rko	to dig (out)	
rkos	see rko | to dig (out)	
rku	to steal	
rkub	anus; rear end; the behind	
rkub kyag	chair	
rkun ma	robber; thief	
rkun po	robber; thief	
rkyang	single | wild ass [a horse-like animal]	
rkyang ma	left channel	
rkyang pa	alone; only; mere	
rkyen	cause | condition; cause; minor cause; factor; reason	
rkyen 'di pa tsam nyid	having just these conditions; conditionality	
rkyen 'gyur gyi rigs	developmental lineage	
rkyen bstan pa	indicating the condition	
rkyen dang phrad	meet with conditions; encounter conditions	 [Hopkins]: encounter conditions
rkyen dang phrad par 'dod pa	wishing to meet with/encounter conditions	
rkyen dbang gis 'jug pa	operating/working through the force of conditions	
rkyen de dang de la brten nas dngos po de dang de dag 'byung ngo	in dependence on this and that condition this thing and that thing arise	
rkyen gyi dbang gis 'jug pa	operating/working through the force of conditions	
rkyen gyis	on account of	
rkyen la brten nas	having depended upon conditions; in dependence upon conditions	
rkyen la rag las pa	reliance on conditions	
rkyen las 'byung ba	arisen from conditions	
rkyen ma tshang ba med pa	non-incompleteness of conditions	
rkyen mi zad pa	non-exhaustion of conditions	
rkyen rnams grub pa	accomplishing/achieving/establishing conditions	
rkyen rnams tshogs nas	the conditions having gathered	
rkyong	extend	
rkyongs	extend	
rlabs	wave; billow	 [Hopkins]: billow
rlabs po che	great waves	
rlan	wet	
rlan gsher	liquid	
rlob	to bless	
rlog	destroy; demolish; lose; crush; grind; harm	
rlogs	destroy; demolish; lose; crush; grind; harm	
rlom	be conceited; be proud of; exaggerate; claim; boast; vanity; conceit	
rlom pa	be conceited; be proud of; exaggerate; claim; boast; vanity; conceit	
rlom sems	conceited mind	
rlom sems dang brnyas pa	conceited mind and defeat	
rlom sems kyi ltung ba'i gnas	abide in the infraction of conceited mind	
rlom sems med pa	non-conceited mind	
rlom sems su byas	make a conceited mind; conceited	
rlom sems su byed	be conceited; proud	
rlom sems su byed brnyas par byed	be conceited; proud	
rlom sems su gyur pa	that is (a) conceited mind	
rlom sems su mi 'gyur ba	non-conceited mind	
rlom sems su mi bya ba	non-conceited mind	
rloms	be conceited; be proud of; exaggerate; claim; boast; vanity; conceit	
rlon pa	fresh | wet	
rlung	wind; wind (element - vāyu); wind (vital energy - prāṇa)	
rlung dang bcas pa'i chu	wind together with water	
rlung dbu mar zhugs gnas thim gsum	the winds entering, abiding, and dissolving in the central	
rlung gi khams	wind constituent	
rlung gi rnal 'byor	wind yoga	
rlung lba	wind goiter	
rlung ni rang bzhin gyis g.yo ba'i phyir	because wind is naturally moving	
rma bya	peacock	
rma bya'i mdongs	"the """"eyes"""" in a peacock's feathers{LWT 21}"	
rmad 'byung ba	marvellous; astonishing; wonderful; marvel	
rmad byung ba	marvellous; astonishing; wonderful; marvel	
rmad du 'byung ba	marvellous; astonishing; wonderful; marvel	
rmad du byung	marvellous; astonishing; wonderful; marvel	
rmad du byung ba	marvellous; astonishing; wonderful; marvel; marvelous	
rmad du byung ba'i chos kyi sde	marvellous phenomena; marvels	
rmangs mo	Base One	
rmeg med du bcom	having destroyed/conquered into total disorder	
rmi 'dra	as in a dream	
rmi lam	dream | dream{BJ 59.6}	
rmi lam 'dra ba	dream-like; like a dream; similar to a dream	
rmi lam du rmis pa	to dream; have a dream{Ship 65b.4}	
rmi lam lta bu nyid	dream-like	
rmi lam rmis pa	to dream; have a dream{Ship 65b.4}	
rmi ltas su mthong ba	dream seeing	
rmigs pa	lizards	
rmis pa dang mtshung pa	similar to a dream	
rmo	to sow and plough	
rmong	to get confused	
rmongs	see rmong | to get confused | obscuration; delusion; confusion; ignorance; dullness	
rmongs pa	ignorant | obscuration; delusion; confusion; ignorance; dullness	
rmongs pa byed pa	delude; obscure; serve to obscure/dull/confuse	
rmongs pa dang bcas pa	obscured; having obscurations; deluded; confused; be dull	
rmongs pa med pa	non-obscuration; non-delusion; non-deluded; non-confused	
rmongs par 'gyur	obscured; deluded	
rmons pa'i rang bzhin can	having deluded nature; stupid{S}	
rmos	see rmo | to sow and plough	
rmu	rmu-rope	
rmugs pa	lethargy; obscuration	
rmugs pa dang gnyid	lethargy and sleep	
rmugs pa dang gnyid chung ba	lethargy and sloth	
rmyi	to dream	
rna	ear	
rna ba	ear	
rna ba'i dbang pa	ear sense power	
rna ba'i dbang po	ear sense; ear sense power	
rna ba'i rnam par shes pa	ear-consciousness ; ear consciousness	
rna ba'i rnam shes	ear consciousness	
rna shes	ear-consciousness; ear consciousness	
rna shes kyi nyan bya	heard object of an ear-consciousness	
rna stag	get from Lag Len/ rDor 'grel	
rna'i mngon par shes pa	clairaudience {T}	
rnag	pus	
rnag gi klung	pus-river	
rnag gis gang ba	filled with pus	
rnal	rest; tranquillity	
rnal 'byor	[tranquillity-receive]; yoga; yogin [one who has calmed the mind and	
rnal 'byor bla med	Highest Yoga Tantra	
rnal 'byor bla med kyi rgyud	Highest Yoga Tantra; Unsurpassed Yoga Tantra	
rnal 'byor bla na med pa	Highest Yoga	
rnal 'byor gcig ldan	sole yoga; single yoga; yoga having a single [deity]	
rnal 'byor gyi rgyu	cause of yoga	
rnal 'byor gyi sa	yogic ground	
rnal 'byor gyi sa rnam pa lnga	five aspects of the yogic ground	
rnal 'byor ma	a female practitioner of yoga {T}	
rnal 'byor mngon sum	yogic direct perceiver; yogic direct perception{N}	
rnal 'byor mngon sum bcad shes	yogic direct subsequent cognizer	
rnal 'byor mngon sum gyi tshad ma	direct perceiver that is a yogic direct perceiver	
rnal 'byor ni thabs yin pa	yoga is the method {T}	
rnal 'byor pa	yogin	
rnal 'byor pa rnams kyi yid la byed pa	mental engagement of yogins	
rnal 'byor pa'i yid ngo na	for the yogi's mind ...	
rnal 'byor rgyud	Yoga Tantra	
rnal 'byor rnam par mi rtog	non-conceptual yoga	
rnal 'byor spyod pa	practice of yoga; {T} Yogācāra [name of the Yogic-Practice School =	
rnal 'byor spyod pa pa	Yogic Practitioners	
rnal 'byor spyod pa'i dbu ma rang brgyud pa	Yogic Practice Middle Way Autonomy School	
rnal 'byor spyod pa'i dbu ma rang rgyud pa	Yogācara-Svātantrika-Mādhyamika; Yogic Autonomy Middle Way	
rnal ma	natural; normal; normative; full-fledged	
rnam	(1) [=rnam pa]: aspect; type; kind (2) intensifier [sanskrit vi-]	
rnam 'byed	differentiate; separate; open; separate	
rnam 'byed pa	differentiate; separate; open; separate	
rnam 'grel	"[Dharmakīrti's] Commentary on (Dignāga's) """"Compilation of"	
rnam 'grel brtsams	composition of commentary	
rnam 'grel thar lam gsal byed	[Gyel-tsap's] Illumination of the Path to Liberation / Explanation of	
rnam 'gyur	facial expression | manifestation	
rnam 'joms pa	harm; injure; damage	
rnam 'phel	increase; impel	
rnam 'phro	scattering	
rnam 'tshe	harmfulness; harm	
rnam bcad	[mere] elimination; elimination{N}	
rnam bcad yongs gcod gang zhig gnyis dang gnyis ma yin gyi phung gsum sel ba	(1) [the two are] eliminator and eliminated; and (2) [their being] two or	
rnam bcad yongs gcod kyi sgo nas mi mthun par gnas pa	no common abiding from the point of view of being eliminator and	
rnam bcu	ten aspects	
rnam bden pa	True Aspectarian; True Aspectarian School	
rnam bdun	seven aspects	
rnam bdun gyi rigs pa	Sevenfold Reasoning	
rnam brdzun pa	False Aspectarian	
rnam brtags	the imputed	
rnam bsal	eradicate; remove; clear away; eliminate; avoid; exclude; separate	
rnam bsams	think; thought	
rnam bshad	explanation	
rnam bshad rigs	Vasubandhu's Reasoning for Explanations (P. 5562, vol. 113)	
rnam byang	purification; very pure	
rnam byang gi chos	very pure phenomenon; phenomenon of purification [i.e. liberation]	
rnam byang gzung rtog	conception of thoroughly pure objects	
rnam bzhag	presentation{N}	
rnam bzhag bshad pa la	with respect to explaining the presentation ...	
rnam bzhag med pa	not in meditative equipoise	
rnam bzhag pa	meditative equipoise	
rnam bzhag rim pa'i rnam bshad	Explanation of the Stages of the Presentation ? [Dzong-ka-ba's	
rnam can	having the aspect{LG}	
rnam chad pa	cut off	
rnam dag	very pure; complete	
rnam dag gi dmigs pa'i gtso bo	main object of observation	
rnam dag gyur	become very pure	
rnam dag lam gyi dmigs pa	object of observation by a path of purification	
rnam dag lam gyi dmigs pa mthar thug	final object of observation	
rnam dag lam gyi dmigs yul	object of observation by a path of purification	
rnam dag pa	very pure; complete	
rnam dag sgom lam	very pure path of meditation	
rnam dbyed	division (?)	
rnam dkar	wholesome; very white	
rnam dpyad bsam pa can	having analytical thoughts	
rnam dpyod	discrimination; analysis{BJ 8.3}	
rnam dpyod pa	discrimination; analysis	
rnam g.yeng	distraction	
rnam gcos yong gcod; rnam bcad yongs gcod	an exclusionary elimination and an inclusionary elimination	
rnam gnyis su 'jug pa	related in two ways	
rnam grangs	enumeration; synonym; aspect; form; framework	
rnam grangs du ma'i sgo nas	from many points of view	
rnam grangs ma yin pa	non-metaphoric{N}	
rnam grangs pa'i	metaphoric{N}	
rnam grangs pa'i kun brtags	enumerated imputations	
rnam grol	release	
rnam grol lam	path of release	
rnam log	reverse; oppose; to return	
rnam mang gzugs dag	many aspects and forms	
rnam mang po	many kinds; many aspects	
rnam mi rtog pa	non-conceptual	
rnam mkhyen	exalted knower of all aspects; omniscient consciousness	
rnam mkhyen gyi gzhal bya	object of cognition by an omniscient consciousness; object of	
rnam mkhyen gyis rtogs par bya ba	object of comprehension by an omniscient consciousness	
rnam nges	Dharmakīrti's Ascertainment of Valid Cognition (P. 5701, vol. 130)	
rnam pa	kind | kind; type; aspect; form	
rnam pa bcu	ten aspects	
rnam pa bden par smra ba	True Aspectarian Proponents; True Aspectarian School	
rnam pa bdun	seven types; seven aspects	
rnam pa bzhi	four aspects; four kinds	
rnam pa bzhi pa sgom pa	cultivate/meditate on four aspects	
rnam pa chad pa	cut off; annihilated	
rnam pa dag gis	of how many kinds?	
rnam pa dang mthun pa	similar in aspect	
rnam pa dgod pa	set/state/establish/arrange/register/make a record/place [on throne]/put	
rnam pa dgu	nine aspects	
rnam pa drug	six kinds; six aspects	
rnam pa drug tu	in six ways	
rnam pa du ma	in many forms	
rnam pa gang yin	whatever aspect	
rnam pa gcig tu sgyur pa	change/transform into one aspect	
rnam pa gcig tu ston	indicated as one aspect	
rnam pa gnyis	of two kinds	
rnam pa gsum cu rtsa bdun bsgom pa	cultivate/meditate on the thirty-seven aspects	
rnam pa kun mkhyen pa nyid	exalted knowledge of all aspects	
rnam pa kun tu	all aspects	
rnam pa lnga	five aspects	
rnam pa ma dag pa yang ma yin	neither pure nor impure	
rnam pa mang po	many aspects; many forms; many kinds	
rnam pa med pa	no aspects; aspectless	
rnam pa rang bzhin med pa'i don nges pa'i blo	an awareness which has the subject aspect of ascertaining the meaning	
rnam pa rig pa tsam	cognition-only	
rnam pa sna tshogs	various kinds | various kinds; various forms; various aspects	
rnam pa sna tshogs can	having various aspects; having various kinds	
rnam pa sna tshogs su nye bar gnas pa	abiding in various aspects	
rnam pa tha dad pa dag	different types; different aspects	
rnam pa thams cad	all aspects; all types; all kinds	
rnam pa thams cad du	in all ways; in every way; in all aspects	
rnam pa thams cad du rtogs pa	understand all aspects; realize all aspects	
rnam pa thams cad mkhyen nyid lam	path of an exalted knower of all aspects	
rnam pa thams cad mkhyen pa	exalted knower of all aspects; omniscient consciousness; omniscience	
rnam pa thams cad mkhyen pa nyid	exalted knower of all aspects; omniscient consciousness	
rnam pa thams cad mtshan nyid	character of all aspects	
rnam pa thams cad rtogs	realize all aspects; understand all aspects.	
rnam pa thams cad yongs su rdzogs pa	perfect in all aspects; complete in every respect	
rnam pa tsam	mere aspect; mere kind	
rnam pa yongs su dag pa	completely pure aspect	
rnam pa'i dbye ba	division of aspects	
rnam pa'i mchog thams cad dang ldan pa	having all the best aspects	
rnam pa'i rab tu dbye ba	division of aspects	
rnam par	as the aspect	
rnam par 'bral ba	to be devoid of; free from	
rnam par 'brel ba	join; relate; connect	
rnam par 'byed	differentiate; to separate; open; separate	
rnam par 'byed pa	differentiate; to separate; open; separate	
rnam par 'byed par byed	differentiate; to separate; open; separate	
rnam par 'dren pa	leader; guide	
rnam par 'grel ba	comment upon; elucidate; explain	
rnam par 'grel bar byed	comment upon; elucidate; explain	
rnam par 'grol ba	liberated; freed	
rnam par 'gyur ba	change; become; transform	
rnam par 'gyur ba med pa'i chos can	unchanging subject	
rnam par 'jig pa	destroy; disintegrate	
rnam par 'jig par 'gyur	will be destroyed; will disintegrate	
rnam par 'jig par 'gyur ba	will be destroyed; will disintegrate	
rnam par 'jig par bgyid pa	destroy; disintegrate	
rnam par 'jig par byed	destroy; disintegrate	
rnam par 'jig par mi bgyid pa	not destroy; not disintegrate	
rnam par 'jog byed chos gsum	three properties of a positer	
rnam par 'jog pa	posit; set; assign; designate; put	
rnam par 'khrug cing	be disturbed; angry; fight	
rnam par 'khrug med	not disturbed; not angry	
rnam par 'khrug par 'gyur zhing	become disturbed; become angry; fight	
rnam par 'khrugs pa	be disturbed; be angry; fight	
rnam par 'phel ba	increase	
rnam par 'phel byed pa	increaser; increase	
rnam par 'phro ba	scatter; spread; diffuse	
rnam par 'phrul	emanate	
rnam par 'thor ba	separate; scatter	
rnam par 'tshe ba	harmfulness	
rnam par 'tshe ba bzod pa	patience/forbearance/tolerance/endurance with respect to harmfulness	
rnam par bcad pa	elimination; mere elimination{N}	
rnam par bcil ba	abandon; give up; subjugate	
rnam par bkod pa	set; state; establish; arrange; register; make a record; place [on throne]	
rnam par bkur ba	respect; service	
rnam par blta ba	view; look; see	
rnam par blta'o	you should view	
rnam par bltas nas	having viewed; having seen	
rnam par bral ba	completely free from	
rnam par brtags pa	impute; designate	
rnam par brtags pa'i gzugs	imputed form	
rnam par brtse ba	one-pointed	
rnam par bsal	eradicate; remove; clear away; eliminate; avoid; exclude; separate	
rnam par bsam	think; intend	
rnam par bsam pa	think; thought; intended; intention	
rnam par bsams	think; thought; intend	
rnam par bsgrubs pa	achieve; attain; accomplish; establish	
rnam par bshad pa	explanation; an explanation	
rnam par bshad pa'i rigs pa	Vasubandhu's Reasoning for Explanations (P. 5562, vol. 113)	
rnam par bshig nas	having destroyed	
rnam par bshig pa	destroy	
rnam par bsnyad pa	emphasize; announce	
rnam par btag tu med pa	not imputed; not designated	
rnam par btags pa'i gzugs	imputed form	
rnam par byang	purify; cleanse; purification	
rnam par byang ba	purification; purify; cleanse	
rnam par byang ba ma yin pa	non-purification; not purified	
rnam par byang ba'i chos	a very pure phenomenon{N}	
rnam par byang ba'i rang bzhin	nature of purity; pure nature	
rnam par byang bar 'gyur	purify; become pure	
rnam par bzhag pa	presentation	
rnam par bzhag pa yongs su dpyod pa	analysis of the presentation	
rnam par bzlog	reverse; reversing	
rnam par bzlog pa	reverse; reversing	
rnam par dag	very pure; complete; purify; purity	
rnam par dag bya	object of purification	
rnam par dag nyid	purity	
rnam par dag pa	{very-pure}; very pure; complete; purity{BJ 38.1}	
rnam par dag pa gzhan gyi dbang nyid	other-powered purity	
rnam par dag pa med	not purify; impurity	
rnam par dag pa nyid	purity	
rnam par dag pa rgya chen	extensive purity	
rnam par dag pa'i de bzhin nyid	pure suchness; suchness of purity	
rnam par dag pa'i de kho na	pure suchness; suchness of purity	
rnam par dag pa'i dmigs pa	object of observation of purification{BJ 28.4}; very pure object of	
rnam par dag pa'i gnas	very pure place; abide in purity	
rnam par dag pa'i khyad par	very pure distinction; complete distinction	
rnam par dag pa'i mtshan nyid	characteristic of purification	
rnam par dag pa'i snod	very pure vessel	
rnam par dag pa'i thabs	method(s) of purity	
rnam par dag par 'gyur ba	purify; become pure	
rnam par dag par bya ba	object of purification	
rnam par dag yul	object of purification; pure object	
rnam par dbye	divide; division; open; differentiate; differentiation	
rnam par dbye ba	divide; open; differentiate	
rnam par dbye bar bya	divide; open; differentiate	
rnam par dgod rnam par 'grel ba	comment upon a statement	
rnam par dkrugs par mi bya ste	disturb; agitate	
rnam par dpyad	analysis; discrimination	
rnam par dpyad pa	analysis; discrimination	
rnam par dpyod	analysis; discrimination	
rnam par dpyod pa	analysis; discrimination	
rnam par dpyod pa dang bcas pa	together with discrimination; having discrimination	
rnam par dpyod pa med pa	non-discrimination; non-analysis	
rnam par dpyod pa tsam gyi	mere discrimination; mere analysis	
rnam par dpyod par byed	discriminate; analyze	
rnam par g.yeng ba	distraction	
rnam par g.yeng ba med pa	non-distraction	
rnam par g.yeng ba med pa'i sems	non-distracted mind	
rnam par g.yeng bya	distract; distracted	
rnam par g.yengs pa	distraction	
rnam par g.yo	move; fluctuate	
rnam par g.yo ba	move; fluctuate	
rnam par g.yong ba	distraction	
rnam par gnas pa med pa	non-abiding; not remain	
rnam par gnon pa	harm; damage	
rnam par gnon pas zhus pa/	Two Thousand Five Hundred Stanza Perfection of Wisdom Sūtra, P.	
rnam par grags pa	renowned; famous	
rnam par grol	released; liberated	
rnam par grol 'dra ba nyid	release; liberation	
rnam par grol ba	released; liberated; liberation	
rnam par grol ba mchog	highest liberation	
rnam par grol ba mtshungs pa	similarity with liberation	
rnam par grol ba nyams pa	abandon liberation	
rnam par grol ba yongs su tshol ba	thoroughly investigate/examine/research/seek liberation	
rnam par grol ba'i 'jug pa	enter into liberation	
rnam par grol ba'i dga' ba dang bde ba yang dag par myong ba	thoroughly experience the happiness and bliss of liberation	
rnam par grol ba'i mtshan nyid	characteristic of liberation	
rnam par grol ba'i thabs chen	the great method(s) of liberation	
rnam par grol ba'i ye shes	exalted wisdom of liberation	
rnam par grol ba'i ye shes gzigs pa	realize the exalted wisdom of liberation	
rnam par grol bar 'gyur	become liberated	
rnam par grol bar bya	be liberated; be freed	
rnam par grol bar bya ba	object of liberation	
rnam par grol bar byed	liberate	
rnam par grol bar byed pa	liberate	
rnam par grol bar mnyam pa nyid	sameness of liberation	
rnam par grol la sbyor ba	connection to liberation; exertion in liberation	
rnam par gsal ba	clarify	
rnam par gtan la dbab pa	ascertain; ascertainment	
rnam par gyur pa	unbalanced state	
rnam par gzhag	posit; establish; abide	
rnam par gzhag bya chos gsum	three properties of a posited object	
rnam par gzhag pa	posit; establish; abide	
rnam par gzhig pa	break down	
rnam par gzhig par bgyi ba	break down	
rnam par gzigs	viewing; look; see	
rnam par gzigs pa gyur pa yin	viewing; look; see	
rnam par khong du chud pa'i dmigs pa	object of observation that is understood	
rnam par ldog	isolate; reverse	
rnam par log nas	having reversed; having returned	
rnam par lta	view; look; see	
rnam par lta ba	view; look; see	
rnam par ma brtags pa	non-imputed; not designated	
rnam par ma dag pa	not purified; impure	
rnam par ma dag pa'i chos can	impure subject	
rnam par ma gyur pa	balanced state	
rnam par mi 'tshe ba	non-harmfulness	
rnam par mi g.yeng ba	non-distraction {T}	
rnam par mi lta ba	not view; not look; not see	
rnam par mi mkhyen pa	not know	
rnam par mi rtog	non-conceptual	
rnam par mi rtog nyid	non-conceptuality	
rnam par mi rtog pa	non-conceptual	
rnam par mi rtog pa 'dod pa	non-conceptual desire	
rnam par mi rtog pa nyid	non-conceptuality	
rnam par mi rtog pa yin pa	non-conceptual; non-conceptuality	
rnam par mi rtog pa'i gzugs brnyan	non-analytical image	
rnam par mi rtog pa'i lam bsgoms pa	cultivate the path of non-conceptuality	
rnam par mi rtog pa'i mtshan nyid	characteristic of non-conceptuality; non-conceptual characteristic	
rnam par mi rtog pa'i ye shes	non-conceptual exalted wisdom	
rnam par mi rtog pa'i ye shes kyis	through non-conceptual exalted wisdom	
rnam par mi rtog thabs yongs bzung ba	discern the method of non-conceptuality	
rnam par mi rtog ye shes ldan	having non-conceptual exalted wisdom	
rnam par mkhyen pa	know; exalted knower	
rnam par nges	ascertain; ascertainment; definite	
rnam par nges pa	ascertain; ascertainment; definite	
rnam par nyams	spoiled; deficient; degenerate	
rnam par nyams pa	spoiled; deficient; degenerate	
rnam par phye ba	distinguish; differentiate; separate; open	
rnam par rig	knowledge; know; ideation	
rnam par rig byed	reveal; revelatory	
rnam par rig byed ma yin pa'i gzugs	non-revealing form; non-revelatory form	
rnam par rig pa	knowledge; know; ideation; cognition	
rnam par rig pa byed pa	know	
rnam par rig pa med pa	non-knowledge; not know; non-ideation	
rnam par rig pa tsam	knowledge-only; ideation-only; cognition-only	
rnam par rig pa'i de bzhin nyid	suchness of knowledge; suchness of ideation	
rnam par rig pa'i de kho na	suchness of knowledge; suchness of ideation	
rnam par rig par bya ba	object of knowledge; object of ideation	
rnam par rig par bya ba ma yin	not an object of knowledge; not known; not an object of ideation	
rnam par rig par byed pa	knower; know	
rnam par rig par byed pa'i gzugs	revelatory form	
rnam par rmongs pa	very deluded	
rnam par rol pa	sport	
rnam par rol pa'i las	actions of sport; sportive actions	
rnam par rtog	ideation; think; conceptualize; conceptual consciousness	
rnam par rtog cing	think; conceptualize	
rnam par rtog pa	ideation; think; conceptualize; conceptual consciousness	
rnam par rtog pa dang bcas pa	having ideation; together with conceptualization	
rnam par rtog pa dang bcas pa'i gzugs brnan	image that is connected with ideation/conceptualization	
rnam par rtog pa dang bcas pa'i gzugs brnyan	analytical image	
rnam par rtog pa las byung ba	arisen from ideation; arisen from conceptualization	
rnam par rtog pa med cing	non-ideation; non-conceptualization	
rnam par rtog pa med pa	non-ideation; non-conceptualization	
rnam par rtog pa rnams kyi de bzhin nyid	suchness of ideations/conceptualizations	
rnam par rtog pa rnams yang dag par zad pa	complete extinction of ideations/conceptualizations	
rnam par rtog pa thams cad spangs	abandon all ideation; abandon all conceptualization	
rnam par rtog pa yongs su tshol ba	thoroughly investigate/examine/research ideation/conceptualization	
rnam par rtog pa'i spyod yul	objects of activity of conceptuality	
rnam par rtog pa'i spyod yul ma yin pa	not the realm of ideation; not the realm of conceptualization	
rnam par rtog par byed pa	discriminate; conceptualize	
rnam par rtog par ma mchis pa	non-ideation; non-conceptualization	
rnam par rtog par ma mchis so	non-ideation; non-conceptualization	
rnam par rtog par med pa	non-ideation; non-conceptualization	
rnam par rtogs pa	ideation; discriminate; realize; cognize; understand	
rnam par rtse ba	one-pointed	
rnam par sbyang ba'i chos	thoroughly pure phenomena	
rnam par sbyang bar bya ba	object to be purified	
rnam par sbyong ba	purify; wash; practice; train; cleanse; clean; purity; purification	
rnam par sbyong ba'i chos	very pure phenomenon	
rnam par sbyong bar byed	wash; purify; practice; purification; purity	
rnam par sel ba	eradicate; remove; clear away; eliminate; avoid; exclude; separate	
rnam par sems	think; intend	
rnam par sgom pa	meditate; cultivate	
rnam par shes	consciousness; cognition	
rnam par shes pa	consciousness; cognition	 [Hopkins]: cognition
rnam par shes pa 'dra ba med pa	non-similarity with consciousness	
rnam par shes pa gnas pa	abode of consciousness; source of consciousness	
rnam par shes pa po	cognizer	
rnam par shes pa'i khams	realm of consciousness	
rnam par shes pa'i rkyen gyis ming dang gzugs	name and form, the conditions of consciousness; {T} due to the	
rnam par shes pa; rnam shes	consciousness	
rnam par shes par bgyid pa	cognize; be conscious of	
rnam par shes par gyur pa	cognize; become conscious of	
rnam par skye	arise; be born; be produced	
rnam par skyo	averse; aversion	
rnam par smin	ripen; mature	
rnam par smin la	mature; ripen	
rnam par smin pa	ripen; mature; fruition; maturation	
rnam par smin pa dang rgyu mthun pa'i yon tan	qualities that are causally concordant with ripening/maturing	
rnam par smin pa don du gnyer ba	for the sake of maturing; seeking to ripen	
rnam par smin pa la brten pa	in dependence upon maturing	
rnam par smin pa la mi lta ba'i 'du shes	conception not viewing maturation	
rnam par smin pa las byung ba	arisen from ripening	
rnam par smin pa las skyes pa	produced from maturing	
rnam par smin pa yin nas	having matured; having ripened	
rnam par smin pa'i 'bras bu	result of ripening	
rnam par snang ba	appear; perceive; illuminate	
rnam par snang mdzad	Vairocana [p.n. of a Buddha]; Vairochana	
rnam par soms	think; intend	
rnam par spang bar bya	abandon; give up	
rnam par spangs	abandon; give up	
rnam par spangs pa	abandon; give up	
rnam par spong ba	eliminate; abandon; dispel	
rnam par spong bar 'gyur ro	eliminate; abandon; dispel	
rnam par spyod	enjoy; make use of; practice; act out; perform; deeds; performance	
rnam par sun 'byin pa	disbelieve; refute	
rnam par thar pa	liberation; freedom	
rnam par tho 'tsham pa bsam pa	intent on hurting; attempt to hurt	
rnam rdzogs sbyor ba	complete training in the aspects	
rnam rdzun dri bcas pa	Tainted False Aspectarian	
rnam rdzun pa	False Aspectarian	
rnam rgyal	[very-conqueror]; complete victory; conqueror	
rnam rig	cognition	
rnam rig pa	Proponents of Cognition	
rnam rol	[diverse-play]; sport; play; activities	
rnam rtog	conceptuality; discursiveness; coarse conceptuality; thought	
rnam rtog yong su spang ba	thoroughly abandoning thoughts	
rnam rtog; rtog pa	conceptuality	
rnam sbyong	wash; purify; practice	
rnam shes	[diverse-know]; consciousness; main consciousness; [ordinary]	
rnam shes kyi zas	sustenance of consciousness	
rnam shes las 'das pa	beyond consciousness	
rnam shes mtha'	limit of consciousness	
rnam shes mtha' yas	limitless consciousness	
rnam shes tshogs brgyad	eight collections of consciousness [by Asaṅga]{BJ 37.1}	
rnam smin	fruition; maturation	
rnam smin dag	pure maturation; pure fruition	
rnam smin gyi 'bras bu	fruitional result; fruitional effect	
rnam smin gyi bag chags	predispositions of maturation	
rnam smin gyi rgyu	fruitional cause	
rnam smin gyi sgrib pa	fruitional obstruction	
rnam smin gyi skye ba	fruitional rebirths	
rnam smin gyi skye ba 'dzin tshul	a mode of taking fruitional rebirths{PGP 78}	
rnam smin gyi yon tan	fruitional good qualities	
rnam smin rig 'dzin	fructional knowledge bearer	
rnam smin rnam shes	fruitional consciousness (a partially purified continuation of a mindbasis-	
rnam snang	Vairocana [p.n. of a Buddha]	
rnam spangs	abandon; give up	
rnam thar	biography | liberation	
rnam thar pa	liberation	
rnam thar sgo	door of liberation	
rnams	to choke | plural marker	
rnang	to choke	
rnar snyan pa	pleasant to the ear {T}	
rnga	drum; to reap	
rnga bo che chen po'i le'u	the Great Drum Sūtra (mahābherīhāraka-parivarta), P. 888, vol. 35	
rnga mo	camel	
rnga yab	Cāmara	
rnga yab gzhan	Aparacāmara	
rnga'i sgra	sound of a drum	
rngub	inhalation	
rnon	sharp; acute	
rnon po	sharp | sharp; acute	
rnyed	to find; to obtain | verb: find; gain; discover noun: goods; property; profit	
rnyed 'gyur	find; gain	
rnyed dka'	difficult to find	
rnyed don	object found	
rnyed gyur nas	having found; having gained	
rnyed ma thag tu	immediately/right/just after gaining	
rnyed nas	having found; having gained	
rnyed nas thob pa	obtain; gain; find	
rnyed pa	verb: find; gain; discover; get noun: goods; property; profit	
rnyed pa 'dod	wish to gain	
rnyed pa dang bkur sti	gain and respect	
rnyed pa dang bkur sti dang tshigs su bcad pa	gain, respect, and verses	
rnyed pa dang bkur sti dang tshigs su bcad pa dag gi ro myang bas	experience the taste of gain, respect, and verses	
rnyed pa dang bkur sti'i mchod pa	offering of gain and respect	
rnyed pa dang bkur stis	gain and respect	
rnyed pa dka' zhing	difficult to find	
rnyed pa yin te	gained; found	
rnyed pa'i don du	for the sake of gain	
rnyed par 'gyur	find; gain	
rnyed par 'gyur ba	find; gain	
rnyed par dka' ba	difficult to find	
rnyed par gyur	find; gain	
rnyed thob	obtain; gain	
rnyes	verb: find; gain; discover noun: goods; property; profit	
rnying ma	the Old Translation School of Tibetan Buddhism; N#ying-ma	
rnying ma pa	Rnying-ma-pa, a school of Tibetan Buddhism | N#ying-ma-b#a (Old Translation) Order	
rnying pa	old	
rnyog pa	whirlpool | to sully; to dirty; mess	
rnyog pa can du mi byed pa	cause of dirtyness	
rnyog pa med pa	unsullied; not dirty	
ro	(1) taste; flavor (2) corpse; residue; body (3) particle indicating the end	
ro 'dzin dbang mngon	sense direct perceiver apprehending taste	
ro brgya ldan pa'i	of one hundred tastes	
ro brgya pa	of one hundred tastes	
ro gcig	of one taste	
ro gcig pa	of one taste	
ro gcig pa nyid pa	of just one taste	
ro mnyam	equal taste; equality	
ro myang ba	experience (a) taste	
ro myang med	not experience (a) taste	
ro myangs pa	experience (a) taste	
ro myangs pa ma yin pa	not experience (a) taste	
ro myong ba byas	experience (a) taste	
ro myong bar byed pa	experience (a) taste	
ro myong bar mi byed pa	not experience (a) taste	
ro myong mi byed	not experience (a) taste	
ro myong myang ba byas	experience (a) taste	
ro rkyang dbu ma gsum	the three right, left, and central channels{TGP 79}	
ro tsa ba	virilification; the restoration of normal sexual functions (also refers to	
ro'i skye mched	taste sense-sphere	
rod	constitution	
rog po	black	
rol pa	sport	
rta	horse	
rta bdag	horse-owner	
rta dbyangs	Aśvaghoṣa	
rta glang du snang ba	the appearance of horses and elephants{MSI 425}	
rta pa	horseman | horseman; horsemen; cavalry	
rta rdzi	horse-keeper	
rtag	eternal	
rtag brtan gyi snying po	a permanent, stable essence	
rtag brtan ther zug g.yung drung mi 'gyur ba	permanent; stable; everlasting; eternal; immutable	
rtag gcig rang dbang can bdag gis stong pa	lack of being a permanent, partless, independent self	
rtag gcig rang dbang can gyi bdag	a self which is permanent, partless, and independent	
rtag lta	view of permanence{N}	
rtag lta spong	the view of permanence is abandoned	
rtag med	impermanent; impermanent phenomenon	
rtag mtha'	extreme of permanence	
rtag mthong ba	view of permanence	
rtag pa	durable; permanence | permanent; permanent phenomenon; permanence	
rtag pa kho na	only-a-permanent-phenomenon	
rtag pa med	non-eternal; impermanent; not permanent	
rtag pa nyid	permanence	
rtag pa rtag pa dus	permanently{S}	
rtag pa rtag pa'i dus	permanent, permanent time	
rtag pa'i dus	permanent time	
rtag pa'i mtha'	extreme of permanence; extreme of reification{N}	
rtag pa'i sku	permanent body	
rtag par	permanently; always	
rtag par 'dzin pa	conception of permanence{N}	
rtag par smra ba	Proponent of Permanence	
rtag sbyor	continual application; continuous application	
rtag tu	always | [permanent-as]; always; permanently	
rtag tu 'jug	permanently engage in; permantly enter	
rtag tu 'khrul pa med pa'i tshul khrims	permanently non-mistaken ethics	
rtag tu byed pa	do constantly	
rtag tu de bzhin pa	always thus	
rtag tu med pa	always non-existent	
rtag tu ngu	the Bodhisattva Always-Crying	
rtag tu rgyun mi 'a chad pa	always; permanently	
rtag tu rjes su 'brel pa	permantly related; permantly connected	
rtag tu rtogs pa	always thinking	
rtag tu sbyor ba	continual application	
rtag tu sbyor ba yid la byed pa	mental contemplation of continual application	
rtag tu ston dang ldan	always connected to the teaching	
rtag tu yid la byas pa yin	is well mentally comtemplated	
rtags	verb: to examine noun: reason; sign; conceptuality; thought	
rtags 'dzin sems	mind apprehending the sign	
rtags 'dzin sems su gyur pa'i rtog pa	conceptual consciousness that is a mind apprehending a sign	
rtags bsal khas blangs	"the reason and """"thesis"""" [consequence] have been accepted/asserted"	
rtags las sgra mi rtag par 'dzin pa'i blo	awareness apprehending sound as impermanent through the sign of [its	
rtags ltar snang	pseudo/quasi/counterfeit sign/reason	
rtags ma grub	the reason is not established{D1}	
rtags pa	to examine; conceptuality; thought; conceptual consciousness	
rtags rigs	signs and reasonings	
rtags snga phyi khas blangs	you have asserted/accepted the former and latter reasons	
rtags snga phyi song	you have asserted/accepted the former and latter reasons; the earlier	
rtags song	the reason has been asserted/accepted	
rtags su bkod pa	state as a sign/reason	
rtags yang dag	correct sign; correct logical sign	
rtags zur snga ma	the early/first part of the reason	
rte'u	foal	
rten	verb: support; depend; rely noun: basis; support; base	
rten 'brel	[depend-connect]; dependent-arising; interdependence	
rten 'brel yan lag bcu gnyis	twelve branches of dependent arising	
rten 'byung chos	dependently arisen phenomenon	
rten 'byung; rten cing 'brel bar 'byung ba	dependent-arising	
rten bcas kyi mig dbang	eye sense power which is a basis	
rten brten	support and supported; residence and resident	
rten can	having a basis; based; having a support; supported	
rten cing	depending on; based on; supported	
rten cing 'brel 'byung	dependent-arising	
rten cing 'brel bar 'byung ba	dependent-arising	
rten cing 'brel par 'byung ba	dependent-arising	
rten dang bcas pa	with a basis	
rten dang brten pa	support and supported; residence and resident	
rten dang brten pa'i lha'i rnal 'byor	deity yoga of divine residence and residents	
rten dang zhi dang 'jigs pa med	basis, pacification, and fearlessness	
rten du	based upon	
rten gnas kyi sgra	locative case [lit., term of dependence and place]	
rten gyi bye brag	instance of basis; division of basis	
rten gyi dbye ba	division of basis	
rten gyi dngos po	thing which is a basis	
rten gyur pa	basis; support	
rten kun tu 'gro ba can	omnipresent basis	
rten la	depending upon; based on; supported	
rten med pa	baseless; without a basis; unsupported	
rten mtshungs kyi mig dbang	eye sense power which is like a basis	
rten nas	depending upon; having depended on; dependent on; supported by	
rten ni rung ba	suitable basis	
rten nye bar zhi ba	pacification of the basis	
rten pa	to depend; support; basis; base	
rten pa dang ldan pa	having a basis; endowed with a basis	
rten pa'i byed rgyu	creative cause which is a basis; creative cause of a basis	
rten par	depending on; supported by	
rten rnam par dbye ba	division of the basis	
rten tha dad	different bases	
rten yin pa	be a basis; is a basis	
rten yongs su dag pa	thoroughly purify the basis	
rting du	later	
rting la	after; later	
rting pa	(1) base; foundation (2) later; subsequent; next	
rting sor	later	
rtog	to consider; to ponder, to examine | to examine; conceptuality; thought; conceptual consciousness	
rtog bral	free from conceptuality	
rtog btags	imputed by conceptuality	
rtog cing	conceiving; thinking; imputing	
rtog ge	logic; perverted logic; argumentation{S}; reasoning	
rtog ge 'bar ba	Bhāvaviveka's Blaze of Reasoning	
rtog ge ba	logician{N}	
rtog ge pa	logician; Dialecticians; Dialectician [Nihilist]; logicians	
rtog ge'i spyod yul	realm of argumentation{S}	
rtog ge'i spyod yul ma lags pa	does not [belong to] the realm of argumentation	
rtog ge'i spyod yul ma yin pa	does not [belong to] the realm of argumentation{S}	
rtog ge'i yul ma yin	not an object of argumentation	
rtog med	non-conceptual	
rtog med kyi shes pa	non-conceptual consciousness	
rtog med log shes	non-conceptual mistaken consciousness	
rtog med mngon sum ltar snang	non-conceptual pseudo/quasi/counterfeit direct perception/perceiver	
rtog med ye shes	non-conceptual exalted wisdom{N}	
rtog med yid shes	non-conceptual mental consciousness	
rtog min mi rtog ma yin pa	neither conceptual nor non-conceptual	
rtog pa	conceptual consciousness; conceptuality; imputation; investigation	
rtog pa 'di dag brtag par mi nus pa	they cannot sustain these conceptions	
rtog pa bcad shes	conceptual subsequent cognizer	
rtog pa byed pa	conceive; conceptuality; think; thought; investigation	
rtog pa dang bcas	conceptual; having conceptuality; with conceptuality	
rtog pa dang bcas pa'i ting nge 'dzin	conceptual meditative stabilization	
rtog pa dang bral ba	free from conceptuality	
rtog pa dang bral zhing ma 'khrul ba'i 'dzin rnam	apprehender of aspects that is non-mistaken and free from	
rtog pa dang bral zhing ma 'khrul ba'i gsar du mi slu ba'i rig pa	a knower which is new, incontrovertible, non-mistaken, and free from	
rtog pa dang bral zhing ma 'khrul ba'i rig pa	a knower that is non-mistaken and free from conceptuality	
rtog pa dang rnam par rtog pa thams cad spangs pa'i slad du	because of abandoning all conceptuality and ideation	
rtog pa la gnyis snang yod pa	a conceptual consciousness's having dualistic appearance	
rtog pa log shes	conceptual mistaken consciousness	
rtog pa ma mchis	non-conceptual; without conceptuality	
rtog pa med la dpyod pa tsam	mere non-conceptual analysis	
rtog pa med pa	non-conceptuality; non-conceptual	
rtog pa mi 'jug	not engage in conceptuality; not enter into conceptuality	
rtog pa mi byed pa	not conceive; non-conceptuality; non-investigation	
rtog pa ni ngo bo nyid du rtog pa	conceptuality that conceives ... as (having) entityness	
rtog pa rigs shes	conceptual reasoning consciousness{N}	
rtog pa spong	abandon conceptuality	
rtog pa tsam	mere conceptuality	
rtog pa yang med dpyod pa yang med pa	non-conceptual and non-analytical	
rtog pa yi mtshan ma	sign of conceptuality; conceptual sign	
rtog pa'am brtags pa'i rnal 'byor	conceptual yoga or yoga of imagination	
rtog pa'i 'jug sa'i gzhi	basis on which thought places a term	
rtog pa'i snang yul	appearing object of a conceptual consciousness; appearing object for	
rtog pa'i spros pa	conceptual elaborations{N}	
rtog pa'i yid la byed pa	conceptual mental engagement	
rtog pa'i zag pa dang bcas pa	contaminated phenomenon that is a conceptual consciousness{Lati}	
rtog pa'i zhen gzhi	basis of conceptual consciousness	
rtog par 'gro ba	conceive; think	
rtog par bgyid	conceive; think; investigate	
rtog par bya	conceive; think	
rtog par shes pa	conceptual consciousness	
rtog pas btags pa	imputation by thought	
rtog pas btags tsam	mere imputation by thought; just imputed by conceptuality; only	
rtog pas mi shig	not divided by thought	
rtog pas rnam par bsgrubs pa	established by conceptuality; existing conceptually	
rtog yul	object of thought	
rtogs	to perceive, to apprehend | a Hearer clear realizer of truth which is an actual antidote to the | realize; cognize; understand	
rtogs ba phul ba	offer one's realization	
rtogs byed gyi blo	imputing mind	
rtogs chung	realize a little	
rtogs dkar	difficult to realize	
rtogs gzhi	basis of realization/understanding	
rtogs nas	having realized; having cognized; having understood	
rtogs pa	realize; cognize; understand; realization	
rtogs pa brjod pa'i sde	narratives{S}	
rtogs pa cung zad tsam gyis	because of only realizing a little	
rtogs pa dka' ba	difficult to realize	
rtogs pa med pa	not realize; not cognize; not understand	
rtogs pa phul ba	offer realization, to	
rtogs pa po	realizer; cognizer	
rtogs pa ring ba dang nye ba	realize far and near	
rtogs pa sbyor ba pa	one who applies (himself/herself) to realizing	
rtogs pa so sor rtogs pa	individually realize	
rtogs pa zung 'jug	realizational union	
rtogs pa'i chos	realizational doctrine	
rtogs pa'i don	object realized; realizational object	
rtogs pa'i dus	time of realizing	
rtogs pa'i khyad par	feature of realization {T}	
rtogs pa'i shes rab can	having realized wisdom; wisdom	
rtogs pa'i tshul khrims	realized ethics; realizational ethics	
rtogs pa'i ye shes 'jig rten las 'das pa	supramundane realized exalted wisdom	
rtogs pa'i yon tan	good qualities of realization	
rtogs par	realized; cognized; understood	
rtogs par 'gyur	realize; cognize; understand	
rtogs par 'gyur ba	realize; cognize; understand	
rtogs par 'gyur zhing	having realized; having understood	
rtogs par brjod pa'i sde	narratives	
rtogs par bya	realize; cognize; understand	
rtogs par bya ba	realize; cognize; understand	
rtogs par bya'o	one should realize; one should understand	
rtogs par byas nas	having realized; having understood	
rtogs par byed	realize; cognize; understand	
rtogs par byed pa	realize; cognize; understand	
rtogs par dka'	difficult to realize	
rtogs par dka' ba	difficult to realize; difficult to understand	
rtogs par med pa	not realize; not understand	
rtogs par rung ba	suitably realize; suitable to understand	
rtogs rigs su gnas pa	abiding in the type of realization	
rtogs sla	easy to understand; easy to realize	
rtogs zin ma nyams pa	non-degenerated realization	
rtogs zin rtogs	realizes an already realized realization; one who realizes an already	
rton	rely; trust; have faith	
rton pa	reliance; rely	
rton pa bzhi	four reliances{N}	
rton par 'gyur	rely	
rton par byed par 'gyur	rely	
rtsa	foot; place; Rtsa, a place name | root | channel; passageway; vein; duct; artery; root; root text	 [Bialek]: foot; place; Rtsa, a place name
rtsa 'grel	root text and commentary	
rtsa 'khor	channel-wheel	
rtsa ba	root; basic; fundamental; primary	
rtsa ba bzang po	good roots	
rtsa ba drug pa	the six/sixth fundamental {T}	
rtsa ba shes rab	Nāgārjuna's Fundamental Treatise on the Middle Way, Called	
rtsa ba shes rab kyi 'grel pa	commentary on (Nāgārjuna's) Fundamental Treatise on the Middle	
rtsa ba'i chos kyi dbyings	fundamental realm of phenomena	
rtsa ba'i de kho na	fundamental reality	
rtsa ba'i kha dog	primary colors	
rtsa ba'i ltung ba	root infraction	
rtsa ba'i nyon mongs	root afflictions; root afflictive emotions	
rtsa ba'i nyon mongs pa	root afflictions; root afflictive emotions	
rtsa ba'i rang bzhin	fundamental nature	
rtsa ba'i rgyud	Root Tantra [the first of the Four [Medical] Tantras]	
rtsa ba'i rlung	basic winds	
rtsa ba'i rnam shes	fundamental consciousness	
rtsa ba'i sems	fundamental mind	
rtsa ba'i stobs	fundamental force	
rtsa bar	in the root text{BJ 48.2}	
rtsa bar 'dod na	if one accepts the basic [consequence]	
rtsa dbu ma	central channel	
rtsa lag	kinsman	
rtsa mdud	channel-knot	
rtsa nyon	root afflictions; root afflictive emotions	
rtsa rlung thig le gsum	the three channels, winds, and drops	
rtsa ro ma	right channel	
rtsa shes	Nāgārjuna's Fundamental Treatise on the Middle Way Called	
rtsa shes tI ka chen	Dzong-ka-ba's Great Commentary on (Nāgārjuna's) 'Treatise on the	
rtsa tshig	root text; basic text	
rtsad bcad pa	research{N}	
rtsad gcod	to determine; research	
rtsal	physical skills | capacity; manifest capacity; dexterity; power	
rtsal du gsol	request	
rtsal ldan	capable; powerful	
rtsangs pa	chameleon	
rtsar	before, in front of	
rtse	to play	
rtse ba	to play; [misspelling of brtse ba] mercy	
rtse dga'ba	joyful play	
rtse drung	monk government official	
rtse gcig	one pointed; single minded; one-pointed	
rtse gcig pa	one-pointed; single minded	
rtse gcig pa nyid	one-pointedness	
rtse gcig tu	[point-one-ly]; one-pointedly; single-mindedly	
rtse gcig tu byed pa	making one pointed; making one-pointed	
rtse mo	summit | peak; point; top; summit; highest; foremost	
rtse mo la gnas pa	abiding at the peak	
rtse mo'i gnas skabs	peak state	
rtse mo'i mngon rtogs	peak clear realizer; foremost clear realizer	
rtse mor gyur pa	peak	
rtse mor phyin pa	reach the peak; reach the top	
rtse sbyor	peak training	
rtse'u	thorn	
rtsen	to play; take delight in games; enjoy {T}	
rtsi	to reckon; to calculate; to hold as important	
rtsi ba	emumeration; to reckon; to calculate; to hold as important	
rtsi bcud	nourishment	
rtsi shing	orchard; vegetation	
rtsi'o	to reckon; to calculate; to hold as important	
rtsig	to built	
rtsig pa	wall	
rtsig phug	hole in the wall	
rtsis	calculation; computation; to reckon; calculate; to hold as important	
rtsis pa	accountant; astrologer	
rtsis zin pa	"affected by the force [perhaps from rtsi, """"sap""""]"	
rtsod	to argue, to debate (about) | debate; objection; dispute	
rtsod bzlog	Nāgārjuna's Refutation of Objections{DASI 578.4} (P5228, Vol. 95)	
rtsod dus	age of conflict	
rtsod gzhi	basis of debate	
rtsod gzhir bzung ba	held as the basis of the debate{LSR}	
rtsod len	answer to an objection	
rtsod pa	conflict | debate; objection; conflict; dispute{BJ 31.7}	
rtsod pa 'dod pa	wish to debate; desire to dispute	
rtsod pa byed	debate; dispute{N}	
rtsod pa dang rgol bar smra ba'i ngang tshul can	having a nature which is disputatious and argumentative	
rtsod pa spong ba	dispelling objections	
rtsod pa'i bzhi'i gnas	serves as a basis for controversy	
rtsod pa'i gzhi	basis for dispute; basis for controversy{BJ 31.7}	
rtsod pa'i gzhi gnas su gyur	provides a basis for dispute; offers a basis for dispute{BJ 31.7}	
rtsod pa'i lan du	in answer to this argument{BJ 51.1}	
rtsod pa'i tshe	at the time of debating	
rtsod par 'gyur	debate; dispute; objection	
rtsod par bya ba	object of dispute; will dispute	
rtsod par byed pa	dispute; debate	
rtsod par byed par 'gyur ro	dispute; debate	
rtsod spong	dispelling objections	
rtsog pa	dirty	
rtsog rtsog pa	completely nasty, messed	
rtsol	endeavor; make effort; exert	
rtsol ba	exertion; endeavor; make effort; exert	
rtsol ba'i 'du bya ba	activity by exertion	
rtsol bar 'gyur ro	make effort; exert	
rtsol byung	arisen from exertion	
rtsol sgrub	established by exertion	
rtsom	to set about, to be about; to plan | begin; initiate; compose; write a book	
rtsom byed	begin; initiate; compose	
rtsom pa	to begin; initiate; to compose; write a book	
rtsom pa med pa	beginningless ? {T}	
rtsom pa phun sum tshogs pa	marvellous beginning	
rtsom pa'i dri bral	stainless composition {T}	
rtsom pa'i rgyu	cause of composition/beginning/undertaking	
rtsom par dam bca'	promise of composition	
rtsub mo	rough	
rtsub pa	roughness{D1}	
rtsub po	rough	
rtswa	grass	
rtswa ba'am shing	grass or tree	
rtswa kha	grass	
rtswa za ba	eating grass{LWT 24}	
rtul	activity	
rtul ba	resolve; vow	
rtul ba brtan pa	firm resolve; firm vow	
rtul pa	dull; inferior; weak	
rtul phod	hero	
rtul po	dull; weak; inferior	
rtul por	dull; weak; inferior	
ru	accusative, adverbial accusative, dative, and locative particle: to; in; as	
ru la skyes	Ru-la-skyes	
rum	darkness; rum	
rung	to be suitable	
rung ba	suitable; fit; possible	
rung ba nyid	suitability	
rung bar 'gyur	suitable	
rung bya	suitable object	
rung ma yin	unsuitable; not suitable	
rung mthun	concordant suitability	
rus	bone; lineage; family	
rus bu	small bone	
rus nas smos pa	desire for a lineage/family	
rus pa	bone | bone; lineage; family	
rus sbal	turtle; tortise	
rus smos pa	desire for a lineage/family	
rwa	horn	
rwa ba	fence; pen	
rwa kha brag	Ra-ka Precipice (another hermitage at S#e-ra Monastic University)	
sAsrava	contaminated	
sa	earth; place; ground | earth; ground; level; stage; land; place; spot; degree	
sa 'og	below the ground; {T} lower ground	
sa bcad	contents-outline	
sa bcu	ten grounds	
sa bcu gcig	eleven grounds; (as short for sa bcu gcig pa) eleventh ground	
sa bcu khyab pa	pervade the ten grounds; ten pervasive grounds	
sa bcu pa	tenth ground; ten grounds; tenth grounder; the Sūtra on the Ten	
sa bcu'i mi mthun phyogs	discordant class of the ten grounds	
sa bdag	earth-owner spirits	
sa bdun pa	seventh ground; seventh grounder	
sa bdun pa'i bar du	up to the seventh ground	
sa bla	above the ground	
sa bon	seeds	
sa bon 'debs par byed	plant seed	
sa bon du bsdus pa	collected as seeds; seed-collection	
sa bon gzhan du gyur pa	transformation of a seed; changeable seed	
sa bon med pa nyid	non-seed; seedlessness; non-existence of a seed	
sa bon mi rung	unsuitable seed	
sa brgyad pa	the eigth ground; eigth grounder	
sa bzang pa	good ground; proper ground; {T} wholesome ground	
sa bzhi po la yang dag brten	depending upon the fourth ground; based on the fourth ground	
sa chen po	great ground; great earth	
sa chen po la zhugs pa	enter into a great ground/level	
sa dag ni gnas pa zhes bya'o	"grounds are called """"abodes"""" ? {T}"	
sa dang po	first ground; first [Bodhisattva] ground	
sa dang po la	on the first ground	
sa dang po la 'jug pa	enter into the first ground	
sa dgu pa	ninth grounder	
sa drug pa'i bar	up to the sixth ground	
sa drug po	sixth ground	
sa drug po dag	all six grounds; the six grounds; six grounds ? {T}	
sa ga	name of a lunar mansion (Skt. vaishākha)	
sa gdan	rug	
sa gnon	[earth-press]; earth-witness [mudrā]	
sa gnyis	two levels/grounds; second level/ground	
sa gnyis pa	second ground/level; second grounder	
sa gnyis pa nas bzung ste drug pa'i bar du	ranging from the second ground to the sixth {T}	
sa gsum	the three levels	
sa gzhi	[earth-base]; earth; place; site; ground	
sa ji ltar rnam par bzhag pa bzhin yid la byed pa	mental application of a ground just as it is presented/according to the	
sa kun las ni nges par byung	definitely arisen from all grounds/levels	
sa la	on the ground; on the earth	
sa la 'dzugs	kneel	
sa la 'jug pa	enter into a ground/level	
sa la btsugs	kneel	
sa la gnas te	abide in a ground/level; abide in the earth	
sa la gzugs	kneel	
sa la ma zhugs pa	not enter into a ground/level	
sa la sbyor ba	exertion with respect to a ground/level	
sa la zhugs pa	enter into a ground/level	
sa lam	grounds and paths	
sa las	from the ground; from the earth	
sa las 'byung ngo	arise from the ground; arisen from the earth	
sa las nges par byung ba nyid	definitely arisen from a/the ground; definite arising from a/the	
sa le	brilliant	
sa ma dag pa	impure ground	
sa ma ya	[transliteration of Sanskrit word—samaya] pledge; rite; vow	
sa mchog	supreme level/ground	
sa mi g.yo ba la sogs pa gsum	the three grounds, the Immovable and so forth	
sa min	non-ground; no ground	
sa mtshams	boundary; limit	
sa ni mthar thug pa	final ground	
sa pa	grounder; one on a ground {T}	
sa phyogs	[earth-direction]; quarter; area; region; a place{D2}	
sa phyogs sa'i phyogs	place in an area	
sa phyogs zhig na	in a certain place; at one place	
sa rab tu dga' ba	the Very Joyful ground	
sa rba	[transliteration of Sanskrit word—sarva]; all	
sa rdul	particle of earth; particle of dust	
sa rnam par bzhag pa	presentation of a ground {T}	
sa rnams bsgom pa dang grub pa	cultivate and establish the grounds	
sa rnams gnas pa yin	abide in the grounds/levels; the grounds/levels are an abode	
sa rnams kun la mnyam pa med	dissimilarity among/with respect to all levels/grounds	
sa rta	Earth-Horse (year)	
sa sde	Asanga's Five Treatises on the Levels{BJ 36.7}	
sa sgrogs ris	Kurukulla	
sa shes pa	knowledge of a ground/level; cognition of a ground/level	
sa skya	S#a-g#ya (White Earth) Order	
sa steng	on the ground; above the ground	
sa ston pa	Mahīśāsaka	
sa thob pa	attain a ground/level	
sa yi 'og	below the ground	
sa yis	within the level	
sa yongs su grub pa	thoroughly established ground/level	
sa'i dngos gzhi; rnal 'byor spyod pa'i sa	Asaṅga's Actuality of the Levels / Levels of Yogic Practices, P.5536-8,	
sa'i khams	earth-constituent	
sa'i rdul	particle of earth; particle of dust	
sa'i rnam pa	ground-aspect; aspect of a ground; earth-aspect	
sad	to wake up | to awaken; {T} activate	
sad mi mi bdun	seven men of trial	
sad nas	having awoken	
sad pa	to awaken; one who is awake	
samApattika	Meditators	
samprayuktā yā prajñā sā-api yathādhikā)	how it is established (by exalted wisdom)	
sang nge	pristine; immaculate	
sang nyin	tomorrow	
sangs	see 'tshang | to recover, to wake up	
sangs rgyas	Skt. Buddha | [awakened-spread]; Buddha	
sangs rgyas 'bring	Middling Realizers [i.e. Solitary Realizers]{Lati}	
sangs rgyas 'byung ba	arising/appearance/occurence of Buddhas	
sangs rgyas 'byung ba don yod par	meaningful arising/appearance/occurence of Buddhas	
sangs rgyas 'phag pa	buddha superiors	
sangs rgyas 'phags pa	Buddha Superior	
sangs rgyas bcom ldan 'das	Buddha, the Supramundane Victor	
sangs rgyas bka' nyid du sgrub pa	established as Buddha's teaching; established in Buddha's teaching	
sangs rgyas bskyangs	Buddhapālita [p.n.]	
sangs rgyas chos	qualities of a Buddha; Buddha-qualities; Buddha-doctrine; Buddhist	
sangs rgyas dang byang chub sems dpa'	Buddhas and Bodhisattvas	
sangs rgyas dpag tu med pa byung	arising/appearance/occurence of limitless Buddhas	
sangs rgyas gcig	one Buddha; a Buddha	
sangs rgyas gcig pa nyid dang du ma nyid ma yin	oneness and plurality of Buddha(s)	
sangs rgyas gsang ba	Buddhaguhya	
sangs rgyas gzugs	Buddha-form; form of a Buddha	
sangs rgyas khams	realm of the Buddha; constituent of the Buddha; Buddha-realm	
sangs rgyas kyi 'khor gyi dkyil 'khor gyi nang du	within a maṇḍala that is around a Buddha	
sangs rgyas kyi 'od	light of a Buddha; Buddha-light	
sangs rgyas kyi 'phrin las chen po nyid	great activities of a Buddha; {T} greatness of the activities of a Buddha	
sangs rgyas kyi bde bar gnas pa	abide in the bliss of a Buddha	
sangs rgyas kyi bka'	Buddha-word; teaching of Buddha	
sangs rgyas kyi bstan pa	Buddha-teaching; Buddha's teaching(s)	
sangs rgyas kyi bya ba	a Buddha's work	
sangs rgyas kyi byang chub	enlightenment of a Buddha	
sangs rgyas kyi chos	Buddha-doctrines; qualities of a Buddha; Buddha-qualities	
sangs rgyas kyi chos dang 'brel ba'i gtam zer bar 'dod pa	desire to teach in connection with the Buddha-doctrine	
sangs rgyas kyi dbyings	Buddha element	
sangs rgyas kyi dgongs pa	Buddha's thought; thought of Buddha	
sangs rgyas kyi dkyil 'khor rnams su skye ba	arise in the maṇḍalas of Buddhas	
sangs rgyas kyi gdung mi gcod pa	not cut off the Buddha-lineage	
sangs rgyas kyi go 'phang	buddhahood{N}; {T} state of buddhahood	
sangs rgyas kyi las	activities of a Buddha	
sangs rgyas kyi mdzad	activity of a Buddha; action of a Buddha; Buddha-action; {T} deeds of	
sangs rgyas kyi mdzad pa	activity of a Buddha; action of a Buddha; Buddha-action; {T} deeds of	
sangs rgyas kyi mdzad pa lhun gyis grub pa rgyun mi 'chad pa	uninterrupted continuum of the spontaneous activities of a Buddha	
sangs rgyas kyi mthu	force of a Buddha; power of a Buddha	
sangs rgyas kyi mtshan med pa'i 'jig rten gyi khams	worldly realm that lacks the signs of a Buddha	
sangs rgyas kyi mtshan nyid	characteristics of a Buddha	
sangs rgyas kyi ngo bo nyid	entityness of (a) Buddha	
sangs rgyas kyi rigs	buddha-lineage; the Buddha lineage	
sangs rgyas kyi rigs can	having the Buddha-lineage	
sangs rgyas kyi sa	level of a Buddha; Buddha-ground	
sangs rgyas kyi sku	body of a Buddha	
sangs rgyas kyi sku nges par ston par mdzad pa	definitely display the body of a Buddha	
sangs rgyas kyi spyan	Buddha-eye; eye of a Buddha	
sangs rgyas kyi sras	child of the Buddha; Buddha-child	
sangs rgyas kyi sras kyi mchog nyid du legs par skyes pa	generate well the characteristics of a Buddha-child {T}	
sangs rgyas kyi sras rnams	children of the Buddha; Buddha children	
sangs rgyas kyi tshul	mode of a Buddha; way of the Buddha(s); guide of Buddha(s)	
sangs rgyas kyi ye shes	exalted wisdom of a Buddha	
sangs rgyas kyi ye shes kyi stobs	power of the exalted wisdom of a Buddha	
sangs rgyas kyi yon tan	Buddha-quality; the qualities of a Buddha	
sangs rgyas kyi yon tan phun sum tshogs pa dang ldan pa	having the marvellous qualities of a Buddha; having the perfection of	
sangs rgyas kyi yul	sphere of a Buddha; area of a Buddha; object of a Buddha	
sangs rgyas kyi zhing	Buddha-field; Buddha-land; Buddha field	
sangs rgyas kyis gdul ba	discipline of the Buddha; Buddhist discipline; disciplined by the	
sangs rgyas la bstod pa	praise the Buddha {T}	
sangs rgyas la gsol ba	ask the Buddha; entreat the Buddha	
sangs rgyas la gsol ba gdab pa	ask the Buddha; entreat the Buddha	
sangs rgyas la mchod pa'i mchog	supreme among offerings to the Buddha; supreme offering to the	
sangs rgyas mdzad	activity of a Buddha; Buddha-action; {T} deeds of a Buddha	
sangs rgyas med pa'i dus	time when there is no Buddha	
sangs rgyas mthong ba	Buddha-vision; vision of a Buddha	
sangs rgyas mtshan mi grags pa	not renowned as a Buddha	
sangs rgyas ni yod pa zhes kyang mi brjod	it does not say that Buddhahood exists {T}	
sangs rgyas nyid	Buddhahood	
sangs rgyas nyid du dbang bskur ba yin pa	is initiated into Buddhahood ? {T}	
sangs rgyas nyid du lung bstan pa bshad pa	give a prophecy of Buddhahood	
sangs rgyas nyid du zhugs pa yin pa	approacher to Buddhahood	
sangs rgyas nyid kyang thob par bya	(and also) will attain Buddhahood	
sangs rgyas nyid kyi thabs shes pa	knowledge of the methods of Buddhahood	
sangs rgyas nyid la 'jug pa'i thabs	method(s) of entering into Buddhahood	
sangs rgyas nyid la sems mnyam pa nyid	mental equanimity with respect to Buddhahood	
sangs rgyas nyid phun sum tshogs pa thob pa'i gegs su gyur pa	serve to obstruct the attainment of perfection of Buddhahood	
sangs rgyas pa	Buddhist	
sangs rgyas rgyal sras	child of the Conqueror Buddha	
sangs rgyas rjes su dran pa dang ldan pa	having the mindfulness of a Buddha	
sangs rgyas rnams 'byung ba	arising/appearance/occurence of Buddhas	
sangs rgyas rnams ... yul	sphere of Buddhas; place of Buddhas; object of Buddhas	
sangs rgyas rnams dang phrad pa	meet with Buddhas {T}	
sangs rgyas rnams phan tshun mdzad pa gcig pa nyid	mutual oneness of Buddhas	
sangs rgyas rnams sangs rgyas mchog rnams	supreme Buddhahood of Buddhas	
sangs rgyas sprul pa	emanations of Buddha(s)	
sangs rgyas sras	[Buddha-son]; Buddha-child; child of the Buddha; Bodhisattva; son of	
sangs rgyas sras rnams	[Buddha-sons]; Buddha-children; children of the Buddha	
sangs rgyas su 'gyur bar 'os pa	suitable to be(come) a Buddha {T}	
sangs rgyas ye shes	exalted wisdom of a Buddha	
sangs rgyas ye shes mchog tu rab byung	supremely wonderful exalted wisdom of a Buddha	
sangs rgyas yid la bya ba	mental contemplation of a Buddha; mental activity of a Buddha	
sangs rgyas yon tan	qualities of a Buddha; Buddha-qualities	
sangs rgyas yon tan phun sum tshogs pa dang ldan pa	endowed with the marvellous qualities of a Buddha; having the	
sar zhugs pa	enter into a level/ground; enter the ground	
sas	within the level; by the level/ground	
sas bsdus	included within the ground/level	
sba	to conceal	
sba ba	to conceal; concealment	
sbal pa	toad	
sbar	kindle	
sbas	see sbed | to hide | secret [past of sba, to conceal]	
sbas don	secret meaning; hidden meaning	
sbas pa	secret [past of sba, to conceal]	
sbe se kob	movie theatre	
sbed	to hide	
sbo	high	
sbom po	plump | gross contravention	
sbrag	connect; conjoin	
sbrag khang	post office	
sbrags	connect; conjoin	
sbrang bu	bees	
sbrang ma	black bee	
sbrang rtsi	honey | honey; sweetness	
sbrang rtsi'i ro	taste of honey	
sbro ba	delight	
sbrul	snake	
sbrul gdug pa	poisonous snake	
sbrul gyi mdud pa	snake-knot	
sbrul gyis gang bar	among snakes	
sbubs	inside; interior; tube	
sbyang	purify; wash; practice; train; cleanse; clean; purity; purification	
sbyang ba	purify; wash; practice; train; cleanse; clean; purity; purification	
sbyang bar bya ba	object/action of purification	
sbyang dka'	Difficult to Overcome	
sbyang dka' ba	Difficult to Overcome; Difficult to Overcome (fifth bodhisattva	
sbyangs	purify; wash; practice; train; cleanse; clean; purity; purification	
sbyangs 'bras	fruit of purification	
sbyangs pa	purification; wash; purify; practice; train; purified; cleansed; purifying	
sbyangs pa ma byas pa	not practiced purification	
sbyangs pa mkhyen pa'i yon tan	the quality of knowledge through training {GZ 66a.6}	
sbyar	see sbyor | to compare; to join | join; connect; affix; apply; prepare; establish; associate{BJ}; applied to	
sbyar ba	join; connect; affix; apply; prepare; establish; associate{BJ}; applied to	
sbyar ba; ldan pa	conjunction; association	
sbyar bar bgyi	join; connect; affix; apply; prepare; establish; associate; joined	
sbyar bar bya ba	should be joined/connected/etc. {T}	
sbyar bar smon lam 'debs pa	make wishes to join/connect ... ? {T}	
sbyar byung	manufactured{D1}	
sbyar byung gi dri	manufactured odor	
sbyar byung gi rtsa ba'i kha dog	manufactured primary color	
sbyin	to give, to confer | give; bestow; giving; gift; present; alms; donation	
sbyin bdag	benefactor {T}	
sbyin byed	giver; giving	
sbyin du med pa	not giving; not given	
sbyin la mngon dga' yin pa	manifest joy in giving	
sbyin la sogs pa sgrub pa	establish giving, etc.	
sbyin pa	verb: give; bestow; present noun: giving; gift; present; alms; donation	
sbyin pa brgyud pa	give continually	
sbyin pa la 'jug	engage in giving	
sbyin pa la brgyud pa	give continually	
sbyin pa la rjes su ston pa	teach giving {T}	
sbyin pa la sbyor ba	training/engaging in giving	
sbyin pa la sems mnyam pa nyid	equality of mind with respect to giving	
sbyin pa la sogs	giving, etc.	
sbyin pa la sogs pa la rjes su yi rang ba	joy of giving, etc.	
sbyin pa la sogs pa la sbyor ba yid la byed pa	mental contemplation of practicing giving, etc.	
sbyin pa la sogs pa ma byas pa	not perform giving, etc.	
sbyin pa la sogs pa'i don	object/meaning of giving, etc.	
sbyin pa la sogs pa'i yon tan la 'jug pa	engage in the qualities of giving, etc.	
sbyin pa las byung ba'i bsod nams	merit that arises from giving	
sbyin pa ni 'bras dang bcas te byin	bestow a gift together with the fruit [of giving] {T}	
sbyin pa po	giver; donor	
sbyin pa po brtse ba dang ldan pa	compassionate giver	
sbyin pa po dang sbyin par bya ba dang len pa po rnams su rnam par mi rtog pa	not conceiving of a giver, object given, or taker {T}	
sbyin pa po ni longs spyod mi 'dod	giver who does not desire resources	
sbyin pa yongs su sbyong ba	thorough purity of gifts/giving	
sbyin pa'i 'bras bu	fruit/effect of giving	
sbyin pa'i 'bras bu bde ba	happiness, the fruit of giving	
sbyin pa'i bde ba	happiness of giving	
sbyin pa'i bsam pa	thought of giving; generous thought	
sbyin pa'i dbang	power of giving	
sbyin pa'i pha rol tu phyin pa dang ldan pa	having the perfection of giving	
sbyin pa'i pha rol tu phyin pa la sogs pa	the perfections of giving, etc.	
sbyin pa'i pha rol tu phyin pa'i mthar gyis sbyor ba	serial training in the perfection of giving	
sbyin pa'i phan yon	advantage of giving	
sbyin pa'i phung po'i rnam par smin pa	mature the collection of giving	
sbyin pa'i sbyin pa	the giving of giving	
sbyin pa'i yon tan	qualities of giving	
sbyin par 'dun pa yid la byed pa	mental contemplation of the aspiration for giving	
sbyin par bgyid pa	give; giver	
sbyin par bgyid pa ma lags pa	not a giver; not give	
sbyin par bya ba	gift	
sbyin par byed	giving	
sbyin par byed pa	giving	
sbyin pas dga'ba	joy of giving; joy from giving	
sbyin pas longs spyod khrims kyis bde	from giving, resources; from ethics, a good transmigration	
sbyin rlabs	empowering blessing	
sbyin rnam kyi chen	great aspect of giving	
sbyin sreg	burnt offering	
sbyin sregs	burnt offering	
sbyod	[misspelling of spyod pa] practice	
sbyod lam	behavior	
sbyong	purify; wash; practice; train; cleanse; clean; purity; purification	
sbyong ba	purify; wash; practice; train; cleanse; clean; purity; purification	
sbyong bar byed	purify; wash; practice; train; cleanse; clean; purity; purification; one	
sbyong bar byed pa	purify; wash; practice; train; cleanse; clean; purity; purification; one	
sbyong byed	purifier; washer; practitioner; trainer; cleanser; cleaner; the means of...	
sbyongs	purify; wash; practice; train; cleanse; clean; purity; purification	
sbyongs 'bras	fruit of	
sbyor	to compare; to join | verb: join; connect; apply; affix; prepare; establish noun: application	
sbyor ba	verb: join; connect; apply; affix; prepare; establish; practice noun:	
sbyor ba byas nas	having performed the yoga	
sbyor ba dang ldan pa	endowed with application	
sbyor ba dang mthong ba dang sgom pa dang mthar thug pa'i lam	paths of preparation, seeing, and meditation, and final [i.e., no more	
sbyor ba la brten par 'gyur te	depend upon application/connection	
sbyor ba la ldem por dgongs pa	intending translation	
sbyor ba las byung ba'i brtson grus	effort arising from application	
sbyor ba las mi ldog pa nyid	non-reversal from application/preparation	
sbyor ba ma yin pa	non-application; non-preparation; non-connection	
sbyor ba med pa	non-application; non-preparation; non-connection	
sbyor ba mtha'i 'bras bu yid byed	mental contemplation that is the fruit of final training	
sbyor ba mtha'i yid byed	mental contemplation of final application	
sbyor ba pa	one who prepares; one who applies himself/herself	
sbyor ba rtsom ste	begin application/preparation	
sbyor ba'i brtson 'grus	effort in training	
sbyor ba'i gnas	place of training; topic in training	
sbyor ba'i mthar phyin par song ba	progress to completion of training	
sbyor ba'i sgo nas	from the viewpoint of application/preparation/training	
sbyor ba'i sgrib pa	obstructions to application/preparation/training	
sbyor ba'i skyon	faults/defects of training	
sbyor ba'i sngon du	prior to training	
sbyor ba'i thabs	method/technique of training	
sbyor ba'i yid la byed pa	mental contemplation of training/trainees	
sbyor bar byed	training; train; joining; connecting	
sbyor byed pa	training; train; joining; connecting	
sbyor byung gi dge ba	virtues arising from application in this life	
sbyor dngos mjug gsum	the three—preparation, actual [session], end [of session]	
sbyor lam	path of preparation	
sbyor lam bzod pa	forbearance level of the path of preparation	
sbyor mtha'i 'bras bu'i yid byed	mental contemplation that is the fruit of final training	
sbyor mtha'i yid byed	mental contemplation of final training	
sbyor tshul	mode/way of application	
sdang	hate; anger	
sdar ma	coward	
sde	class | (1) set; school; faction; sect{BJ 46.2} (2) continuative particle	
sde bdun	Dharmakīrti's Seven Treatises on Valid Cognition	
sde pa	school of thought; group; set; sectarian{BJ 50.6}	
sde snod	basket; scriptural collection	
sde snod gsum	the three baskets [sūtra, abhidharma, and vinaya]; three scriptural	
sde tshan	group; meaning unit	
sdeb	to join	
sdebs	to join	
sder rtse	plate	
sdig	sin; moral wrong-doing	
sdig byed	sin; cause to sin	
sdig pa	offence; sin | sin; moral wrong-doing; scorpion	
sdig pa byed pa	sinner	
sdig pa can	sinful	
sdig pa dang bral ba	free from sin	
sdig pa ni so sor bshags so	confession of sins individually {T}	
sdig pa'i grogs po	evil friend	
sdigs mdzub	index finger	
sdod	to wait; to stay, to live | to subsist; abide; stay; reside; sit; stop; dwell	
sdod lugs	mode of subsistence{BJ 55.4}; status; way of subsistence	
sdod pa	to subsist; abide; stay; reside; sit; stop; dwell	
sdom	to fetter | bind; tie; fasten; vow; obligation; bring together; collect	
sdom min	bad discipline	
sdom pa	vow | vow; bind; tie; fasten; obligation; bring together; collect; discipline	
sdom pa la gnas pa	abide in a vow; abide in restraint	
sdom pa'i rang bzhin	restrained nature; nature of restraint	
sdom pa'i sems	restrained mind	
sdom pa'i tshul khrims	ethics of restraint	
sdoms	bring together; collect; bind; tie; fasten vow; obligation	
sdoms pa	bring together; collect{BJ 33.5}; bind; tie; fasten vow; obligation	
sdoms rtags	combined reason	
sdong bu	tree trunk	
sdong po	tree trunk	
sdud	to collect; to gather | to collect; include; abridge	
sdud pa	collect; collection; include; inclusion; compendium	
sdud pa'i rgyu	cause of collection; cause of abridgement	
sdud par 'gyur ba	collect; include; abridge	
sdud par bgyid	collect; include; abridge	
sdud par mi bgyid	not collect; not include; non-abridged	
sdug	to be pretty, nice; misery; to be pained | dear; kind; beloved	
sdug bsngal	to be afflicted/pained; to suffer; misery, suffering, affliction | suffering; pain	
sdug bsngal 'bab pa	descent of suffering	
sdug bsngal 'byung ba	arising of suffering	
sdug bsngal 'jigs pa med	fearless with respect to suffering	
sdug bsngal ba	miserable{N}; suffering	
sdug bsngal bdag nyid	essence of suffering; suffering essence	
sdug bsngal bden pa	true sufferings; truth of suffering	
sdug bsngal byung ba	arising of suffering	
sdug bsngal bzod pa	forbearance with respect to suffering	
sdug bsngal chos bzod	forbearance with respect to the doctrine of suffering	
sdug bsngal chung ngu myong	experience little suffering	
sdug bsngal dag gis spa mi 'gong ba'i phyir	because of not being poisoned by suffering	
sdug bsngal dang bral ba	free from suffering	
sdug bsngal dang kun 'byung ba dang 'gog pa dang lam gyi bden pa	true suffering, arising, cessation, and path; the truths of suffering,	
sdug bsngal dang ni don	object of suffering; meaning of suffering	
sdug bsngal dang yid mi bde ba	miserable and unhappy in mind	
sdug bsngal dwang len gyi bzod pa	patience/forbearance/tolerance/endurance which is voluntary	
sdug bsngal gyi 'du shes	conception of suffering	
sdug bsngal gyi bden pa	true suffering; truth of suffering	
sdug bsngal gyi phung po chen po rab tu zhi ba	pacify the great aggregation of suffering	
sdug bsngal gyi rnam pa bsgom pa	meditation on the aspects of suffering	
sdug bsngal gyi sdug bsngal	suffering of misery	
sdug bsngal gyi sdug bsngal nyid las grol ba	liberation from the suffering of suffering	
sdug bsngal gyis 'jigs pa dgag pa	eliminate the fear of suffering	
sdug bsngal gyur ba	miserable; suffering	
sdug bsngal khas len pa	assert suffering	
sdug bsngal las rnam par grol ba	completely liberated from suffering	
sdug bsngal ma yin bde ba yang ma yin	neither pleasure nor suffering; neutral feeling	
sdug bsngal mang ba	much suffering	
sdug bsngal mang po	much suffering	
sdug bsngal mi rtog pa	not impute suffering	
sdug bsngal mthar bya ba	bring suffering to an end (?)	
sdug bsngal mthong	view suffering	
sdug bsngal mtshungs pa nyid	sameness of suffering	
sdug bsngal myong	experience suffering	
sdug bsngal nyid gsum	three sufferings	
sdug bsngal rab tu zhi ba	thoroughly pacify suffering	
sdug bsngal rang bzhin	nature of suffering; natural suffering	
sdug bsngal rtog pa	conceive of suffering	
sdug bsngal sel ba	eliminate/eradicate/remove/clear away/avoid/exclude suffering	
sdug bsngal sel pa	eliminate/eradicate/remove/clear away/avoid/exclude suffering	
sdug bsngal skye ba	arising of suffering	
sdug bsngal zad par 'dod pa	desire the extinction of suffering	
sdug mad	a truly miserable person	
sdug mi bsngal ba	non-suffering; not suffering	
sdug pa	dear | attractive; nice; beautiful	
sdug pa dang mi sdug pa	beauty and ugliness	
sdug pa'i 'bras bu 'dod pa	desire an attractive result/fruit	
sdug po	misery	
sdug sran	hardiness	
sdus	to collect; include; abridge	
sdus bsngal	suffering	
se	nugget	
se 'bras dga' gsum	Se-ra, Dre-bung, and Gan-den, the three monastic universities of Hlasa	
se 'u	pomegranate	
se gol	snapping one's fingers | finger snap	
se gol brdabs	snap the fingers	
se gol gtogs	snap the fingers	
se ra smad	M#ay College of S#e-ra Monastic University	
se rwa	"S#e-ra (""""Rain of Hail"""")"	
sel	clear away; remove; throw off; eliminate; avoid; exclude	
sel 'jug	eliminative engager	
sel 'jug gi blo	awareness that is an eliminative engager; mind of partial engagement	
sel 'jug gi gang zag	person who is an eliminative engager	
sel 'jug gi sgra	sound that is an eliminative engager	
sel ba	to clean away | exclusion [=gzhan sel]; clear away; remove; throw off; eliminate	
sel bar byed	clear away; remove; throw off; eliminate; exclude; avoid	
sel byed	clearer away	
sel mi nus pa	not able to remove/eliminate/eradicate/clear away/avoid/exclude	
sel tshul	mode of avoidance/elimination/removal/eradication/exclusion/clearing	
sems	to think (about/of); mind; thought; heart | verb: think [in the sense of have an opinion]; contemplate; noun: mind	
sems 'byung ba	mental factor; arising of mind; mental arising	
sems 'di	this mind; this thought	
sems 'di bzang ba min snyam	"(thinking), this thought is not good"""""""""	
sems 'grel skor gsum	three cycles of Bodhisattva commentaries	
sems 'jog go	setting the mind	
sems 'jog pa	setting the mind	
sems 'jog par byed do	setting the mind	
sems 'khrug pa	disturbed mind; mental disturbance; angry mind	
sems 'khrugs par 'gyur ro	disturbed mind; mental disturbance; angry mind; become/be mentally	
sems 'khrul ba	mistaken mind	
sems 'khrul med	non-mistaken mind	
sems 'od gsal ba'i phyir	(due to) the clear light of mind	
sems 'phro ba med pa'i phyir	because there is not a scattered mind {T}	
sems bskyed	[mind-generate]; (altruistic) mind-generation; generation of the	
sems bskyed ma thag tu chos kyi 'khor lo bskor ba	Turn the Wheel of Doctrine Immediately after Mind-Generation	
sems bskyed pa	[mind-generate]; (altruistic) mind-generation; generation of the	
sems bskyed pa bsngags pa	praise (altruistic) mind-generation	
sems bskyed pa dang po	first (altruistic) mind-generation	
sems bskyed pa la gnas pa	abiding in (altruistic) mind-generation	
sems bskyed pa rnam par gtan la dbab pa	settle [altruistic] mind-generation	
sems bskyed pa yang dag par 'grub pa	thoroughly established (altruistic) mind-generation	
sems bskyed pa'i dus	time of (altruistic) mind-generation	
sems bskyed pa'i mtshan nyid	character of (altruistic) mind-generation	
sems bskyed pa'i skabs	occasion of (altruistic) mind-generation	
sems bskyed par bgyid pa	generate an attitude; generate the altruistic intention [to become	
sems btang snyoms su byed pa	mental equanimity	
sems byed	think of; thought of	
sems byung	mental factor	
sems byung dge ba	virtuous mental factor	
sems byung gzhan 'gyur	changeable mental factor; determining mental factor	
sems byung kun 'gro	omnipresent mental factor	
sems byung yul nges	determining mental factor	
sems can	living/sentient being | [mind-having]; sentient being; animals	
sems can 'jig rten	worldly realm of sentient beings	
sems can bdag dang mtshungs	concordant with the self of sentient beings	
sems can bsod nams byed pa	sentient beings who produce merit; merit-making sentient beings {T}	
sems can ched du	for the sake of sentient beings {T}	
sems can chen po	Sems-chan-chen-po	
sems can dag ni tshad med pa yongs su smin par byed pa	thoroughly mature/ripen countless sentient beings	
sems can dag pa	pure sentient being	
sems can dag yongs su smin par byed do	thoroughly ripen/mature sentient beings	
sems can dam pa	excellent sentient being(s)	
sems can dang rang gi sangs rgyas kyi chos yongs su smin pa	thoroughly mature/ripen the qualities of sentient beings and Buddhas	
sems can dang sems can ma yin pas byas pa'i sdug bsngal	the suffering made by sentient beings and non-sentient beings	
sems can dbul po	poor sentient being	
sems can dman pa	inferior being	
sems can dmyal ba	hell-being; hells	
sems can dmyal ba pa ma yin pa	non-hell-being	
sems can dmyal ba'i sems can	hell-beings	
sems can dmyal ba'i srung ma	hell-guardians	
sems can don	welfare/purpose(s) of sentient beings	
sems can don byed pa'i tshul khrims	ethics which works for the welfare/purpose(s) of sentient beings	
sems can don byed par smon pa	wish to work for the sake of sentient beings {T}	
sems can don la shin tu brtson	extreme exertion for the welfare of sentient beings {T}	
sems can don ni sgrub pa	establish the welfare/purpose(s) of sentient beings	
sems can don sgrub	establish the welfare/purpose(s) of sentient beings	
sems can du gdags pa	imputation as a sentient being; imputed as a sentient being	
sems can gcig bde	happiness of one being	
sems can gdul ba	discipline sentient beings; discipline of sentient beings	
sems can gnod par byed pa dag gis mi 'khrugs pa	undisturbed by the injuries inflicted [by other] sentient beings {T}	
sems can gyi bdag po	lord of sentient beings; sovereignty over sentient beings	
sems can gyi bya ba dag la sems mnyam pa nyid	mental equality with respect to the deeds of sentient beings	
sems can gyi don	welfare/purpose(s) of sentient beings	
sems can gyi don la bag med pa	non-conscientiousness with respect to the welfare/purpose(s) of	
sems can gyi don la sems pa	think of the welfare/purpose(s) of sentient beings	
sems can gyi don la zhugs pa	engage in the welfare of sentient beings {T}	
sems can gyi don rnam pa bzhi po	four types of welfare/purpose(s) of sentient beings	
sems can gyi dus na	at the time of a sentient being{BJ 37.5}	
sems can gyi gnas	abode of a sentient being	
sems can gyi log par sgrub pa	mistaken establishment of sentient beings	
sems can gyi lus la sogs pa	bodies, etc. of sentient beings	
sems can gyi nyes pa	fault of sentient beings {T}	
sems can gyi phung po	group of sentient beings	
sems can gyi ris	lineage of sentient beings	
sems can gyis	by sentient beings; of sentient beings	
sems can gzhan la byams 'dod	desirous love for other sentient beings {T}	
sems can khams	realm of sentient beings	
sems can kun gyi bya ba	activity of all sentient beings {T}	
sems can kun tu 'gro ba'i don	omnipresent welfare/purposes of sentient beings	
sems can kyi khams	realm of sentient beings	
sems can kyi mchog nyid	greatness of sentient beings	
sems can la brtse ba	compassion toward sentient beings	
sems can la dmigs pa	object of observation for sentient beings	
sems can la dmigs pa'i snying rje	compassion observing sentient beings	
sems can la mnyam pa nyid kyi ye shes	exalted wisdom of sameness toward sentient beings	
sems can la phan par byed pa'i rgyu yin pa	being a cause of helping/benefiting sentient beings	
sems can la ston pa'i sgra	sound which indicates meaning to a sentient being	
sems can log par sgrub pa	wrongly establish sentient beings	
sems can ma yin pa	non sentient being; not a sentient being	
sems can ma yin pas byas pa'i sdug bsngal	suffering made by non sentient beings	
sems can mchog	supreme sentient being; highest sentient being	
sems can mchog tu gyur	is the highest sentient being {T}	
sems can med pa	non sentient being; not a sentient being; no sentient being; {T} sentient	
sems can med pa'i phyir	because there is not a sentient being; because there are no sentient	
sems can mi 'tshe	non-harmfulness toward sentient beings	
sems can mi gtong ba	not giving up on sentient beings	
sems can mnyam pa nyid	sameness of sentient beings	
sems can ngan pa	bad sentient being(s)	
sems can ngo bo nyid ma mchis pa dang skye ba ma mchis pa'i rang bzhin can	sentient beings having the nature of non-nature and non-production	
sems can ni smin par byed pa 'grub par 'gyur	serves to ripen/mature sentient beings	
sems can phan 'dogs dga'	delight in the benefit of sentient beings	
sems can phan byed don chen	the great purpose that helps sentient beings {T}	
sems can phan par sems	thinking to help a sentient being/sentient beings {T}	
sems can rab 'dul	discipline sentient beings; discipline of sentient beings	
sems can rab tu smin pa	thorough ripening of sentient beings; thoroughly ripen/mature sentient	
sems can rjes 'jug	follower of sentient beings {T}	
sems can rnam grol mdzad	liberate sentient beings {T}	
sems can rnam smin byed	ripen/mature sentient beings; one who ripens/matures sentient beings	
sems can rnams 'joms	abandon sentient beings; {T} destroy/suppress sentient beings ?	
sems can rnams gyi las kyi khyad par gyis	due to the differences of sentient beings' karmas	
sems can rnams kyi don du gnas	establish the welfare of sentient beings	
sems can rnams la mos pa ji lta ba bzhin du	according to the beliefs in sentient beings	
sems can rnams la sems mnyam pa nyid	mental equality with respect to sentient beings	
sems can rnams yongs smin par byed	thoroughly ripen/mature sentient beings	
sems can rnams yongs su smin par bya ba	object of thoroughly ripening sentient beings; will thoroughly	
sems can sangs rgyas kyi rigs can	sentient beings having the Buddha-lineage	
sems can sdig pa byed pa	evil-doing sentient being	
sems can sdug bsngal	suffering of sentient beings; suffering sentient beings	
sems can smin par byed pa	ripen/mature sentient beings	
sems can thams cad las mngon par 'phags pa	manifestly superior to all sentient beings	
sems can thams cad sangs rgyas kyi tshe	the time when all sentient beings will have become Buddhas	
sems can the tshom shin tu sel ba	thoroughly eliminate/eradicate/remove/clear away/avoid/exclude the	
sems can tsam la dmigs pa'i byams pa	love observing mere sentient beings	
sems can tshad med pa	innumerable sentient beings; countless sentient beings	
sems can tshogs	accumulation of sentient beings; group of sentient beings	
sems can yang du ma zhig la bde bar 'gyur	there is also happiness for many sentient beings {T}	
sems can yongs smin byed	thoroughly ripen/mature sentient beings	
sems can yongs su 'dzin pa	apprehend sentient beings	
sems can yongs su bzung ba	apprehend sentient beings	
sems can yongs su gtong	abandon sentient beings; one who abandons sentient beings	
sems can yongs su mi gtong ba'i che ba nyid	greatness of not abandoning sentient beings	
sems can yongs su sbyong ba	thoroughly purify/train sentient beings	
sems can yongs su smin pa	thoroughly ripen/mature sentient beings	
sems can yongs su smin par bya ba	object of thoroughly ripening of sentient beings; will thoroughly	
sems can yongs su smin par byed	thoroughly ripen/mature sentient beings	
sems can yongs su smin par byed pa	thoroughly ripen/mature sentient beings	
sems chung	timid	
sems dad pa gcig tsam	one mere thought of faith	
sems dang bsam pa rnam par dag pa mnyam pa nyid	sameness of purity of mind and thought	
sems dang bsam pa rnam par dag pa mnyam pa nyid bcu	ten samenesses of purity of mind and thought	
sems dang ldan pa ma yin pa'i chos	phenomenon without a mind; {T} non-sentient phenomenon	
sems dang ldan pa su zhig smra	who with a mind would propound ...?{BJ 13.4}	
sems dang po bskyed pa yin	(is the) first (altruistic) mind-generation	
sems dang po gnas pa	(one who is) abiding in the first (altruistic) mind (generation)	
sems dang sems byung khams gsum pa	three realms of mind and mental factors	
sems dang sems byung rnams	mind and mental factors	
sems dang sems las byung ba	mind and mental factors	
sems dang sems las byung ba rnams ... bcings so	bound by mind and mental factors	
sems dang shes rab rnam par grol ba	liberation of thought and wisdom	
sems dang spyod pa	thoughts and activities	
sems dang ye shes	mind and exalted wisdom	
sems dang yid dang rnam par shes pa rtogs pa	realize thought, mind, and consciousness	
sems dben	mental isolation; isolation of mind	
sems dga' bar byed pa	make mental happiness; make the mind happy	
sems dge ba	virtuous mind	
sems dge ba gcig	one virtuous mind	
sems dge ba la yang dag par sbyor ba	thoroughly apply the mind to virtue	
sems dpa'	being	
sems dpa' che	great being	
sems dpa' chen po	great being	
sems dpa'i skyil krung; sems dpa'i skyil mo krung	the cross-legged Bodhisattva posture [the half-lotus posture, with the	
sems dpa'i skyil mo krung	the cross-legged Bodhisattva posture [the half-lotus posture, with the	
sems dran pa nye bar bzhag pa	establishment in mindfulness of mind	
sems drug	six minds	
sems dul ba	mental discipline; disciplined mind	
sems gnas	mental abiding	
sems gnas dgu	nine mental abidings	
sems gnas pa	mental abiding	
sems gnas pa rnam pa dgu	nine mental abidings	
sems gnas skabs	mental state	
sems grol	mental liberation; liberated mind	
sems gso	consolation	
sems khong khro ba med pa	non-angry mind; mind without anger	
sems khros	belligerent mind; angry mind	
sems kun gnas pa	thoroughly abiding mind	
sems kun nyon mongs	thoroughly afflicted mind	
sems kyang med pa nyid	(and) mind is non-existent; non-existence of mind	
sems kyi	mental; of the mind; which thinks	
sems kyi chos nyid	natural state of mind	
sems kyi dbang	mental power	
sems kyi dbyings la gnas pa	abiding in the realm of mind	
sems kyi dmigs pa	object of observation of mind; mental object of observation	
sems kyi mchog	supreme mind; highest mind	
sems kyi nad	mental illness	
sems kyi rgyud	mental continuum	
sems kyi rgyun	mental continuum/stream	
sems kyi rgyun ma chad cing ma bral bar	uninterrupted mental continuum and not devoid of a mental continuum	
sems kyi rjes su 'jug pa	mental engagement; enter into mind; engage in thinking	
sems kyi rnal 'byor	mental yoga	
sems kyi rnam grangs mngon par shes pa	manifestly cognize mental enumerations; clairvoyance with respect to	
sems kyi rnam grangs shes pa	cognition of mental enumerations	
sems kyi rnam pa	mental aspect; aspect of mind	
sems kyi rnam rtog spyod pa	engage in mental conceptuality; practice mental conceptuality	
sems kyi sdug bsngal	mental suffering	
sems kyi skad cig	moment of mind; consciousness-moment	
sems kyi skad cig ma gcig dang ldan pa	having one moment of mind	
sems kyi snang cha	appearance factor of the mind	
sems kyi spyod pa	mental practices	
sems kyi spyod pa dang g.yo rnams	mental practices and fluctuations	
sems kyi spyod pa mkhyen par mdzad	exalted knower of mental practices	
sems kyi ting 'dzin	mental meditative stabilization	
sems kyi yongs su rtog pa sems	mental conceptuality	
sems kyi zas	food of intention; mental sustenance	
sems kyis 'dren	induced by the mind	
sems kyis byed pa	done by the mind; mind-made	
sems kyis rtogs par bya ba	object of realization by mind; mental object of realization	
sems kyis zin pa	conjoined with consciousness	
sems la dbang	mental power	
sems la gdung ba	mental torment	
sems la gnod par byed	harm the mind; harmful mind	
sems la sgrib pa	mental obstructions	
sems la sgrib pa med	without mental obstructions	
sems la zang zing med pa yin	unconfused mind	
sems las byung	mental factor; arisen from mind	
sems las byung ba	mental factor; arisen from mind	
sems las byung ba'i chos	phenomena that are mental factors	
sems las su rung ba	suitable as mental action/karma	
sems ma 'khrul ba	non-mistaken mind; non-mistaken thought	
sems ma dad pa	non-faithful mind	
sems mchis	having a mind; sentient	
sems med	non-thought; no mind; without mind	 [Hopkins]: non-thought; without mind
sems med pa	non-thought; no mind; without mind	
sems med par gnas pa	abide in non-thought	
sems mi ldog pa	non-reversed mind	
sems mi phyed pa	undifferentiated mind; undivided mind ?? {T}	
sems mnyam nyid	sameness of mind; mental sameness	
sems mnyam pa	sameness of mind; mental sameness	
sems mnyam pa nyid	sameness of mind; mental sameness	
sems mnyam par 'jog go	setting in mental sameness	
sems mnyam par 'jog pa	setting in mental sameness	
sems mnyam par gzhag pa	mental meditative equipoise	
sems mnyam par ma bzhag pa	non mental meditative equipoise	
sems mnyam rnyed pa	attain mental sameness	
sems na	if one thinks; when one thinks	
sems na ... bdag po yin	lord of mind; mental sovereignty	
sems nang	internal thought/mind	
sems ni bskyed pa	generate a mind; generate the altruistic intention to become enlightened	
sems ni nang du gnas pa	abide within mind	
sems ni skad cig ma	moment of mind/thought	
sems ni yongs su skyo ba	thorough mental aversion	
sems nyid	mind; mental	
sems pa	intention; [the mental factor of] intention; intentionality	
sems pa 'dun dang bcas pa	an intention with aspiration {T}	
sems pa dang yid la byed pa	intention and mental activity	
sems pa'i zas	the food of intention{LWT 99}	
sems phyin ci log tu gyur pa	mistaken mind; which is a mistaken mind	
sems rab tu 'dzin pa	mental apprehension	
sems rab tu nye bar bzhag pa	mental establishment	
sems rgod pa	mental excitement; mental distraction; excited/distracted mind	
sems rgya che ba'i phyir	due to great mental vastness; because of a very vast mind	
sems rgya chung ba	slightly vast mind	
sems rgyud	mental continuum	
sems rnam par 'khrugs pa	mental distraction; mental anger; {T} disturbed mind	
sems rnam par g.yeng ba	mental distraction; wander mentally	
sems rnam par g.yengs pa	mental distraction; wander mentally	
sems rnam par g.yong ba	mental distraction; wander mentally	
sems rten	mental basis	
sems sems byung dang ldan par ma yin pa'i 'du byed	compositional factor not associated with mind or mental factors	
sems shing	thinking; having thought	
sems skyo	mental aversion	
sems snyoms	sameness of mind; mental sameness	
sems stobs zhan pa	mind of little power; inferior being	
sems te	think; thinking	
sems tsam	Mind Only School; Mind-Only School	
sems tsam pa	Proponent of Mind Only	
sems tsam po	mind-only	
sems tshim pa	pleasing thought {T}	
sems tshim par byas pa	satisfied mind; to satify the mind {T}	
sems yang dag par gnas pa	mental abiding	
sems yang dag par rab tu 'jog pa	setting the mind	
sems yongs su bsngo ba	mental dedication	
sems yongs su skyo ba	mental aversion	
sems zhum pa	mental slackness/discouragement/weakness/timidness/cowardliness	
sen mo	nail	
seng	to raise; to cleanse; lion [abbreviation of seng ge]	
seng ge	lion	
seng ge chen po'i rnam par bsgyings pa	sport of a great lion	
seng ge'i 'dra	lion-like; lion	
seng ge'i na ro chen po	the great lion roar	
seng ge'i sgra	lion's roar; sound of a lion	
seng sang se	thin	
ser ga	crack, fissure	
ser po	yellow	
ser po nyid	yellowness	
ser skya	Kapila	
ser sna	miserliness	
ser sna byed pa	miserly; miserliness	
ser sna can	miserly; having miserliness	
ser sna med	non-miserliness	
ser sna med pa	non-miserliness	
ser sna mngon gyur skyai ba'i go skabs	the chance to generate manifest miserliness{PGP 86}	
ser sna nyid	miserliness	
ser sna'i kun sbyor	thorough enwrapment of miserliness	
ser sna'i kun tu sbyor ba	thorough enwrapment of miserliness	
ser sna'i sems	miserly mind	
sga	ginger	
sga skya	ginger	
sga smug	ginger; brown ginger	
sgang la	on top (of)	
sge'u khung	window	
sgeg mo	[Vajra]lāsyā, offering goddess of dance	
sgeg mo ma	[Vajra]lāsyā, offering goddess of dance	
sgeg pa'i rdo rja	Vilāsavajra/ Līlāvajra	
sgeg rdor	Vilāsavajra/ Līlāvajra	
sgo	door; to say | door; approach; mode; gate; infuse; deposit; order | the door of liberation that is concordant with the truths and the	
sgo ba	infuse; deposit; order	
sgo khyi	door-guarding dog	
sgo mang	"many doors; Go-mang (""""Many Doors"""") College [of Dre-b#ung"	
sgo mang grwa tshang	Go-mang College [of Dre-b#ung Monastic University]	
sgo nas	due to; by means of | [door-from]; from the point of view; from the viewpoint; from the	
sgo nga	egg; gonad	
sgo nga nas skye ba	[egg-from-born]; egg-born [i.e. bird]	
sgo nga phyed tshal pa	Half-Eggists; Half-Eggist School	
sgog skya	white garlic	
sgog sngon	blue garlic	
sgom	to meditate | meditate; meditation; cultivate; cultivation | analytical meditation	
sgom bya	object of meditation	
sgom bya gtso bo	principal object of meditation	
sgom byung	arisen from meditation; [experience] arisen from meditation	
sgom byung gi rtogs pa	realization which is a state arisen from meditation	
sgom byung gi shes rab	wisdom arisen from meditation	
sgom lam	path of meditation	
sgom lam pa'i mkhyen pa	exalted knower of one on the path of meditation	
sgom pa	meditate; meditation; cultivate; cultivation	
sgom pa bgyid	meditate; meditation; cultivate; cultivation; cause to meditate/cultivate	
sgom pa med	not cultivated/meditated; non-cultivation/meditation	
sgom pa zhes bya ba	meditation	
sgom pa'i rim pa	[Kamalaśīla's] Stages of Meditation (bhāvanā-krama) [P5310-5312,	
sgom rim	[Kamalaśīla's] Stages of Meditation (bhāvanā-krama) [P5310-5312,	
sgom rim bar pa	the middle [or second] of [Kamalaśīla's] three works on the Stages of	
sgom rim dang po	the first of [Kamalaśīla's] three works on the Stages of Meditation	
sgom rim tha ma	the final [or third] of [Kamalaśīla's] three works on the Stages of	
sgom spang	object of abandonment by a path of meditation	
sgom spang bden 'dzin	conception of true existence which is abandoned by the path of	
sgoms	meditate; meditation; cultivate; cultivation	
sgoms pa'i ye shes kyi rig ma	meditated wisdom knowledge woman	
sgos	infuse; deposit; order; private; especially; particularly	
sgos chos	private phenomena	
sgra	voice | sound; term; roar	
sgra 'dzin dbang mngon	sense direct perception apprehending sound	
sgra 'jug	usage of a term; affix a term	
sgra brnyan	echo	
sgra bshad	etymology	
sgra byung grags pa	terminological suitability to call any object by any name	
sgra chen po	Sgra-chen-po	
sgra dbyangs	melody; melodious	
sgra dog 'jug	strict usage of a term	
sgra don	meaning of a term; term and meaning	
sgra don 'dres rung du 'dzin pa	apprehending sound and meaning [generalities] as suitable to be	
sgra don 'dres rung du 'dzin pa'i zhen rig	determinative knower that apprehends a sound [generality] and a	
sgra don 'dres rung du 'dzin pa'i zhen rig dang bral ba	free from being a determinative knower that apprehends a sound	
sgra don 'dres rung du 'dzin pa'i zhen rig dang bral ba'i rig pa	awareness free from being a determinative knower that apprehends a	
sgra gcan	"Rāhu [in Indian astronomy, the name of a """"planet""""]"	
sgra gnas kyi bsam gtan	concentration of abiding in sound	
sgra ji bzhin	literal; literally; literal meaning	
sgra ji bzhin du	literal; literally	
sgra ji bzhin gyi don gyi rjes su 'brangs nas	following the literal meaning	
sgra ji bzhin pa	literal	
sgra ji bzhin pa min par bshad pa	set forth non-literally	
sgra ji bzhin par zhen pa	adhering to...as literal	
sgra med	without a sound; without terms/words	
sgra mi rtag ces pa'i ngag tsam la brten nas sgra mi rtag par 'dzin pa'i blo	awareness apprehending sound as impermanent in dependence upon	
sgra mi rtag gam snyam pa'i the tshom	"a doubting consciousness that thinks, """"Is sound impermanent?"""" [or,"	
sgra mi rtag pa	impermanent sound; sound [is] impermanent; impermanence of sound	
sgra mi rtag par sgrub pa'i rtags	sign/reason proving that sound is impermanent	
sgra mi rtag rtogs kyi rjes dpag	inference realizing that sound is impermanent	
sgra mi rtag rtogs kyi rjes dpag skad gcig gnyis pa	second moment of an inference realizing that sound is impermanent	
sgra mi snyan	unpleasant sound; Kurava	
sgra mi snyan gyi zla	Kaurava	
sgra mthar thar pa	liberation at the end of sound	
sgra mthar thar pa ster ba'i bsam gtan	concentration bestowing liberation at the end of sound	
sgra rig pa	science of grammar; science of grammar and philology	
sgra rtag 'dzin rtog pa	conceptual conciousness apprehending sound as permanent	
sgra rtag gam mi rtag snyam pa'i the tshom	"A doubting consciousness that thinks, """"Is sound permanent or"	
sgra rtag gam snyam pa'i the tshom	"a doubting consciousness that thinks, """"Is sound permanent?"""" [or,"	
sgra rtog gis btags pa tsam yin gyi rang mtshan du ma grub pa'i chos	a phenomenon that is merely impued by terms or thought and is not	
sgra rtog gis btags tsam ma yin par rang gi mtshan nyid gyis grub pa'i chos	phenomenon which, not merely imputed by terms or thought, is	
sgra sgrogs pa	proclaim; call out; roar	
sgra sgrogs par	proclaim; call out; roar	
sgra snyan	pleasant sound	
sgra spyi	term-generality; sound-generality	
sgra spyi kho na 'dzin pa'i rtog pa	conceptual consciousness that only apprehends a meaning generality	
sgra'i 'jug gzhi	referent of a term; basis of engagement of a term	
sgra'i brjod bya	object expressed/verbalized by a term	
sgra'i gzhan sel	verbal other-exclusion	
sgra'i gzhi	basis of a term	
sgra'i khams	sound-constituent	
sgra'i lha	sound deity	
sgra'i mi rtag pa	impermanence of sound	
sgra'i shugs	force of a term/word	
sgra'i skye mched	sound sense-sphere	
sgra'i snyan pa	melodious; well-sounding	
sgra'i yul ma yin	not an object of a term	
sgras brjod pa tsam	merely expressed/verbalized by a term	
sgras brjod rigs kyi sgo nas dbye ba	terminological division	
sgras zin	literal reading; literality	
sgras zin ltar na	if taken literally	
sgras zin sogs kyis gsal bar mtshon pa	clearly characterized/make known by the literal term and so forth	
sgreng	raise	
sgrengs	raise	
sgrib	obstruct; defile; obstruction; defilement	
sgrib byed	obstructor; that which obstructs	
sgrib gnyis zad par spangs pa'i mthar thug gi mkhyen pa	final exalted knower that involves a state of having exhaustively	
sgrib pa	obstruction, defilement	
sgrib pa brgyad kyi gnyen po	antidote to the eight obstructions	
sgrib pa gnyis	the two obstructions [namely, afflictive obstructions and obstructions	
sgrib pa las nges par grol ba	definite release from obstructions	
sgrib pa las thar pa	liberation from obstructions	
sgrib pa med	unobstructed; undefiled	
sgrib pa med pa	unobstructed; undefiled	
sgrib pa nang na yod pa	those whose obstruction is internal	
sgrib pa nang na yod pa'i yi dwags	hungry ghost having internal obstructions	
sgrib pa nyon mongs	afflictive obstructions; obstructions to liberation	
sgrib pa phra	subtle obstruction	
sgrib pa phyi na yod pa	those whose obstruction is external	
sgrib pa phyi na yod pa'i yi dwags	hungry ghost having external obstructions	
sgrib pa phyi nang gnyis ka yod pa	those whose obstructions are both external and internal	
sgrib pa phyi nang gnyis ka yod pa'i yi dwags	hungry ghost having both external and internal obstructions	
sgrib pa sbyang ba	purify obstructions	
sgribs	obstruction; defilement; obstruct; defile	
sgrig	to arrange	
sgrim ste 'jug pa	forcibly engaging; forcible engagement	
sgrin	competition	
sgro 'dogs	superimposition; exaggeration; reification; overestimation; that which	
sgro 'dogs pa dang skur pa 'debs pa	superimposition and depreciation	
sgro ba	debate; discuss	
sgro btags	superimposed; reified; exaggerated; superimposition; reification	
sgro btags kyi cha gzhan bkag nas	having refuted other superimposed factors	
sgro btags pa	superimposed; exaggerated; reified	
sgro ma brtags pa'i yul	non-reified object	
sgro skur	superimposition and depreciation	
sgrog	to promulgate | proclaim; declare; shout forth	
sgrog bzhin	constant/continuing reverberation	
sgrogs	to proclaim; declare; shout forth	
sgrogs pa	proclaim; declare; shout forth	
sgrogs par byed	proclaim; declare; shout forth	
sgrol	to rescue | liberate; save; free; release	
sgrol ba	liberate; save; free; release	
sgrol ma	Sgrol-ma (Skt. Tara) | Tārā; liberatrix	
sgrol mdzad	liberate; save; free; release; untie; one who	
sgrold	liberate; save; free; release	
sgrom	box, chest	
sgron gsal	[Candrakīrti's] Brilliant Lamp: Extensive Commentary [on the	
sgron ma	lamp; light	
sgron ma gsal bar byed pa zhes bya ba'i rgya cher bshad pa	[Candrakīrti's] Brilliant Lamp: Extensive Commentary [on the	
sgron me	lamp; light	
sgrub	to complete, to accomplish, to achieve | achieve; attain; accomplish; prove; complete; practice	
sgrub 'jug	collective/complete/holistic/full engagement/engager	
sgrub 'jug gi blo	awareness that is a collective/complete/holistic engager	
sgrub 'jug gi gang zag	person who is a collective/complete/holistic engager	
sgrub bya'i chos	predicate of the probandum; predicate being proven	
sgrub byed	proof; establish; establisher	
sgrub byed 'phen pa'i thal 'gyur yang dag	correct consequence which implies a proof check Med for five types??	
sgrub byed med pa'i dam bca' tsam du zad	exhausted as a mere thesis lacking a proof	
sgrub byed mi 'phen pa'i thal 'gyur yang dag	correct consequence which does not imply a proof check Med for five	
sgrub byed yang dag	correct proof	
sgrub ngag	proof statement; statement of proof	
sgrub ngag yang dag	correct proof statement	
sgrub pa	positive phenomenon; achievement; achieving; proof; positive	
sgrub pa bla na med pa	highest/unsurpassed achievement/accomplishment	
sgrub pa chen po nyid	greatness of achievement	
sgrub pa don dam	practice-ultimate [i.e., exalted wisdom of meditative equipoise (mnyam	
sgrub pa phun sum tshogs pa dang ldan pa	possesses/endowed with the marvel of achievement/accomplishment	
sgrub pa po	achiever; practitioner; accomplisher	
sgrub pa'i che ba nyid	greatness of achievement/accomplishment	
sgrub pa'i chos	doctrine of practice; practice; positive phenomenon	
sgrub pa'i khyad par	feature of achievement/accomplishment	
sgrub pa'i mtshan nyid	characteristic/definition/qualifications of achievement/accomplishment	
sgrub par 'gyur ro	prove; achieve; accomplish; establish	
sgrub par bgyid	prove; achieve; accomplish; establish	
sgrub par byed	prove; achieve; accomplish; establish; cause to prove; achieve	
sgrub par byed pa	proof; probans; establish; prove; achieve; accomplish; establish; cause	
sgrub par dka'	difficult to achieve	
sgrub par gyur pa'i ldog pa rigs gcig pa	positive phenomena which are the same isolate type	
sgrub par mdzad	prove; achieve; accomplish; establish; cause to prove; achieve	
sgrub rtags yang dag	correct sign of a positive phenomenon	
sgrub thabs	means of achievement	
sgrub tshul	mode of proof	
sgrubs	achieve; attain; accomplish; prove; complete	
sgyid lugs pa'i le lo	laziness of inadequacy/non-affinity/losing affinity	
sgyu	deceit; magic; illusion	
sgyu 'phrul	magical emanation; illusory emanation	
sgyu 'phrul dra ba	magical emanation net; illusory emanation net	
sgyu 'phrul drwa ba	magical emanation net; illusory emanation net	
sgyu lus	illusory body	
sgyu ma	magician's illusion; illusion [especially those created by magicians]	
sgyu ma 'drar	illusion-like; illusory	
sgyu ma bzhin du	like a magician's illusion	
sgyu ma dang sprul pa lta bu	like an illusion and emanation	
sgyu ma lha mdzes	Sgyu-ma Lha-mdzes (= Skt. māyā)	
sgyu ma lta bu	illusion-like; like a magician's illusion	
sgyu ma lta bu gnyis su med par smra ba	Proponent of Illusory-Like Non-Dualism	
sgyu ma lta bu'i snang ba	appearance that is like an illusion; illusion-like appearance	
sgyu ma lta bu'i ting nge 'dzin	illusion-like meditative stabilization	
sgyu ma lta bur	illusion-like; like a magician's illusion; illusory	
sgyu ma ltar	illusion-like; like a magician's illusion; illusory	
sgyu ma mkhan	magician	
sgyu ma mthong ba	see an illusion	
sgyu ma rigs grub pa	Reason-Established Illusionist	
sgyu ma sprul mkhan pa	magician	
sgyu ma'i chos nyid nye bar bzung na	if/when the illusory final nature/reality/noumenon is apprehended	
sgyu ma'i rde'u shing rta glang du med	pebbles and sticks of a magicial display do not exist as horses and	
sgyu ma'i rgyus med pa'i ltad mo ba	member of the audience who is unfamiliar with magic	
sgyur	to change | change; transform; affect; control	
sgyur ba	change; transform; affect; control	
shA kya	[transliteration of the Sanskrit word] Śākya	
shA kya bshes gnyen	Śākyamitra	
shA kya thub pa	Śākyamuni	
shA ri'i bu	Śāriputra	
shAkya thub pa	Shakyamuni	
sha	flesh, meat; body | meat; flesh; fish	
sha ba	deer	
sha kha ra	sugar; ground sugar	
sha kha ra'i ro	taste of sugar	
sha khog	body of a slaughtered animal	
sha ko ta ka	a tree species (Skt. shākhotaka)	
sha kya	Śakya	
sha kya thub pa	Śākyamuni	
sha kya thub pa chen po	Mahā-Śākyamuni; the great Śākyamuni	
sha kya'i sras po ma yin	is not a son of Śākya(muni); {T} is not a son of the Śākya (clan)	
sha pa	aśoka tree{LG}	
sha stag	only; simply; merely; mere	
sha stag la	only; simply; merely; mere	
sha za	piśāca; flesh eater	
sha za bskal don du song ba'i gang zag	a person for whom flesh eaters have become super-sensory objects	
sha'i spyan	fleshly eye	
shad	perpendicular stroke ( | )	
sham thabs	lower garment | [a nun or monk's] lower garment	
shan	difference	
shan pa	shepherd; butcher	
shar	see 'char | to rise | east; eastern direction; eastern quarter	
shar ba	to appear; dawn; appearance; manifest	
shar ba'i snang ba	appearance which dawns	
shar la	ancillary	
shar lus 'phags po	Pūrvavideha	
shar nub kyi byer sbas	eastern and western Upagupta{BJ 74.1}	
shar phyogs	eastern direction{D1}	
shar rtse	"S#har-d#zay (""""East Point"""") College of Gan-den Monastic University"	
shar sgom	reflective meditation	
shas	emphasis; very strong; powerful; much	
shas che ba	very strong; powerful; much; many; a good deal	
shas cher	very strong; powerful; much; many; a good deal	
shas cher gyur pa	very strong; powerful; much; many; a good deal	
shas ches	very strong; powerful; much; many; a good deal	
she na	if it is asked	
shed bu	child of manu{N}	
shed las skyes pa	born from manu{N}	
shel	crystal; glass	
shel dang bai dU rya	crystal and vaidurya	
shel shin tu gsal ba	very clear crystal	
sher	wisdom	
sher mdo	Perfection of Wisdom Sūtras	
sher phyin	perfection of wisdom	
sher phyin gyi mdo	Perfection of Wisdom Sūtras	
shes	to know, be aware of; to recognise, to realise; to be able, capable; can | to know; cognition; consciousness (=shes pa); knowledge; quote	
shes 'dod chos can	the subject [about which something] is sought to be known{LSR 2b}	
shes 'dod chos can skyon med	faultless subject sought to be known	
shes bya	subject matter of knowledge | object of knowledge; knowable; should be known	
shes bya ba	object of knowledge; quote marker [follows question]	
shes bya cig char snang bar byed pa	simulatneously illuminates [all] objects of knowledge; appearance of	
shes bya kun la mi thogs	unobstructed with regard to all objects of knowledge {T}	
shes bya la ma rmongs pa	not obscured with respect to objects of knowledge	
shes bya la mi srid pa	does not occur among objects of knowledge	
shes bya la phyin ci ma log pa	non-mistaken with respect to objects of knowledge	
shes bya la ye shes kyis khyab pa	pervaded by exalted wisdom with respect to objects of knowledge	
shes bya mi srid pa	does not occur among objects of knowledge{BJ 20.7}	
shes bya mtha' yas pa'i yul	limitless object that is an object of knowledge	
shes bya thams cad	all objects of knowledge	
shes bya thams cad rnam pa thams cad du rtogs pa	understand all aspects of all objects of knowledge	
shes bya thams cad yul	objects of all objects of knowledge	
shes bya yang dag rab rnam 'byed	correct, thorough differentiation of objects of knowledge {T}	
shes bya yongs su tshol ba	thoroughly investigate/examine/research objects of knowledge	
shes bya'i don spyi	meaning generality of an object of knowledge	
shes bya'i mtshan nyid	the character of objects of knowledge	
shes bya'i sgrib pa	obstructions to omniscience; obstruction to omniscience	
shes bya'i yul	object that is an object of knowledge	
shes byed	source; scriptural source{BJ 21.4}	
shes byed du drangs	cited as a scriptural source{BJ 44.5}	
shes byed kyi lung	scriptural source{BJ 10.2}	
shes byed kyi mdo dang sbyar	associating that with a sūtra source{BJ 21.4}	
shes bzhin	introspection	
shes bzhin dang ldan pa	having introspection; introspective	
shes bzhin du	introspective(ly)	
shes bzhin ma yin pa	non-introspection	
shes bzhin med pa	non-introspection	
shes bzhin rab tu ldan	introspective	
shes gsum	three knowledges	
shes kyi khe 'dod pa	desire for selfish profits	
shes mdzad	make known; one who makes known	
shes myur	quick knowledge; quick understanding; understand quickly	
shes nas	having known; having cognized	
shes nas dad pa thob pa	obtain faith through knowledge {T}	
shes pa	intelligent | consciousness; cognition; mind; knower; knowledge; to know; realize	
shes pa brda sprod par byed pa	expound [one's] knowledge	
shes pa dang mtshungs par ldan pa	associated with consciousness/knowledge; concordance with	
shes pa ma lags pa	non-knowledge; non-cognition; not know; not cognize	
shes pa med pa	non-knowledge; non-cognition; not know; not cognize	
shes pa po	knower; cognizer	
shes pa po ma mchis pa	non-knower; non-cognizer	
shes pa rnam par gzhag pa	positing of consciousness; posit consciousness {T}	
shes pa tshad ma	valid consciousness	
shes pa yis dmigs	object of observation by consciousness; observed by consciousness	
shes pa'i kun rdzob	mental conventionalities	
shes pa'i rnam pa bsgom pa	cultivation of/meditation on the aspects of consciousness	
shes pa'i rnam pa shes pa nyid	cognition of the aspects of consciousness	
shes pa'i spyod yul	object of activity of consciousness; range of consciousness; sphere of	
shes pa; blo	cognition	
shes pa; rnam shes	consciousness	
shes par 'gyur ba	know; cognize	
shes par bya	object of knowledge; know; will know; cognize; will cognize	
shes par bya ba'i gang chen mtsho	great ocean of objects of knowledge	
shes par bya ba'i phyir	because of being an object of knowledge	
shes par bya bar 'dod pa	desire for objects of knowledge	
shes par bya'o	one should know; you should know	
shes par byas nas	having understood ...	
shes par byed	know; cognize; understand	
shes par byed du 'jug pa	one who makes known	
shes par byed du bcug pa	one who makes known	
shes par dka'	difficult to know/cognize	
shes par dka' ba nyid	difficult to know/cognize	
shes par gyur pa'i ldog pa rigs gcig pa	consciousnesses which are the same isolate type	
shes par gyur pa'i rdzas rigs gcig pa	consciousnesses which are the same type of substantial entity	
shes pas srid la mi gnas pa'i gzhi shes	a knower of bases that does not abide in [the extreme of] cyclic	
shes pas ston pa	teach/demonstrate with knowledge {T}	
shes rab	understanding, wisdom | [know-highest]; wisdom	
shes rab 'byung gnas blo gros	Prajñākaramati [p.n]	
shes rab 'chal ba	deficient wisdom; foolish; faulty knowledge	
shes rab 'chal ba'i rang bzhin can	having a foolish nature{S}	
shes rab 'chal bar 'gyur ba dang mthun pa	concordant with deficient wisdom	
shes rab 'chal pa	deficient wisdom; foolish	
shes rab brtan	stable wisdom; firm wisdom; firm in wisdom	
shes rab can	wise; having wisdom	
shes rab che ba	great wisdom	
shes rab dang ldan pa	wise; having wisdom; endowed with wisdom	
shes rab gyi tshogs	collection of wisdom	
shes rab kyi dbang po	power of wisdom; faculty of wisdom	
shes rab kyi pha rol tu phyin pa	perfection of wisdom	
shes rab kyi pha rol tu phyin pa sdud pa tshigs su bcad pa	Condensed Perfection of Wisdom Sūtra, P. 735, vol. 21	
shes rab kyi pha rol tu phyin pa stong phrag brgya pa	One Hundred Thousand Stanza Perfection of Wisdom Sūtra, P. 730,	
shes rab kyi pha rol tu phyin pa'i mdo	Perfection of Wisdom Sūtras	
shes rab kyi pha rol tu phyin pa'i snying po	Essence/Heart of the Perfection of Wisdom Sūtra	
shes rab kyi pha rol tu phyin pa; sher phyin	Perfection of Wisdom	
shes rab kyi phar rol tu phyin pa	Perfection of Wisdom	
shes rab kyi phung po	aggregation of wisdom	
shes rab kyi rgyu nyid	cause of wisdom	
shes rab kyi rtogs rigs su gnas pa'i rjes thob ye shes	wisdoms of subsequent attainment that abide as wisdom-types of	
shes rab kyi sbyin pa	giving of wisdom	
shes rab kyi snang ba	light of wisdom; appearance of wisdom	
shes rab kyi spyan	eye of wisdom	
shes rab kyi stobs	power of wisdom; force of wisdom	
shes rab kyis 'tsho ba	living through wisdom; livelihood by means of wisdom {T}	
shes rab kyis 'tsho ba dang legs par bshad pa	living and explaining well through wisdom {T}	
shes rab la ni mi rtog pa	non-conceptual wisdom	
shes rab ldan pa	sage	
shes rab mgyogs pa	quick wisdom	
shes rab mnyam pa	sameness of wisdom; equal in wisdom	
shes rab mnyam pa med pa	non-sameness of wisdom; unequal in wisdom	
shes rab myur ba	quick wisdom	
shes rab nyams pa	inferior wisdom; deficient wisdom	
shes rab nyon mongs pa can	afflicted intelligence	
shes rab pha rol tu phyin pa	perfection of wisdom	
shes rab rnam par mi rtog nyid	non-conceptual wisdom	
shes rab rno ba	sharp wisdom	
shes rab sbyangs pa	purification of wisdom; purification through wisdom {T}	
shes rab thabs dang ldan pa	having the methods of wisdom; having wisdom and method	
shes rab thar pa	Prajñāmokṣa [p.n.]	
shes rab tu yongs su bsngos pa'i sgo nas	from the viewpoint of dedicating/dedication to wisdom {T}	
shes rab ye shes kyi dbang	knowledge-wisdom initiation	
shes rab yongs su dag pa	very pure wisdom	
shes rab zab pa	deep wisdom; profound wisdom	
shes rgyud	mental continuum	
shes rig	knowledge	
shes rnam sgom pa	meditative cultivation of the aspect of a subject [e.g., meditatively	
shes sgrib	obstructions to omniscience; obscurations of the knowable; obstruction	
shes sgrib kun btags	artificial obstruction to omniscience	
shes sgrib kyi zag pa	contamination which is an obstruction to omniscience	
shes te	knows; cognize(s)	
shga; cat; tshpalg@#	to be; be there; exist (=yod); to go; to come	
shi	see 'chi | to die	
shi nas ngan 'gror 'khyam tshul	way/mode of wandering in a bad transmigration upon dying	
shig	[imperative particle; connective particle; often untranslatable:] a; to	
shig pa rjes la	loosen; destroy	
shig sro	louse and nit	
shigs	to loosen (knots); to destroy	
shigs pa	to destroy; to loosen (knots)	
shin lkog	very hidden phenomenon	
shin sbyangs	[very-practiced]; pliancy; flexibility; servicability; suppleness	
shin sbyangs skye ba'i snga bltas	omen of pliancy	
shin tu	very | an intensifier: very; exceedingly	
shin tu 'da' bar bya ste	well passed beyond	
shin tu 'das byas nas	well passed beyond	
shin tu 'das nas	well passed beyond	
shin tu 'das pa	well passed beyond	
shin tu 'das te	well passed beyond	
shin tu 'jam pa	very soft; very smooth	
shin tu 'jigs pa	very frightened	
shin tu 'phags pa	very superior	
shin tu 'phel bar 'gyur	greatly increase	
shin tu brgyan pa	very adorned	
shin tu brtan pa	very firm; very stable; p.n. of a Nāga-king	
shin tu bsags pa	well accumulated; well composed	
shin tu bsdam pa	very concealed; well restrained; well bound	
shin tu bsgoms	thoroghly cultivate/meditate	
shin tu bsgoms pas	through thoroughly cultivating/meditating	
shin tu bsngags pa	highly praise; high praise	
shin tu bzang po	very good; excellent	
shin tu che ba	very great; very big	
shin tu chung ba	very small	
shin tu dag pa'i gnas	very pure abode/place	
shin tu dben pa	very isolated; very solitary place	
shin tu dka' ba'i las	very difficult action	
shin tu dkar	very white	
shin tu dkon	hard to get/find/grasp; difficult to attain	
shin tu dman	very inferior; very small	
shin tu dman pa	very inferior; very small	
shin tu dri ma med pa ma yin	not very stainless	
shin tu gsal ba	very clear; very bright	
shin tu gus pa nyid	very respectful	
shin tu gya nom pa	very auspicious	
shin tu gzi brjid dang ldan pa	very hot; very heated; very majestic	
shin tu lci	very heavy	
shin tu lkog gyur	very hidden phenomenon; very hidden phenomena	
shin tu ma skyes pa	very non-produced	
shin tu ma zhum pa	very non-discouraged/slack/weak/timid/cowardly	
shin tu mang po	very many	
shin tu med pa	absolutely non-existent	
shin tu mnar ba	very tormented; very miserable; harm/torture/torment very much	
shin tu mos pa	very faithful; great belief/faith/interest/inclination	
shin tu mthar phyin pa	well brought to completion; well-finished	
shin tu mthong	good-looking (gods)	
shin tu mthong ba	Great Perception	
shin tu mthu dang ldan	very powerful	
shin tu ngo tsha	very wonderful; very marvellous	
shin tu nye bar gnas pa	very close abiding {T}	
shin tu phra mo	very subtle	
shin tu phyis pa	well wiped; erase well	
shin tu phyogs par	face to face	
shin tu rdzogs pa	very complete/perfect	
shin tu rgyang ring bar	very far; very far away	
shin tu rgyas pa	very extensive; Very Extensive [Sūtras]	
shin tu rgyas pa'i sde	very extensive discourses	
shin tu ring	very long; very long time; very far	
shin tu ring por	for a very long time	
shin tu rnam dag	very pure	
shin tu rnam dag pa	very pure	
shin tu rnam par dag	very pure	
shin tu rnam par dag pa	very pure	
shin tu rnam par dag par 'gyur	very pure; become very pure; is very pure	
shin tu rnam par grol ba	very liberated; well-liberated/released	
shin tu rnam par nges pa	very definite; well ascertained; good ascertainment	
shin tu rnam par nges pa'i shes rab	exalted wisdom of good ascertainment	
shin tu rno bar 'gyur	very sharp	
shin tu rnyed par dka'	difficult to gain; difficult to obtain/attain; hard to get/find	
shin tu rtogs pa	well-realized; well-understood	
shin tu rtogs par byas nas	having realized well; having understood well	
shin tu sbyang ba	very clean; very pure	
shin tu sbyang dka' ba	very difficult to overcome	
shin tu sbyangs pa	[very-practiced]; pliancy; flexibility; serviceability; suppleness	
shin tu sbyangs pa che	great pliancy/flexibility/serviceability/suppleness	
shin tu sbyangs pa'i lam	path of pliancy/flexibility/serviceability/suppleness	
shin tu sdom	very concealed	
shin tu sdug bsngal 'gyur	very miserable	
shin tu snga ma zhig na	very long ago	
shin tu spyangs pa	[very-practiced]; pliancy; flexibility; servicability; suppleness	
shin tu spyangs pa'i lam	path of pliancy	
shin tu stobs dang ldan pa	very powerful	
shin tu yangs pa	very wide; very extensive	
shin tu yul chen	very great object	
shin tu yun ring	very long time	
shin tu yun ring mor	for a very long time	
shin tu zab	very profound; very deep	
shing	wood; tree | [connective particle indicating a participle; often accompanying a	
shing bal 'da' ba	cotton	
shing bzo ba	carpenter	
shing gi lcug ma	vine{LWT 193}	
shing gi phung po	pile of sticks/wood	
shing gnyis las me 'byung ba	fire arising from two sticks	
shing kun	asafoetida{D1}; fennel	
shing las bgyis pa	made from wood	
shing lo	tree-leaf	
shing mkhan	carpenter	
shing mkhan bzo bo	carpenter	
shing mkhan gyi slob ma	carpenter's apprentice	
shing nags	forest	
shing rta	chariot | [wooden horse]; chariot; opener of the chariot way [those who clear off	
shing rta chen po	Shing-rta-chen-po	
shing rta'i srol 'byed	opener of the chariot way{N}	
shing sal gyi sgon; shing sal bal gyi sgon	cotton	
shing skam po'i me tog	flower of a dead tree	
shing thog	fruit (of trees)	
shis lugs	mode of dispostion	
shis pa	auspicious	
sho	dice	
sho byed pa	playing dice{TGP 77}	
shob be	lie; speak falsely	
shob be lte	lie; speak falsely	
shob be mchigs tags	be false; be in error	
shog	see gshegs | to come; to go | [particle indicating the optative:] may it be; come [imperative of 'ong]	
shog bu	paper	
shom	to prepare | to prepare; arrange [as in to arrange offerings]	
shos	the other (of two) | the other of two; [superlative particle]	
shrI	[transliteration of Sanskrit word—śrī] glorious; glory; fortune	
shu	to peel; to transcribe	
shub bu	whisper	
shug pa	juniper tree	
shugs	force; strength; power; energy; implicit(ly){BJ 17.2}	
shugs kyi	implicit; implicitly	
shugs kyi bsgrub bya'i chos	implicit predicate of the probandum	
shugs kyis	implicitly; through the force	
shugs la	implicitly; through the force	
shugs la bstan	implicitly indicated{BJ 17.2}	
shugs la gnas pa'i don	the meaning implicitly abiding{DK 23.2}	
shugs la shes	known through the force of ...{BJ 27.4}; implicitly known	
shugs ring	sigh	
shugs rtogs	implicit realization{N}	
shul	empty place | tracks; trace; remains	
shun	skin; peel; hide; bark; name of a river	
shun pa	bark; skin; peel	
shus	peeled; to peel; to transcribe	
si dd+hi	[transliteration of Sanskrit word siddhi] power; establishment	
sil snyan	cymbal; instrument; musical instrument	
ska ba	astringent	
ska rags	girdle	
skabs	occasion; time; context; chapter; with reference to	
skabs 'dir	on this occasion; in this context; at this point	
skabs 'dir bstan	indicated on this occasion; indicated in this context; indicated at this	
skabs 'dir bstan gyi yid mngon	mental direct perception that is indicated on this occasion [i.e., in	
skabs dang po'i spyi don	general meaning of the first chapter	
skabs ma mchis	does not afford an opportunity [for refutation]	
skabs mchis pa	to afford an occasion	
skabs mi 'byed	not opening up an opportunity	
skabs shes pa	knowing the occassion	
skabs su bab pa; skabs su babs pa	appropriate; relevant; germane	
skabs su babs pa; skabs su bab pa	appropriate; relevant; germane	
skad	voice; words | sound(s); language; voice	
skad cig	a moment | moment; instant; period	
skad cig cha med	temporally partless moment	
skad cig gcig	single moment; single instant; single period	
skad cig ma	momentary phenomenon; momentary; instantaneous	
skad cig ma dang po dang khyad par med pa	not different from the first moment/instant/period	
skad cig ma gcig	one moment; one instant	
skad cig ma ma yin pa	non-momentary; non-instantaneous	
skad cig ma ma yin pa las skad cig ma 'byung bar ni 'os pa ma yin	it is not suitable for the momentary to arise from the non-momentary	
skad cig ma nyid	momentariness; instantaneousness; jsut momentary; just instantaneous	
skad cig ma re re la	in each moment; in each instant	
skad cig ma tha ma la	in the final moment; in the final instant; in the final period	
skad cig ma yin pa	momentary; instantaneous	
skad cig ma'i 'bras bu yin pa	being a momentary effect	
skad cig ma'i rgyu yin pa	being a momentary cause	
skad cig ma'i sbyor ba	momentary training	
skad cig re re la	in each instant/moment/period	
skad cig re re la byung ba	arising in each moment/instant/period	
skad cig skad cig	moment by moment	
skad cig tha ma	last moment; final moment; last period; final period; last instant; final	
skad cig tsam	only a moment; only an instant; a mere moment; a mere instant	
skad cig tsam yang	even only a moment/instant/period	
skad dod	equivalent term; translation equivalent; equivalent in the [original]	
skad gsar bcad	new language/vocabulary; new translation system	
skad sor bzhag tu bzhag	the language was left as is	
skal	lot; share; fortune	
skal ba	fortune | share; portion; share/portion of good or bad fortune	
skal ba med pa	without the lot; without the fortune	
skal ba mnyam pa	having equal lot	
skal don	supersensory object	
skal ldan	[fortune-possessor]; one who has fortune; the fortunate; a Bodhisattva	
skal mnyam gyi rgyu	cause of equal lot; cause of similar lot	
skal mnyam pa	those of equal lot/share/fortune	
skal pa	lot; share; fortune	
skal pa can	having the lot; having the share; having the fortune	
skam	to dry up; wither; parch	
skar ma	star	
skar ma'i tshogs	collection of stars; group of stars; host of stars	
skol	to boil	
skom	to be thirsty; thirst	
skom pa	thirst	
skom pas gdungs pa	tormented by thirst; pained by thirst	
skom po	a hybrid cow that is thin and gives a lot of milk	
skom tshugs	chin	
skong	fill; fulfill; complete	
skong chu lag	arm(s) of the Skong-chu river	
skong chu lag kha	mouths [of] the arms [of] the Skong-chu river	
skongs	fill; fulfill; complete	
skor	to surround; to besiege, to encircle; to turn; to set in motion | preposition: around; about; surrounding; concerning. verb: to turn	
skor ba	to turn round; revolve; encircle; circle	
skra	hair	
skra bshad 'dzings pa	hair-net	
skra dang sbrang bu la sogs pa	hair, bees, and so forth	
skra khang	barber-shop	
skra zla la sogs pa med pa	non-existent hairs, moons, and so forth	
skra'i rtse mo	tip of a hair	
skrad	expel	
skrag	fear; fright; terror; horror; panic; alarm; dread; fearfulness; trepidation	
skrag cing	be afraid; be fearful; dread	
skrag dang dngang	fear and dread; fear and panic	
skrag dngangs	to be terrified, frightened	
skrag pa	fear; fright; afraid; frightened; dread	
skrag pa dgag pa	stopping fright; ceasing fear	
skrag pa med pa	without fear/fright/dread	
skrag pa'i gnas	state of fear/fright/dread	
skrag pa'i gzhi'i gnas ma yin pa nyid	not a foundation of fear/fright/dread	
skrag pa'i rgyu	cause of fear/fright/dread	
skrag pa'i yid kyis	with a mind of fear/fright/dread	
skrag par bya	be afraid; be fearful; dread	
skrag par bya ba	that which is to be feared; object of fear/fright/dread	
skrag par byed	cause fear/fright/dread; frighten	
skrag ste	be afraid; be fearful; dread	
skran	tumor	
skri	to charge, to assign	
skrun	make; form; produce	
sku	body | body (hon.); image; statue	
sku 'dra	religious image	
sku 'khrung	to be born	
sku bsam gyis mi khyab	inconceivable exalted body	
sku chas	things; possessions (hon.)	
sku dang gsung dang thugs sprul pa	emantions of exalted body, speech, and mind	
sku dpung	[body-shoulder]; shoulder (hon.)	
sku gdung	relics	
sku gsum	the three exalted bodies [of a Buddha	
sku gsum la bstod pa	Praise of the Three Exalted Bodies [by Nāgārjuna; P2015, vol. 46]	
sku khams	health (hon.); constitution	
sku khrus	[body-wash]; bathing; washing; ablution (hon.)	
sku la dbang 'byor ba nyid	attainment of mastery with respect to the body	
sku mched	sibling; brother; relation (hon.)	
sku mdog	[body-color]; color of the body; color (hon.)	
sku mdun	exalted presence; the presence [H.H. Dalai Lama]	
sku med pa	bodiless	
sku thim	to disappear	
sku tshe	lifetime	
sku tshe ring ba	[body-life-long]; long life (hon.)	
sku yongs su rdzogs pa	fully developed/perfected body	
sku zla	[body-equal]; spouse (hon.)	
sku'i khyad par	attribute of exalted body; feature of exalted body; physical attribute	
sku'i phrin las	exalted physical activity	
skul	to exhort | rouse; arouse; entreat; urge on; incite; urge; exhort	
skur	to send; to give | deprecate; depreciate; deny	
skur 'debs	deprecation; depreciation; denial; underestimation	
skur ba	deprecation; depreciation; denial	
skur ba 'debs	deprecation; depreciation; denial	
skur ba 'debs pa	deprecation; depreciation; denial	
skur btabs	deprecate; depreciate; deny	
skur pa	deprecation; depreciation; denial	
skur pa 'debs	deprecation; depreciation; denial	
skur pa 'debs pa	deprecation; depreciation; denial	
skya	to be pale; to be flavourless	
skya ba	paddle	
skya bas legs bsrabs	churned well by a paddle	
skya bo	pale | greyish; whitish grey	
skya ga	magpie	
skyabs	protection | refuge; protection; something like a dandelion which grows in the	
skyabs bla na med pa yin pa	unurpassed refuge	
skyabs gsum	the three refuges [Buddha, his Doctinre, and the Spiritual Community]	
skyabs med	without refuge; protectorless	
skyabs su 'gro ba	go for refuge	
skyabs su 'gro ba'i khyad par	features of going for refuge	
skyabs su 'gro ba'i skabs	occassion of going for refuge	
skyabs su 'gro bar nges pa	definite/certain to go for refuge	
skyabs su rab tu slu ba	deceived with respect to refuge	
skyar mo	heron	
skye	to be born; to arise; to grow | be born; be produced; grow; generate; production; birth	
skye ba	birth; life | birth; production; produce; grow; be born; arising	 [Bialek]: life
skye ba bzang po	good birth; auspicious birth	
skye ba dang 'gag pa	production and cessation; birth and cessation	
skye ba dang mthun pa	concordant with birth; concordant with production	
skye ba dkar po	wholesome birth	
skye ba dman la brten	dependent on low birth	
skye ba don med pa	purposeless production; pointless production	
skye ba gcig gis thogs pa	impeded by one birth [i.e., removed from enlightenment by only one	
skye ba gcig gis thogs pa'i byang chub sems dpa'	Bodhisattva who is one lifetime away from [achieving Buddhahood]	
skye ba gzhan du	in another birth; in another lifetime	
skye ba khyad par can thob nas	having obtained/attained a special birth	
skye ba la don med pa	pointless production; purposeless production	
skye ba la nges par 'gyur ba	definite to be born/reborn	
skye ba med	not born; not reborn; not produced	
skye ba med pa	no production; non-production; birthless	
skye ba med pa la sogs pa	no production and so forth; non-production and so forth; birthless and	
skye ba med pa shes pa	knowledge of no more birth	
skye ba med pa'i chos la bzod pa	forbearance/patience/tolerance/endurance with respect to the doctrine	
skye ba ngo bo nyid	production-nature; [self-]production-nature; nature of [self-]production	
skye ba ngo bo nyid ma mchis pa	production-non-nature; [self-]production-non-nature; naturelessness of	
skye ba ngo bo nyid med pa	production-non-nature; [self-]production-non-nature; naturelessness of	
skye ba ngo bo nyid med pa nyid	production-non-nature; [self-]production-non-nature; naturelessness of	
skye ba rnam pa bcu bzhi po	fourteen types of birth	
skye ba tsam	mere production	
skye ba yang med 'gag pa yang med	no production and also no cessation; neither production nor cessation	
skye ba yongs su len pa	thoroughly taking birth	
skye ba zad pa	extinction of birth	
skye ba'i kun nas nyon mongs pa	thorough afflictions of birth	
skye ba'i lus bor te sprul pa'i lus 'dzin pa	having given up the body of birth, taking an emanation body	
skye ba'i rgyu	cause of production; cause of birth	
skye ba'i sgo	door of production; door of biruth	
skye ba'i skad cig ma dang po phyin chad	from the first moment of birth onward	
skye ba'i sprul sku	construction emanation body	
skye bo	man | being; creature; people	
skye bo blun pa	stupid being	
skye bo mang po	many beings	
skye bo mang po dga' ba	liking many beings	
skye bo mdza' ba la byams pa	loving friendly beings	
skye bo ngan pa	bad/evil being; bad/evil person	
skye bo ngan pa dang 'grogs pa	acquainting with bad beings; companying with bad beings	
skye bo nyon mongs pa can la rjes su brtse ba	mercy/compassion for beings with afflictions; mercy/compassion for	
skye bo phal cher	most beings	
skye bo phal po che	a large crowd of people	
skye bo rmongs pa	confused being	
skye bo sdang ba dang 'grogs pa	acqainting with hateful beings; accompanying with hateful beings	
skye bo'i tshogs	group of beings; collection of beings	
skye dang 'chi	birth and death	
skye dgag gnas gsum	the three: production, abiding, and cessation	
skye dgag gnas gsum mi rung ba'i chos	a phenomenon of which the three—production, abiding, and cessation	
skye dgag gnas gsum rung ba'i chos	a phenomenon of which the three—production, abiding, and cessation	
skye dgu	[creatures-nine]; all beings	
skye dgu'i bdag po dang bcas pa'i lha rnams	the gods together with Prajāpati	
skye dgu'i don	for the benefit of [all] beings	
skye gnas	birth-place; birth-situation	
skye mched	sense-sphere; sensory sphere; source [of consciousness]; sphere	
skye mched drug	six sense-spheres; six sources	
skye mched la mkhas	skill in the sense-spheres	
skye mchog	supreme person; supreme creature	
skye med	unborn; unproduced; birthless	
skye med gnas la	in the state of non-production	
skye rga na 'chi	birth, aging, sickness, death	
skye srid	birth-state	
skye tshul	mode of production; mode of generation	
skye zhing	is born/produced/generated	
skye zhing 'bri	be produced and diminish	
skye zhing 'jig pa	is produced and disintegrates; is born and is destroyed	
skyed	to generate | produce; generate; engender	
skyed byed	producer; generator; engenderer; that which produces	
skyed mos tshal	grove; park	
skyed mos tshal gyi sa	place of a grove; location of a park	
skyed pa	produce; generate; engender	
skyed par byed	produce; generate; engender	
skyed par mdzad pa	producer; means of production/generation	
skyed tshul	mode of production/generation/engendering	
skyel	to bring	
skyel ba	to conduct; accompany | take away; carry; send; risk; use; employ	
skyen pa	precipitate	
skyes	see skye | to be born; to arise; to grow | be born; be produced; be engendered	
skyes bu	living being, person | being; creature; person	
skyes bu 'bring	being of middling capacity; being of medium capacity	
skyes bu 'bring gi lam	path of a being of middling capacity	
skyes bu blun po	stupid being/person	
skyes bu byed pa'i 'bras bu	personally made effect	
skyes bu che 'bring thun mong gi lam	a path that is common to beings of great and middling capacity	
skyes bu chen po	great person (Skt. mahapurusha) | being of great capacity	
skyes bu chen po'i lam	a path of a being of great capacity	
skyes bu chen po'i mtshan	characteristic of a being of great capacity	
skyes bu chung 'bring thun mong gi lam	a path that is common to beings of small and middling capacity	
skyes bu chung ngu	being of small capacity	
skyes bu chung ngu dang thun mong pa'i lam	path in common with those of lesser capacity	
skyes bu chung ngu khyad par can	special being of small capacity	
skyes bu chung ngu khyad par can gyi lam	a path of a special being of small capacity	
skyes bu dam pa	excellent being; holy being; true being	
skyes bu dam pa la brten pa	relying/acquainting with on a holy/excellent/true being	
skyes bu dam pa'i las byed pa	performing the actions of a holy/excellent/true being	
skyes bu gang zag	person	
skyes bu gsum	beings of the three capacities [i.e., small, middling, and great]	
skyes bu gti mug can	beclouded/ignorant/confused/befuddled person	
skyes bu tshad ma	valid person/being	
skyes bu'i rgyud kyis bsdus pa'i rdul du grub pa	that which is atomically established and is included within the	
skyes bu'i rgyud kyis ma bsdus pa'i rdul du grub pa	that which is atomically established and is not included within the	
skyes bu'i shes rgyud	mental continuum of a being	
skyes bu'i shes rgyud bsdus pa	contained/included within the mental continuum of a being	
skyes bu'i shes rgyud kyis bsdus pa'i gzugs	form included within the mental continuum of a being	
skyes bu'i shes rgyud kyis ma bsdus pa'i gzugs	form not included within the mental continuum of a being	
skyes bu'i shes rgyud ma bsdus pa	not contained within the mental continuum of a being	
skyes bus byed pa'i 'bras bu	personally made effect	
skyes ma thag tu	immediately/right/just after being born/produced	
skyes na	when generated; if generated	
skyes nas	having been born; having been produced	
skyes pa	man, male person | created phenomenon; created; man; human being [synonymous with	
skyes pa bud med	man or woman; man and woman; men and women	
skyes pa tsam gyis 'jig par mi 'gyur	due to merely having been produced it is not destroyed	
skyes pa'i rabs	life stories; discourses on [Buddha's previous] births	
skyes pa'i rabs kyi sde	life stories; discourses on [Buddha's previous] births	
skyes rabs	life stories; discourses on [Buddha's previous] births	
skyes zin pa yang skye ba ni ma yin	what has already been produced is not produced again	
skyid	comfort; happiness	
skyid pa	to be happy | comfort; happiness	
skyid po	happiness	
skyid sdug	happiness and misery	
skyil krung; skyil mo krung	cross-legged; cross-legged posture	
skyil mo krung	cross-legged; cross-legged posture	
skyo	to be vexed (with) | grief; sorrow; weariness; pathetic; poor	
skyo ba	discouragement; sorrow; grief; weariness	
skyo ba can	discouraged; weary	
skyo ba dang ldan pa	discouraged; weary	
skyo ba med pa	non-discouragement	
skyo ba med pa yid la byed pa	taking to mind an absence of fatigue/discouragement/weariness	
skyo ba spangs pa	abandoned disregard for	
skyo bar 'gyur ba	become discouraged/weary/fatigued	
skyo bar byed	become discouraged; develop aversion; be averse{S 52.3}	
skyo bar byed pa	develop disregard for; develop weariness toward	
skyo bar byed par 'gyur na	when/if one has become weary	
skyo bar mi 'gyur	not become weary/fatigued/discouraged	
skyo bcas sems can smin par byed	ripening poor sentient beings	
skyo med	without fatigue/weariness/discouragement	
skyob	to guard; to save, to rescue	
skyob cing	protecting; defending; sheltering	
skyob pa	protect; guard; defend; shelter; protector; guardian; defender; shelter	
skyob pa po	protector; guardian; shelter	
skyob par byed cing	protect; guard; defend; shelter	
skyod pa	arouse; stir; move; cause to go	
skyon	fault; harm; misdeed | fault; disadvantage; fallacy; defect; flaw	
skyon 'phen pa	casting faults; critique; critic	
skyon dang yon tan	faults/defects and good qualities; disadvantages and advantages	
skyon dang yon tan dag dbye ba	differentiating faults and good qualities/disadvantages and advantages	
skyon dang yon tan du so so yang dag par rig pa	thorough knowledge individually of faults and good	
skyon du mi bya'o	not take as a fault/defect/disadvantage	
skyon ma mchis pa	flawless; faultless	
skyon med	faultless; flawless; flawlessness	
skyon med pa	faultless; flawless; flawlessness	
skyon med pa la 'jug nyid	entry into flawlessness	
skyon med par 'jug pa yang dag par 'grub pa	thorough establishment/accomplishing/achieving of entry into	
skyon mi 'byung	fault will not arise	
skyon sel mi nus pa	[you are] not able to avoid/eradicate/remove/clear	
skyon yon	faults and good qualities; disadvantages and advantages	
skyon yongs su shes	thorough knolwedge of faults/flaws/disadvantages	
skyong	to guard, protect | keep; sustain; maintain; protect; guard	
skyongs	keep; sustain; maintain; protect; guard	
skyor	recite; repeat; support; hold	
skyu na gsal	it is clear in the run of the text	
skyu ru ra	olive; sour medicinal fruit	
skyug log pa	[vomit-turn-out]; nausea	
skyung ka	a black bird with a red beak	
skyur ba	sour	
sla	easy; preferable{BJ 40.5}	
sla ba	easy | easy; preferable	
sla bo	easy; preferable	
sla rim byas ba	if you do it the easy way ...	
slad	back part | to pollute; defile	
slad du	in order to | for the sake of; on account of	
slad nas	afterwards; later	
slad rol pa	Forder	
slam me ba	glistening; shining; glittering	
slan te 'jog pa	re-setting; resetting	
slar	back | again; once more; back	
slar mi ldog pa'i 'gog bden	a true cessation which is irreversible	
slar sdod pa	withdrawal	
slar sdud pa	withdrawal	
slar yang	again{BJ 28.1}; further	
slar yang phul du byung ba'i khyad par	features that are further enhancements{BJ 59.1}	
slar zhing 'byung ba	further arising	
slas	retinue	
sleb	reach	
slob	to learn | to learn; teach; train in	
slob brgyud	lineage of disciples	
slob dpon	teacher | [teaching-chief]; master; teacher; instructor	
slob dpon 'dra ba	like a teacher	
slob dpon dang mi ldan pa	without teachers	
slob dpon dbyig gnen	the master Vasubandhu	
slob dpon gyi dpe mkhyud	closed-fisted teacher	
slob dpon sku mched	the Master [Asaṅga] and his brother [Vasubandhu]{BJ 46.7}	
slob dpon snying rje	compassionate teacher; compassion of the master; the master's	
slob dpon yang dag bden pa'i brjed byang	the master Paramārtha's Purification of Forgetfulness	
slob grwa	school	
slob grwa ba	student	
slob ma	student	
slob ma bzang po	good student	
slob mar gyur pa	is a student	
slob pa	learner; to learn; teach; train in	
slob pa po	learner	
slob pa'i lam	paths of learners	
slob tshen	lesson	
slobs	to learn; teach; train in	
slong	to order; to beg | ask; beg; collect; gather; raise; cause to rise; inspire; excite; arouse	
slong ba	ask; beg; collect; gather; raise; cause to rise; inspire; excite; arouse	
slong ba po	one who	
slong ba po'i skye bo	person who	
slongs	begging	
slu	to deceive, to bewitch, to delude; to conjure up	
slu ba	to deceive; deceptive	
slu bar	deceptive	
slu bar 'gyur ba	deceive	
slu snang	deceptive appearance	
smad	"lower; lower part; M#ay (""""Lower"""") College of S#e-ra Monastic"	
smad byung	fantastic and marvellous; fantastic; extraordinary	
smad du byung	fantastic and marvellous{BJ 29.3}	
smad du byung ba	wonderful	
smad pa	lower; lower part; blame	
smag	black; dark; darkness	
smag 'thug pos khyab pa	pervaded by thick darkness	
smag rum	dark; darkness	
sman	medicine, herb | medicine; drug	
sman bzang po	helpful medicine; good medicine	
sman khang	[medicine-house]; hospital	
sman pa	doctor, physician | physician; doctor	
sman pa'i rgyal po bla med	highest king of physicians	
smig rgyu	mirage	
smig rgyu dang rmi lam dang chu zla la sogs pa	mirage, dream, moon in water, etc.	
smig sgyu	mirage	
smin	ripe | ripen; mature; fructify; [for smin ma:] eyebrow	
smin byed	ripener; ripening; maturing	
smin ma	eyebrow	
smin mtshams kyi mdzod spu'i phrag	hair-treasure between the eyebrows; hair-tuft between the eyebrows	
smin pa	ripen; mature; fructify; maturation; ripening; matured; ripened	
smin par byed	maturing; ripening	
smin par byed pa	maturing; ripening	
smod pa	loathing; deprecating; deprecates	
smon	to desire | wish; admire; pray; aspire	
smon lam	[wish-path]; wishes; prayer-wishes; prayer; supplication; aspirational	
smon lam 'debs	offer a wish	
smon lam 'debs pa	offer a wish	
smon lam btab pa	plant prayer-wishes {T}	
smon lam chen po bcu mngon par sgrub pa	manifestly establish the ten great wishes	
smon lam dang ldan pa	having wishes	
smon lam dang sgrub pa'i khyad par	features of wishing and achievement {T}	
smon lam gyi dbang	the force of wishing	
smon lam gyi khyad par	feature of prayer-wishes {T}	
smon lam gyi pha rol tu phyin pa	perfection of wishing	
smon lam gyi stobs can	having the power of wishing	
smon lam khyad par can	having the feature of prayer-wishes {T}	
smon lam la brten pa	in dependence upon wishing	
smon lam mi gtong ba	not give up prayer-wishes	
smon lam shes pa	aspirational consciousness	
smon lam yid la byed pa	wishing mental contemplation; mental contemplation of wishing	
smon pa	wish; admire; pray; aspire	
smon pa lhun gyis grub pas	due to a spontaneous wish {T}	
smon pa med pa	wishlessness{N}	
smon pa med pa'i gzhi	basis of wishlessness; wishless basis	
smon pa med pa'i shes pa	cognition of wishlessness; wishless consciousness	
smon pa med pa'i ting nge 'dzin	meditative stabilization of wishlessness; wishless meditative	
smon pa med par gyur pa	wishlessness; wishless	
smon pa yid la byed pa	aspirational mental contemplation; mental contemplation of wishing	
smon pa'i sems	attitude of aspiration; wishing mind; aspirational mind	
smon par byed pa	aspire; wish; pray; vow; resolve	
smon par med pa	wishlessness; non-aspiration	
smon sems	attitude of aspiration [to full enlightenment]; aspirational mind of	
smon sems bskyed	[aspire-mind-generate]; generate the attitude of aspiration [to full	
smos	statement; [desiderative marker]	
smos ci dgos	what need is there to mention ... {T}	
smos pa	statement; saying:{BJ 38.2}	
smra	to speak; to say, to tell | propound; speak	
smra ba	propound; proponent{BJ 22.2}; speak; utter; say; advocate	
smra ba bla na med pa	unsurpassed proponent (an epithet of Shākyamuni Buddha)	
smra ba brjod pa	propound; express; state; speak; statement; speaking	
smra ba la yang slob par byed	learn to propound {T}	
smra ba nyung ba	speaks little	
smra ba zla med	unmatched proponents [of doctrine] (Buddhas)	
smra ba'i spros	conventional teaching	
smra bar byed do	propounding; speak; speaking	
smra med pa	non-propounding; not propound; unutterable	
smra mkhas	wise proponent; speak wisely	
smra mkhas pa	wise proponent; speak wisely	
smra mkhas pa dang ldan pa	wise speech; skilled speech; wise/skilled proponent {T}	
smra mkhas phun sum tshogs	the marvel of skilled speech {T}	
smra nus pa	able to propound; able to speak	
smra pa	propounding; proponent; speaker; teaching; spoke; taught; speak	
smrar med pa	non-propounding; not propound; unutterable	
smras	"see smra | to speak; to say, to tell | propound; speak; utter; say; advocate; """"it is said"""""	
smras nas ring mo zhig lon pa	speak for a long time	
smras pa	It is said; propound; speak; utter; say; advocate	
smre sngags	lamentation | sorrowful moaning	
smros	see smra | to speak; to say, to tell | propound; speak; utter; say; advocate	
smyig rgyu	mirage	
smyig rgyu lta bu	mirage-like; like a mirage	
smyo	to be mad; insane; crazy; be crazed	
smyon pa'i gar	dance of the insane{LWT 232}	
smyos	to be mad; insane; crazy; be crazed	
smyu gu	reed-pen	
smyug ma	reed	
smyug stag	tiger that stays in bamboo groves	
smyung gnas	fasting	
sna	kind; nose | (1) nose; nostril (2) various; varieties	
sna ba'i dbang po	nose sense power	
sna ba'i rnam par shes pa	nose consciousness	
sna dbang	nose sense-power	
sna min sna tshogs	various kinds	
sna rnam shes	nose consciousness	
sna ro	"[nose-horn]; the """"o"""" vowel"	
sna rtse	upperpoint (?); tip of the nose (?)	
sna rtser 'od thig sgom pa	meditation on a drop of light at the upper point [tip of the nose?] ...	
sna sgo	opening	
sna shes	nose consciousness	
sna shes kyi myong bya	apprehended object of a nose consciousness	
sna tshogs	various kinds | [various-collection]; the varieties; variegated; various	
sna tshogs 'du shes zhugs pa	engage in conceptions of varieties	
sna tshogs gnyis med pa	Non-Pluralists	
sna tshogs kyi 'du shes dang bral ba	free from various conceptions	
sna tshogs nyid	variousness; variety; variegated	
sna tshogs pa	various; variegated; the varieties	
sna tshogs rdo rje	variegated vajra	
sna tshogs su snang ba	appear as various	
sna'i dbang po	nose sense-power; nose sense power	
sna'i rnam shes	nose consciousness	
snabs	mucus of the nose; nasal mucus; snot	
snad	to hurt	
snags	mantra	
snags thig	mantra drop	
snam bu	woollens | woolen cloth{N}	
snang	to appear | to appear; perceive; light; illuminate; appearance	
snang ba	appear; perceive; light; illuminate; appearance; illumination	
snang ba 'od	light; radiance; splendor	
snang ba byed pa	appearance; illuminator; illuminate; perceiver	
snang ba dkar lam pa'i sems	mind of radiant white appearance	
snang ba ltar grub pa	established as it appears; exist as it appears	
snang ba ma mchis pa	non-appearance; non-perception; no light; non-illumination	
snang ba mched pa'i ting nge 'dzin	meditative stabilization of the increase of appearance	
snang ba med pa	non-appearance; non-perception; no light; non-illumination	
snang ba nyid kyang gzhan las nges pa	[prime cognizer for which] even the mere appearance is induced by	
snang ba rang las nges zhing bden pa gzhan las nges pa	[prime cognizer which] induces ascertainment by itself and induces	
snang ba thob pa'i ting nge 'dzin	meditative stabilization achieving perception [of emptiness]	
snang ba'i 'khrul pa yod pa	appearance that has error	
snang ba'i de kho na	suchness of appearance; suchness of perception	
snang ba'i dmigs rkyen	observed-object-conditions in the sense of appearing [to conceptual	
snang ba'i rgyu	cause of appearance/illumination	
snang ba'i rgyu mtshan	cause/sign/reason of appearance/illumination	
snang bar 'gyur ba	illuminate; light; appear	
snang bar bgyid pa	to appear; perceive; light; illuminate; appearance	
snang bar bya	to appear; perceive; light; illuminate; appearance; illumination	
snang bar byed pa	illuminator; appearance; perceiver; appear; illuminate; light	
snang bar gyur	to appear; perceive; light; illuminate; appearance	
snang bar gyur pa	to appear; perceive; light; illuminate; appearance	
snang cha	appearance factor	
snang dbang gis 'jug	operate through the power of appearance	
snang dbang gyis mi 'jug	not operate throught he power of appearance	
snang la ma nges	appearance without ascertainment	
snang la ma nges pa	awareness to which an object appears but is not ascertained	
snang la ma nges pa'i blo	awareness to which an object appears but is not ascertained; awareness	
snang med	without appearance	
snang ngo	appear [with terminator]; appearance factor	
snang ngor	for the appearance factor	
snang rung ma dmigs pa'i rtags	a sign which is a non-observation of the suitable to appear	
snang sems tsam	mere mental appearance	
snang stong gnyis tshogs	composite of appearance and emptiness{N}	
snang tsam	mere appearance	
snang tshul	mode of appearance	
snang yul	appearing object	
sne	extremity; end	
sne mo	extremity; end	
sne'u	nayu (in particular, the leaves of the plant)	
snga	earlier time | previous; former; before; early	
snga dar	earlier propagation of Buddhism	
snga logs su byung ba	prior arising	
snga ltas	former sign; prior sign; omen	
snga lugs su	prior	
snga ma	before | former; earlier; prior; early	
snga ma phyi ma khyad med	no difference between former and later	
snga ma'i las nyon	former actions and afflictions	
snga na med phyir	former non-existence	
snga nas bsags pa	formerly collected	
snga phyi	former and later; temporal	
snga phyi ba'i rten	temporal base	
snga phyi med pa	atemporal; no former and later	
snga phyi med par	atemporal; no former and later	
snga phyir	former and later	
snga rgol	former disputant	
snga rol	past ages, earlier time	
snga rol du	prior; before	
sngag	to praise	
sngags	mantra | spell; mantra; general word for tantra	
sngags kyi rigs	chanting(?)	
sngags kyi theg pa	Mantra Vehicle	
sngags mthus	by the power of a mantra{S}	
sngags rim	D#zong-ka-b#a's (tsong kha pa) Great Exposition of Secret Mantra	
sngang ba	appear; appearance; bright; shining	
sngar	earlier; before, ahead | before; formerly; previously	
sngar gyi gnas cha 'jig pa	the factor of stability [attained] earlier disintegrates	
sngar gyi mtshan ma	former sign	
sngar kun nas nyon mongs pa phyis rnam par byang	formerly afflicted, later purified {T}	
sngar lung ma bstan	not previously revealed in scripture	
sngar nas yod pas	since he has from before	
sngar phan	until recently	
sngar rgol	challenger (in debate); former party; prior opponent	
sngo	green | dedicate	
sngo 'dzin	apprehending blue	
sngo nag	blue black{D1}	
sngo sga	the leaves of green ginger which has a round type of leaf and grows in	
sngo skya	bluish{D1}	
sngon	earlier | prior; previous; former	
sngon 'dzin	apprehending blue	
sngon 'dzin dbang mngon gyis drangs pa'i sngon po nges pa'i shes don mthun	factually concordant determining consciousness of blue that is induced	
sngon 'dzin mngon sum gyi bdag rkyen	empowering/proprietary condition of a direct perception apprehending	
sngon 'dzin mngon sum gyi de ma thag rkyen	immediately preceding condition of a direct perception apprehending	
sngon 'dzin mngon sum gyi dmigs rkyen	observed object condition of a direct perceiver apprehending blue	
sngon 'dzin mngon sum rang dbang du gtso bor dngos su skyed byed	main direct producer of a direct perception apprehending blue under its	
sngon 'dzin mngon sum rang gi rnam ldan du gtso bor dngos su skyed byed	main direct producer of a direct perception apprehending blue as	
sngon 'dzin mngon sum sngon po'i rnam ldan du gtso bor dngos su skyed byed	main direct producer of a direct perception apprehending blue as	
sngon 'gro	[before-go]; preliminary; preparation; prerequisite; preliminary	
sngon 'gro tsam yin pas	since [they] are mere preliminaries	
sngon 'gro'i sbyor ba	preparatory training	
sngon 'jug	prefix	
sngon du 'gro ba	preliminary; prerequisite	
sngon du 'gro ye shes	preliminary exalted wisdom; previous exalted wisdom	
sngon du bsnyen pa	prior approximation	
sngon du bsnyen pa byed pa	prior approximation	
sngon du ma song bar	without being preceded by...	
sngon dus kyi srid pa	prior state [from the second moment until death; usually the longest of	
sngon goms par byas pa	cultivated previously {T}	
sngon gyi dus	former age; earlier time	
sngon gyi las	former action {T}	
sngon gyi smon lam	former prayer wishes {T}	
sngon ma	former	
sngon med pa	unprecedented{N}	
sngon med pa skye	not previously arisen	
sngon po	blue	
sngon rol	prior; previous	
sngon song	preceding	
sngos	dedicate	
snod	vessel; environment	
snod bcud	environment and beings	
snod chus bkang ba	vessel filled with water/fluid	
snod du gyur	which is a vessel; which is an environment	
snod du gyur pa	which is a vessel; which is an environment	
snod du ma gyur pa nyid	which is not a vessel; which is not an environment	
snod du ma gyur pa'i sems can	a being who is not a [proper] vessel	
snod du rung bar 'gyur	suitable to serve as a basis	
snod gyur	vessel; environment	
snod gyur pa	vessel; environment	
snod kyi 'jig rten	worldly environment	
snod nyid du ni byed pa	not serve as a vessel; not serve as an environment	
snod yongs su sbyong ba	very pure vessel; very pure environment; purify/wash/clean the vessel	
snom	to take | carry; take up; brandish; add	
snom mo	smell; grasp; carry; take up	
snom pa	smell; grasp; carry; take up; add	
snoms	carry; brandish; take up; add	
snon po btab	add on	
snrel gzhi	non-sequential{MA 386.16-17}	
snrel zhi	non-sequential{MA 386.16-17}	
snun	to stick in	
snyad	to tell	
snyam	to think; thought | verb: to think; consider; imagine noun: thought	
snyam bgyid lags so	I thought thus	
snyam du	thinking	
snyam du 'dzin pa	the conception thinking	
snyam du bsam nas	thinking	
snyam du dogs pa skye	generate a qualm; generate the qualm	
snyam du med do	not thinking(?)	
snyam du rlom	thinking	
snyam du sems	thinking	
snyam du sems pa	a mind thinking ...	
snyam du yid gnyis	doubt	
snyam ste dpyad par bya'o	... I think this, and it should be examined	
snyams par byed pa	think	
snyan	ear	
snyan grags	fame	
snyan gtad	[ear-focus] listen; hear	
snyan pa	pleasant, well-sounding; kind; comforting | pleasant; sweet to hear; fame; renown; glory	
snyan pa dang mi snyan pa'i sgra	pleasant and unpleasant sound	
snyan par rab grags	very famous	
snyan par smra ba	pleasant statement	
snyan par smra zhing	speaking pleasantly	
snyan po	pleasant; sweet to hear; fame; renown; glory	
snyan thos kyi mthong lam rnam grol lam	path of release of a Hearer's path of seeing	
snyan thos kyi sgom lam rnam grol lam	path of release of a Hearer path of meditation	
snye ma	fruit cluster	
snyed	about | how much; however much	
snyed 'dus pa na	as many	
snyems pa	haughtiness; arrogance; pride	
snyigs	impure; degenerate	
snyigs dus	[impurity-time]; degenerate era; impure time	
snyigs dus kyi tshe thung 'di nyid la	in just this short lifetime of the degenerate era	
snyigs ma	impurity; rotten; cruddy	
snyigs ma lnga	five impurities; five cruddinesses	
snyigs pa'i dus	[impurity-of-time] degenerate era; impure time	
snyin po med pa yin pa	essenceless; no essence	
snying	heart; mind	
snying brtse ba	loving, kind	
snying brtse ba dang ldan pa	having pity	
snying brtse ba nye bar bzung nas	apprehend pity	
snying brtse ba yongs su smin pa'i mtshan nyid	character of thoroughly mature pity	
snying dga' bar byed pa	make the heart/mind happy	
snying khu	fluidity	
snying nas	[heart-from]; from the heart; wholeheartedly; earnestly	
snying nas 'jug par byed	engage in ... wholeheartedly	
snying po	essence; {T} matrix	
snying po bsdus	condense the essence	
snying po chen po'i gzhan dbang du gyur	coming under the influence of great compassion(PGP-78)	
snying po ma mchis pa	essenceless; no essence	
snying po med	essenceless; no essence	
snying po med pa	essenceless; no essence	
snying rje	compassion | [heart-foremost]; compassion	
snying rje ba	compassionate | compassionate person	
snying rje ba byed pa	practice compassion	
snying rje bar byed pa	practice compassion	
snying rje can	compassionate	
snying rje che zhing snying brtse ba	great compassion and pity	
snying rje chen po	great compassion	
snying rje chen po nyid	greatly compassionate	
snying rje dang ldan pa	compassionate	
snying rje dang ldan par gnas pa	the level of having compassion {T}	
snying rje khyab pa	pervasive compassion	
snying rje la brten nas tshul khrims dang bzod pa	ethics and patience/forbearance/tolerance/endurance in dependence	
snying rje med pa	non-compassion; pitiless; merciless; cruel	
snying rje ni rnam par 'tshe ba'i gnyen po	compassion is the antidote for harmfulness {T}	
snying rje rje ltar	pitifully	
snying rje rnam par 'phel	impel compassion	
snying rje rtsa ba	compassionate roots; root of compassion	
snying rje tshad med pa dang ldan pa	possessing immeasurable compassion {T}	
snying rje zhing snying brtse ba	compassion and pity	
snying rje'i 'phel bar 'gyur ba	impelled by compassion	
snying rje'i bdag nyid	compassionate nature; nature of compassion	
snying rje'i bdag nyid can	having a compassionate nature; having a nature of compassion	
snying rje'i bsam pa	compassionate thought; thought of compassion	
snying rje'i dbang	power of compassion	
snying rje'i khyad par	attribute of compassion	
snying rje'i ljon shing	tree of compassion {T}	
snying rje'i phan yon	benefit and qualities of compassion (?) {T}	
snying rje'i rang bzhin	compassionate nature	
snying rje'i rkyen bstan pa	teach the conditions of compassion	
snying rjes bskyed pa'i sdug bsngal	suffering/pain produced by compassion	
snying rjes byams pa khyad par du 'phags pa	compassion is superior to love {T}	
snying rjes byas pa'i sbyin pa'i phan yon	benefits and qualities of giving which is done with compassion {T}	
snying rjes zhi la mi nye ba'i lam shes	knower of paths that does not abide in [the extreme of] peace through	
snying stobs	courage | power of heart{N}; lightness | lightness; power of heart	
snyod	to feed	
snyol	to lay down	
snyom pa	think; thinking; make even(?); make level(?); equalize(?)	
snyoms	verb: make even; make level; equalize adj.: equal; even	
snyoms 'jug	absorption; meditative absorption	
snyoms 'jug pa	a meditator Nihilist; absorption; meditative absorption; Meditator	
snyoms las kyi le lo	laziness of neutral activities	
snyoms pa	verb: make even; make level; equalize adj.: equal; even	
snyoms par 'jug lang byed nus pa dang	one is able to enter and arise from absorption{PGP 87}	
snyoms par 'jug pa	absorption; meditative absorption	
snyoms par zhug so	engage in; engage in meditative absorption	
snyoms par zhugs pa'i tshe	when one has engaged in meditative absorption	
snyoms par zhugs so	engage in; engage in meditative absorption	
snyoms zhugs nas	having engaged (in meditative absorption); having entered into	
snyon	deny; to tell a lie	
snyond	deny; to tell a lie	
snyun	illness	
so	tooth | tooth; [particle indicating the end of a statement, following the suffix	
so ba	unhusked barley | thick shelled barley	
so bdun	thirty-seven	
so bya	a big black bird that cannot go into water to get fish, so it stays on the	
so ma	new	
so mthar gyi sdom pa	discipline of individual emancipation	
so nam	agriculture	
so sgra	whistling through the teeth	
so skye	common being; ordinary being	
so skye bo	common being	
so so	distinct, separate; everyone | individual; diverse; discrete; separate; different	
so so ba	distinct; discrete; separate; individual; diverse; different	
so so ba ma yin pa'i chos	phenomena that are not distinct	
so so ba'i chos	phenomena that are distinct	
so so la	individually; discrete; separate(ly)	
so so nas	individually	
so so rang gi	individual; by oneself; individually	
so so rang gis	individual; by oneself; individually; by myself{S 2}	
so so rang gis rig par bya ba	object of individual knowledge	
so so rang rig	individual knowledge; know by myself/oneself	
so so re re	individually; separately	
so so sbyar	affix; join together	
so so skye bo	common being	
so so skye bo nyid	state of an ordinary being	
so so tha dad pa	individually distinct	
so so yang dag par rig pa	individual knowledge	
so so yang dag par rig pa bzhi	four correct individual knowledges{PGP 97.5}; four individual correct	
so so yang dag par rig pa thob pa	attain individual knowledge	
so so yang dag rig	individual knowledge	
so so'i bdag	individually (powered)	
so so'i las	individual action/karma	
so so'i mthu	exalted	
so so'i nang	internally; individually	
so so'i skye bo	common being; ordinary being	
so sor	separately, individually, one after another | individual(ly); ordinary; discrete; separate; diverse; different	
so sor 'byed	differentiation; differentiate	
so sor 'chad par byed pa	explainer	
so sor 'chags pa	individually confess; individually reveal	
so sor 'chags par 'gyur ba	individually confess; individually reveal	
so sor 'chags par byed	individually confess; individually reveal	
so sor bkag pa	individual negation	
so sor brtag pa	individual analysis	
so sor brtag par bya	object of individual analysis; will individually analyze	
so sor brtag par byas te	individually analyzes	
so sor brtags 'gog	analytical cessation	
so sor brtags min gyi 'gog pa	non-analytical cessation{Gön-chok}	
so sor brtags nas	having individually analyzed	
so sor brtags pa	individual analysis	
so sor brtags pa dang bsgoms pa'i stobs	power of individual investigation and meditation	
so sor brtags pa'i 'gog pa	analytical cessation	
so sor brtags sgom pa	analytical meditation	
so sor bshags pa	reveal; individually reveal; (individually) confer; (individually) confess	
so sor bshags par byed	reveal; individually reveal; (individually) confer; (individually) confess	
so sor bshags so	reveal; individually reveal; (individually) confer; (individually) confess	
so sor gcod	bifurcate	
so sor ma brtags pa'i btang snyoms	non-analytical equanimity	
so sor mthar pa	individual emancipation	
so sor myong bar 'gyur ba	individually experience; experience	
so sor nges pa	distinction	
so sor phye nas	through making the distinction	
so sor rang gis 'dzin pa'i phyir	due to apprehending by oneself/individually	
so sor rtog go	individually investigate; individual investigation	
so sor rtog pa	individual investigation	
so sor rtog pa dang bsgoms pa'i stobs	power of individual investigation and meditation	
so sor rtog pa yid la byed pa	mental contemplation of individual investigation	
so sor rtog pa'i shes rab	wisdom of individual analysis	
so sor rtog pa'i stobs la brten pa	in dependence upon the power of individual investigation	
so sor rtog pa'i ye shes	exalted wisdom of individual investigation	
so sor rtogs pa	individual realization; individually realize	
so sor sbyar	affix; individually affix; connect	
so sor skyes bo	common being; ordinary being	
so sor skyes bu	ordinary being	
so sor spongs	individually abandon	
so sor thar pa	individual liberation; individual emancipation	
so sor thar pa'i sdom pa	vow of individual liberation	
so sor yang dag par rig pa	individual knowledge	
so thar	individual emancipation	
so to rog po	a big black bird that cannot go into water to get fish, so it stays on the	
so tshis	housekeeping	
so'i skye bo	common being; ordinary being	
sog	see gsog | to gather, to collect	
sog yul	Mongolia	
sogs	and so forth; such as, including, among others | etc; and so forth	
sogs pa	etc; and so forth	 [Hopkins]: etc.
sol ba	charcoal	
som nyi	doubt	
som nyi dang bcas pa	having doubt; doubting	
som nyi med	non-doubt; free from doubt	
son	arrive; reach; cross	
son shing	having gone; having passed; having become	
song	see 'gro | to go | gone; passed; become; occured; proceeded; has been accepted{BJ	
song ba	become; gone; passed; proceeded; occurred	
song tshad kyi rtags	sign which appears to the mind	
sor	finger	
sor 'dus	withdrawal	
sor bzhag	leave as is; leave as it is	
sor bzhi tsam gyis	just four fingers	
sor mo	finger	
sor mo lnga	five fingers {VM}	
sor mor ring ba	long fingers	
sos	see 1'tsho | to take care; to nourish, to raise; to restore | to recover; be cured	
spang	abandon; give up; eliminate; dispel; dispell; set aside	
spang ba dang bcas pa	together with abandonment; having abandonment {T}	
spang ba med pa	non-abandonment; not giving up	
spang bar bya	will abandon; object of abandonment	
spang bar bya ba	will abandon; object of abandonment	
spang bar bya ba dang spong bar byed pa	object of abandonment and abandoner	
spang bar bya ba mnyam pa	sameness of objects of abandonment	
spang bar ma yin pa	non-abandoning; non-abandonment	
spang blang	{GD:628} abandonment of what is not desirable	
spang bya	object of abandonment{Gön-chok}; will abandon	
spang bya cig car ba	simultaneous objects of abandonment{Gön-chok}	
spang bya cig char ba'i dgra bcom pa'i mkhyen pa	exalted knower of a Foe Destroyer who has simultaneous objects of	
spang bya gcig char ba'i dbang du byas pa	[paths of release of a Hearer's path of meditation that are] done in	
spang bya rim gyis pa	gradual objects of abandonment; a gradualist with respect to objects of	
spang bya rim gyis pa'i dbang du byas pa	[paths of release of a Hearer's path of meditation that are] done in	
spang bya rim gyis pa'i dgra bcom pa'i mkhyen pa	exalted knower of a Foe Destroyer who has gradual objects of	
spang byed	abandoning; abandoner	
spang gnyen gyi 'dod tshul	the mode of assertion of [objects of] abandonment and antidotes{PGP	
spang pa	abandon	
spang phyir brtson 'grus	effort for the sake of abandoment {T}	
spangs	to abandon | abandon; give up; eliminate; dispel	
spangs bya	object of abandonment	
spangs nas	having abandoned; having given up	
spangs nas rab tu 'byung ba	to come forth [as a monk or nun] having abandoned [the worldly life] ?	
spangs pa	abandon; give up; eliminate; dispel; abandonment	
spangs pa nyid	abandonment	
spangs pa zung 'jug	union of abandonment	
spangs par gyur	abandon; give up	
spangs pas	due to abandonment; through abandonning {T}	
spangs pas rab tu phye ba	thoroughly distinguished by having abandoned ...{PGP 70}	
spel	increase; augment	
spel ba	cause to increase; increase; augment	
spel mar	alternating	
spel mar skye ba	alternating production	
spen pa	saturday	
spo	move; change location	
spobs pa	courage	
spobs pa dang ldan pa	courageous; inspired	
spobs pa med pa	not courageous; uninspired	
spobs pa mi chod pa; spobs pa ma tshod pa	courage not cut off; inspiration not cut off	
spobs pa mi tshod pa	courage not cut off; inspiration not cut off	
spobs pa nges pa	definite inspiration; definite courage	
spobs par 'gyur ba	be courageous; inspired	
spobs par byed pa	be courageous; inspired	
spong	to abandon | abandon; eliminate; give up; dispel{BJ 36.4}	
spong 'gyur	abandon; eliminate; give up; dispel	
spong ba	abandon; eliminate; give up; dispel; abandonment{N}	
spong ba ni lhag ma dang bcas pa	abandonment with remainder	
spong ba ni lhag ma mchis pa	abandonment without remainder	
spong ba'i gang zag	person who abandons	
spong ba'i lam	path of abandonment	
spong ba'i mtshan ma	sign of abandonment	
spong ba'i yan lag	limb of abandonment	
spong bar 'gyur	abandon; eliminate; dispell; give up	
spong bar bgyid pa	abandon; eliminate; dispell; give up	
spong bar byed	abandon; abandoner; eliminate; dispel; give up	
spong bar byed pa	abandon; abandoner; eliminate; dispel; give up	
spong byed	abandoner	
spong du med pa'i 'gal bar shes	know this as an undispellable contradiction{BJ 42.7}	
spong pa	abandon; eliminate; give up; dispel; elimination{D2}	
spongs	to abandon | abandon; eliminate; give up; dispel; abandonment	
spongs pa	abandon; eliminate; give up; dispel; abandonment	
spos	incense; perfume	
spos kyi glang po	Gandhahastin [p.n. of a Bodhisattva]	
spra	adorned with{BJ 35.7}	
sprad	to give, to return; to make to meet, to introduce	
sprang	to beg; beggar	
sprang po	beggar	
spras	adorned with{BJ 35.7}	
spre	monkey	
spre'u	monkey	
spre'u phrug	young of a monkey, monkey-child	
sprel phrug	young of a monkey, monkey-child	
sprin	cloud	
sprin dang 'dra ba	cloud-like; similar to a cloud	
sprin dang bral ba'i 'od zer dra ba can	having rays of light and free from clouds	
sprin la sogs pas bsgribs pa	obstructed by clouds and so forth	
sprin la zhon	Cloud Mount	
sprin lta bu	cloud-like; like a cloud	
sprin med	Cloudless	
spro	elaborate; spread out; spread; go out; proceed; emit; emanate; diffuse	
spro ba	joy | elaborate; spread out; spread; go out; proceed; be enthusiastic for	
spro ba bskyed pa	produce elaborations; elaborate; spread out	
spro ba che	great elaboration	
spro ba chung ba	little elaboration	
spro ba chung ngu	little elaboration	
spro ba skyed par 'gyur ro	will produce elaborations	
spro ba skyes na	when [one] generates elaborations	
spro ba yid la byed pa	mental engagement with respect to elaborations	
spro bar	elaborate	
spro bar bya ba	object of elaboration	
spro bar skye bar 'gyur ro	will generate elaborations	
spro can	elaborate; spread out	
spro na	if [one] does it out more extensively{VM}	
spro zhing skyo ba med pa	elaboration and non-aversion	
sprod	to give, to return; to make to meet, to introduce	
spros	elaborate; spread out; spread; go out; proceed; extensively	
spros bral	free from elaborations{N}	
spros bral rtogs pa'i blo	the awareness which realizes that which is free from	
spros pa	proliferations; elaborations	
spros pa dang srid par 'dren pa chad pa	severing the connection to conceptuality and existence	
spros pa ma mchis pa	no proliferations/elaborations; non-proliferation/elaboration	
spros pa med	no elaborations; non-elaboration	
spros pa med pa	no elaborations; non-elaboration	
spros pa med pa nyid	non-elaboration	
spros pa med pa'i bdag nyid	nature that is free from elaboration; nature of non-elaboration	
spros pa rnam par bcad tsam	mere elimination of proliferations/elaborations	
spros par bya ba ma yin pa	no object of elaboration; non-elaboration	
spros par byed	elaboration; elaborate	
sprug	to shake off	
sprugs	to shake off	
sprul	send forth an emanation; emanate; emanation	
sprul 'drar	like an emanation; emanation-like	
sprul byas	emanated; sent forth an emanation	
sprul byas te	emanating; having sent forth an emanation	
sprul chen po	great emanation	
sprul nas	having emanated; emanating	
sprul pa	verb: to send forth an emanation; emanate. noun: emanation	
sprul pa dag gis dga' ldan gi gnas la sogs par skye bar kun tu ston pa	emanations teach/demonstrate birth in the lands of The Joyous	
sprul pa don du gnyer ba	one seeking emanations {T}	
sprul pa la sogs pa	emanations and so forth	
sprul pa pa	emanator; emanation	
sprul pa rnam pa gsum	three kinds of emanation	
sprul pa rnams kyis ston par byed pa	teaching by emanations	
sprul pa sku	emanation body	
sprul pa'i gang zag	unembodied emanation	
sprul pa'i nges par ston pa	definite teaching of emanations	
sprul pa'i sbyor ba'i thabs kyi las can	having the activities of methods engaging in emanation	
sprul pa'i sku	Emanation Body	
sprul par mdzad	send forth an emanation; emanate{hon.}	
sprul sku	Emanation Body	
sprul te	emanating	
spu	hair	
spu gyen du 'khyil ba	hair twisting upward	
spu long	goose bumps	
spu long byed	to cause goose bumps	
spyad	to do, to practice, to act; to use; to enjoy | practice; enjoy; make use of; perform	
spyad pa	practice; enjoy; make use of; perform	
spyad pa rnam sbyong gi dmigs pa	object of observation for purifying behavior	
spyad pa spyod pa na	when one practices	
spyad par bya ba yin no	practice; enjoy; make use of; perform	
spyad par gyur pa	practitioner; enjoyer; performer	
spyan	eye | eye{hon.}	
spyan 'dren	invite	
spyan drang	invite	
spyan drangs	invite	
spyan drongs	invite	
spyan ras gzigs	Spyan-ras-gzigs | Avalokiteshvara [p.n. of the Buddha of compassion]	
spyan ras gzigs brtul zhugs	Avalokitavrata (? - ?)	
spyan ras gzigs dbang phyug	Avalokiteshvara [p.n. of the Buddha of compassion]; Avalokiteshvara	
spyan ras gzigs dbang phyug gi ye shes	exalted wisdom of Avalokiteshvara	
spyan ras gzigs kyi dbang phyug	Avalokiteshvara [p.n. of the Buddha of compassion]	
spyan snga	before the eyes; in the presence of	
spyan sngar	[eye-before]; before the eyes; in the presence of	
spyang po	clever{D1}	
spyangs pa	depend on; hold on to; dependence; support	
spyi	generality; general; all; universal {GD:269}	
spyi bo	top/crown of the head | crown of the head; top of the head	
spyi dang bye brag	generality and particular	
spyi dngos po ba	real universal {GD:403}	
spyi don	general meaning	
spyi gtsug	crown of the head; top (of the head)	
spyi kho na	only generality; {T} generality-only	
spyi ldog	generality isolate; general-isolate	
spyi mtshan	generally characterized phenomenon; general character; general	
spyi rang las nges shing khyad par gzhan las nges kyi tshad ma	direct perceiver that in general induces ascertainment from itself and in	
spyi tso bo	Primordial Nature; unique and all-inclusive substratum {GD:152}	
spyi'i	general	
spyi'i chings	general structure	
spyi'i glor gnas pa	abiding in proximity to the generality{LWT-28}	
spyi'i mtshams sbyar	general transition{BJ 22.6}	
spyi'i mtshan nyid	generally characterized phenomenon	
spyi'i phud	apex; top	
spyin pa	giving	
spyir	in general	
spyir bshad pa	general explanation	
spyir don spyi	general meaning generality	
spyo	to scold	
spyod	to do, to practice, to act; to use; to enjoy | enjoy; make use of; practice; act out; perform; behavior; deeds	
spyod 'jug	Śāntideva's Engaging in the Bodhisattva Deeds [P5272, Vol. 99]	
spyod lam	mode of life | path of activity; path of deeds; behavior	
spyod lam rnam pa bzhi	four types of paths of activities; four types of behavior {T}	
spyod med	non-performance; inactivity	
spyod pa	behaviour, conduct | deeds; behavior{N}; enjoy; make use of; practice; act out; perform	
spyod pa bzhi po	the four deeds; the four behaviors ? {T}	
spyod pa dang ldan pa	active; having deeds	
spyod pa dang mi ldan pa	non-active; not having deeds	
spyod pa la 'jug pa	engage in deeds; engage in practice	
spyod pa nyams	corrupt deeds; degenerate behavior	
spyod pa pa	doer; performer; Mīmāṃsaka	
spyod pa rnam sbyang gi dmigs pa	objects of observation for purifying behavior	
spyod pa rnams	deeds; behaviors; practices	
spyod pa'i 'du shes	conception of behavior; conceptions about deeds	
spyod pa'i phyogs	class of deeds{N}	
spyod par byed	performer; doer; deeds; performance; enjoy; make use of; practice; act	
spyod par byed pa	enjoyer; performer; doer; deeds; performance; enjoy; make use of	
spyod par gyur pa	deeds; performance; enjoy; make use of; practice; act out; perform	
spyod pas thob pa	attain through deeds {T}	
spyod rgyud	Performance Tantra	
spyod tshul	conduct	
spyod yul	scope; object of activity{BJ 25.1}; sphere of activity; objects of	
spyod yul can	having an object of activity; having a scope	
spyod yul ma yin	no object of activity; no scope	
spyod yul sna tshogs	various objects of activity	
spyod yul yongs su dag pa	very pure object of activity	
spyong	practice{S}	
spyos	to scold	
sra	hard{D1}	
sra ba	hard	
sra bar byed pa	harden	
sra zhing 'thas pa	hard and obstructive{D1}	
srab	to diminish; thin out; fine; thin	
srab mo	fine; thin; to diminish; thin out	
srab pa	to diminish; thin out; fine; thin	
srab po	fine; thin; to diminish; thin out	
sram	otter	
sran chung leb mo	small flat red bean; red lentil	
sran ma	beans	
sras	son | son; child; offspring (hon.)	
sre da	a greenish type of grain which has a point that is bent like a hook	
sred pa	attachment; craving	
sred pa'i rang bzhin	natural craving; nature of craving	
sred par gtogs pa	included within attachment/craving	
sred par spyod pa	practice of attachment	
sred rgyu	cause of attachment	
sreg	to burn; scorch; scorched; roast; burning; attachment; craving	
sreg len mngon du gyur te	manifest attachment and grasping{PGP 108}	
sreg pa	to burn; burning; scorch; scorched; roast; attachment; craving; desire	
sreg par byed	burn; scorch	
sreg sogs mngon gyur pa	manifest attachment and so forth	
sregs	scorch	
srid	to exist, to be; to be possible, to be able; dominion | be possible; occur; be; depth; height; length; extension	
srid chags pa	desire for existence; desire to be {T}	
srid dga'	joy of existence {T}	
srid gsum	triple world | three cyclic existences	
srid la mngon dga'	manifest delight in cyclic existence	
srid mtha'	[existence-end]; almost non-existence; {T} extreme of existence	
srid pa	existence | existence [='khor ba, cyclic existence]; be; mundane existence; length	
srid pa 'pho ba'i mdo	The Transmigration Sūtra	
srid pa bar ma	intermediate existence	
srid pa dang zhi ba dag las rnam par grol ba	liberation from [the extremes of] existence and peace {T}	
srid pa gsum	three existences	
srid pa ji srid par	for as long as existence [lasts]	
srid pa mtha' ma'i byang sems	a final lifetime Bodhisattva	
srid pa nye bar len pa	appropriating of [new] existence	
srid pa yan lag	branch of existence	
srid pa'i 'brog dgon chen po	the great pit of cyclic existence	
srid pa'i bde ba	happiness of cyclic existence	
srid pa'i mtha'	extreme of cyclic existence	
srid pa'i rtse mo	peak of cyclic existence	
srid pa'i sa bon	the seed of cyclic existence{BJ 9.1}	
srid pa'i yan lag gi bag chags	predispositions of the branches of cyclic existence	
srid par 'grub pa	established/establishment in cyclic existence	
srid par gnas pa	abide in cyclic existence	
srid par kun tu sbyor ba yongs su zad pa	extinguish the entanglements in cyclic existence	
srid par sbyor ba yongs su zad pa	extinguish the entanglements in cyclic existence	
srid par song ba	gone to cyclic existence	
srid rtse	peak of cyclic existence	
srid rtse mthar thug 'gro	final peak of cyclic existence	
srid zhi mnyam nyid kyi sbyor ba	training in the equality of mundane existence and peace	
srin bu	insect; worm; vermin	
srin bu me khyer	fireflies	
srin lag	ring finger	
srin mdzub	ring finger	
srin mo	demoness, ogress	
srin po	demon, ogre | rākṣhasas	
sring	lengthen; prolong	
sring mo	sister	
srog	life | life; living being; vitality	
srog 'dzin	life bearing [wind]	
srog 'dzin kyi rlung	vitalizing wind	
srog chags	living/animated being, animal | living being	
srog chags 'byung po	living being	
srog chags phra mo	small living being	
srog dang 'bral	separate from life; separate from life-force; kill	
srog dang 'bral bar byed	separate from life; separate from life-force; kill	
srog dang ldan pa'i ldan min 'du byed	non-associated compositional factor which has life	
srog dang longs spyod dang chung ma	life, resources, and a wife {T}	
srog de nyid lus de yin	that very life is that body {T}	
srog gcod	killing; slaughter	
srog gcod pa	killing	
srog gcod pa la sogs pa'i rkyen can	having the conditions of killing, etc.	
srog gcod par byed do	killing; kills	
srog gi dbang po	life-faculty	
srog la babs pa	[life-on-descend]; dangerous to one's life; befall dangerously	
srog la lta ba	view of a soul; view of a living being	
srog med pa	non-life; non-living; no soul	
srog mi gcod pa	non-killing	
srog rtsol	vitality and exertion; [restraining] vitality and exertion; wind yoga	
srog sing	vitality-lengthening	
srog sring	lengthening vitality{TGP}	
srog tu lta ba	view of a soul	
srol	system; way	
srol 'byed	to open the way; founder	
srol 'dzin	upholder of the system{N}	
srol gtod	introduce systems [of practice]; open systems [of practice]; establish	
srong	straighten	
srung	to guard, to protect | protect/guard/keep/maintain/preserve/safeguard [e.g., vows and	
srung ba	protect/guard/keep/maintain/preserve/safeguard [e.g., vows and	
srung ba ma	Avantakas	
srung bar byed	protect/guard/keep/maintain/preserve/safeguard [e.g., vows and	
srung byed	protect/guard/keep/maintain/preserve/safeguard [e.g., vows and	
srung ma	protector; guardian	
srung sdom yal bar bzhag nas	having neglected/forsaken the vows to be	
sta gon	enhancement; ritual enhancement; ritual preparation and enhancement	
stabs	power; force; manner; mode; way	
stag	tiger	
stag mo	tigress	
stag phrug	tiger cub	
stag tshang lo tsa ba	D#ak-tsang-lo-dza-wa [b. 1405], a Sa-gya scholar who disagreed with	
stag tshang rwa ba stod pa	name of a monastery in Tibet	
stan	mat; seat | cushion; seat; mat	
star	clean; polish	
stard	clean; polish	
start]; {T}	appear; dawn; shine; reflect; present themselves; manifest	
ste	continuative or participial particle	
ste'u	axe	
stegs	platform	
stegs bu	platform	
sten	adhere to; rely on; stay close to	
sten cing	adhere to; rely on; stay close to	
steng	top, surface | above	
steng 'og	upper and lower	
steng 'og gi sna sgo gnyis	the two upper and lower openings{TGP 26}	
steng du	above, on(to); up | [top-on]; on top of; in terms of; in addition to; related with [like the	
steng khang	upper story	
steng khar	[top-mouth-to]; on top of	
steng na	with (?)	
steng nas	from | with	
ster	to allow; to give | give; bestow	
ster ba	give; bestow	
stobs	strength | power; force; strength	
stobs bcu	ten powers	
stobs can	powerful	
stobs dang mi 'jigs pa	power and fearlessness	
stobs kyis	due to; because of	
stobs ldan pa	strong, powerful	
stobs ma mchis par bgyid	make weak	
stobs phun sum tshogs pa	marvellous power	
stobs sogs sangs rgyas chos rnams	the qualities of a Buddha, power and so forth	
stod	to praise	
stod thung	shirt	
ston	to teach, to explain, to instruct; to show, to display | autumn | indicate; teach; demonstrate; reveal	
ston byed	indicate; teach; demonstrate; show; reveal.	
ston byed pa	indicate; teach; demonstrate; show; reveal	
ston gral	feast-row	
ston gyi nam mkha'	autumn sky	
ston ka	autumn	
ston kha	autumn	
ston mo	feast	
ston pa	thorougly teach complete perfect enlightenment and the great passing | verb: indicate; teach; show; demonstrate; reveal noun: teacher	
ston pa la 'jug pa dang	one enters into displaying{PGP 86}	
ston pa nyid	indication; teaching	
ston pa phun sum tshogs pa	marvellous teaching	
ston pa phun tshogs	marvellous teaching	
ston pa sangs rgyas	the teacher Buddha	
ston pa thugs rje can	the compassionate teacher	
ston pa tshad mar gyur pa	valid teacher	
ston pa'i 'du shes su byed pa	discrimination of a teacher	
ston pa'i gnas	place of displaying	
ston par byed	indicate; teach; demonstrate; show; reveal	
ston thog	harvest	
stong	thousand | thousand; 1,000; empty; empty of; vacuity	
stong ba nyid	emptiness	
stong bltar kyi don yod pas stongs pa	empty of existing the way it appears{MSI 424}	
stong bskal	age of vacuity	
stong cha	factor of emptiness	
stong du gyur	become empty	
stong gsum	one billion	
stong gsum gyi stong chen po'i 'jig rten gyi khams me mar gyis rab tu gang ba	the worldly realms of the million, billion [world-systems] filled with	
stong gzhi	base which is empty	
stong gzhi don dam gzhan stong	the ultimate other-emptiness which is the basis of emptiness	
stong nyid	emptiness	
stong nyid bdun cu pa	Nāgārjuna's Seventy Stanzas on Emptiness	
stong nyid kyi gsal snang	clear appearance of emptiness	
stong nyid rtogs pa'i lta ba	view realizing emptiness{N}	
stong nyid rtogs pa'i shes rab	wisdom realizing emptiness{N}	
stong nyid rtogs pa'i ye shes	exalted wisdom which realizes emptiness	
stong pa	empty; vacuity	
stong pa ma yin mi stong min	neither empty nor non-empty	
stong pa nyid	voidness | emptiness	
stong pa nyid gzugs so	emptiness is form	
stong pa nyid kyi lha	emptiness deity	
stong pa nyid mchog mngon par rtogs pa	directly realize the highest emptiness	
stong pa nyid rnam pa gsum	three types of emptiness	
stong pa nyid smos pa'i rnam pas	through the aspect of speaking on emptiness	
stong pa'i mtshan nyid	character of emptiness	
stong pa'i ngang	the nature of emptiness	
stong pa'i rnal 'byor	emptiness yoga	
stong pa'i ye shes	exalted wisdom of emptiness	
stong par gnas	one who abides in emptiness	
stong phrag	1,000; thousand	
stong rtsan	Mgar Stong-rtsan Yul-zung	
stong sang	[empty-pure]; clear emptiness	
stong sang nge ba	[empty-pure-utter]; utter vacuity; utter clear emptiness	
stong thun skal bzang mig 'byed	Kay-drup's Thousand Dosages, Opening the Eyes of the Fortunate	
stongs gzhi	basis of emptiness	
stongs pa	empty	
stor	to get lost | lose	
stor ba	lose; loss	
stor bar 'gyur zhing	become lost	
stsal	see stsol | to give, to bestow | bestow; confer; grant; give; speak	
stsal ba	bestow; confer; grant; give; speak	
stsal ma thag tu	immediately/right/just after	
stsol	to give, to bestow | bestow; confer; grant; give	
stsol ba	donor; giver; conferer; bestow; confer; grant; give	
stsol bar mdzad	bestow; confer; grant; give	
stums byed	monk; meditator	
stums byed ka tya'i bu las brtsams te bka' stsal ba'i mdo	Story of Saṃthakatyāyana Sūtra; Sūtra of the Meditator Katyāyana	
su	who? | [accusative, adverbial accusative, dative, and locative particle:] to; in	
su bhA Si ta ra tna ni dhi nA ma shA stra	Subhāsitaratnanidhinamashastra	
su dag	who? [plural]	
su kyang	[who-even]; anyone	
su ni nyams	who abandons?	
su yang	anybody, whoever	
su yi	whose?; of whom?	
su'i	whose?; of whom?	
sug las	action; deed; activity; work; karma	
sum	three	
sum bcu	thirty	
sum bcu pa	Vasubandhu's The Thirty	
sum bcu rtsa gsum	Land of the Thirty-Three; Heaven of the Thirty-Three	
sum bcu rtsa gsum gyi bdag po	Lord of the Heaven of the Thirty-Three [epithet of Indra]{BJ 73.7}	
sum cu dgu pa	thirty-ninth	
sum cu pa	Vasubandhu's The Thirty	
sum cu rtsa gsum	Heaven of the Thirty-three	
sum cu rtsa gsum pa	(gods of) the Heaven of the Thirty-Three	
sum skor ma	the eastern channel at the heart	
sun 'byin	disbelieving; come to disbelieve	
sun 'byin pa	disbelieving; come to disbelieve	
sun 'byin par byed	disbelieving; come to disbelieve	
sun phyung	to disbelieve; refute; come to disbelieve{BJ 9/1}	
sus	by whom?	
swa sti	[transliteration of Sanskrit word—svasti] well being	
ta	no meaning (used in Sanskrit loanwords)	
ta thA ga ta	[thus-gone] One Gone Thus [an epithet of the Buddha]	
tam	and; or; particle indicating question	
te	continuative particle indicating there is more to come in the sentence	
tha chungs	the youngest; youngest	
tha dad	different; distinct; separate; difference; different phenomena	
tha dad chos	different phenomena; phenomena which are different	
tha dad du brjod pa	express differently; express as different	
tha dad du bya ba med pa nyid	non-difference	
tha dad du byar med pa nyid	non-difference	
tha dad du dbye ba	divide; differentiate	
tha dad ma yin	not different; non-different	
tha dad med pa	not different; non-different	
tha dad min	not different; non-different; unbroken; not differentiated	
tha dad pa	different; difference; the various	
tha dad pa ma	not different; non-difference	
tha dad pa med pa	not different; non-difference	
tha dad pa nyid du rnam par rtog pa	conceive as different	
tha dad pa nyid kyi nga rgyal	pride of difference	
tha dad pa'i 'du shes	discrimination of difference	
tha dad pa'i rang bzhin ma yin pa	non-difference	
tha dad par	differently	
tha dad rigs	different lineage	
tha ga pa	weaver	
tha gu'i lto	Garlanded Belly	
tha ma	eventually | last; final	
tha ma med pa	endless; not final	
tha mag	cigarette	
tha mal	ordinary	
tha mal pa'i nga rgyal	pride of being ordinary; pride of ordinariness	
tha mal pa'i ngar rgyal	pride of being ordinary; pride of ordinariness	
tha mal pa'i sems	ordinary mind	
tha mar dge ba	final virtue	
tha mar gal che ba'i snying rje	compassion which is important at the end	
tha mi dad	non-different; non-differentiated	
tha mi dad pa	non-different; non-differentiated	
tha mi kha	cigarette	
tha na se gol gtogs pa tsam zhig	even for the time of a finger-snap	
tha shal ba	the worst	
tha snyad	convention; conventionality; verbal convention	
tha snyad 'dogs	impute conventions; conventionally impute	
tha snyad bden pa	conventional truth; nominal truth	
tha snyad btags pa'i btags don btsal ba'i tshe na grub pa	establishment at the time of searching for the designated object in the	
tha snyad byed	use [the] verbal convention ...{LG 30.5}	
tha snyad dngos su mdzad pa	explicitly uses the verbal convention	
tha snyad du	conventionally{N}; in conventional terms	
tha snyad du brjod pa	express conventionally	
tha snyad du byed pa	use [the] verbal convention; make conventions	
tha snyad du gdags pa'i tshig	conventional words; conventional expressions	
tha snyad du med pa	not exist in conventional terms	
tha snyad du yod	conventionally existent	
tha snyad du yod pa	conventionally existent; nominal existence	
tha snyad gcig pa	the One Convention School (one of the eighteen subschools of the	
tha snyad gdags pa	impute conventions; conventionally imputed	
tha snyad gdags pa tsam	merely imputed conventionally	
tha snyad gdags par bya ba	imputed conventionally; conventionally imputed	
tha snyad kyi dbang gis bzhag pa ma yin par	without being posited by the power of conventions	
tha snyad kyi gdags gzhi	basis of designation of verbal conventions	
tha snyad kyi khongs su gtogs	included within conventions{S}	
tha snyad kyi tshig	conventional words; conventional expressions	
tha snyad ma yin pa	non-conventional	
tha snyad med pa	non-conventional	
tha snyad pa mi mkhas pa	not wise with respect to conventions	
tha snyad pa mkhas pa	wise with respect to conventions	
tha snyad pa'i chos	conventional phenomena{N}	
tha snyad pa'i dpyod pa	conventional analysis	
tha snyad pa'i shes pa	conventional consciousness{N}	
tha snyad pa'i tshad ma	conventional valid cognition{N}; conventional valid cognizer	
tha snyad sgrub kyi rtags	sign proving a convention	
tha snyad spyod byed kyi shes pa	consciousness analyzing the conventional	
tha tshig	equivalent; synonym; fundamental meaning; oath; vow; promise	
thabs	means; stratagem | method; skillful means; efficacious means; techniques	
thabs byung	result from method	
thabs bzang	good method {T}	
thabs chen	great method	
thabs chen po	great method	
thabs cig	together	
thabs dang rtsa pa	root of method	
thabs dang shes rab	method and wisdom; skillful means and wisdom	
thabs gcig tu	together	
thabs kyi cha	factor of method	
thabs kyi rtogs rigs su gnas pa'i rjes thob ye shes	wisdoms of subsequent attainment that abide as method-types of	
thabs kyi theg pa	Method Vehicle	
thabs kyi tshul	many modes of skillful means	
thabs la mkhas pa	skill in means; skill in method	
thabs la mkhas pa'i las	action of skill in means; karma of skill in means	
thabs la mkhas pa'i pha rol tu phyin pa	perfection of skill in means	
thabs la mkhas pa'i rab tu dbye ba	distinction of skill in means	
thabs la rab tu slu ba	deception in method	
thabs la sbyor ba	application/exertion in skill in means	
thabs ma yin	without method	
thabs ma yin pa	without method	
thabs mchog shes pa	cognition of highest method	
thabs med	without method	
thabs mi shes pa	not knowing the method {T}	
thabs min	without method	
thabs mkhas	skill in means	
thabs mkhas pa	skill in means	
thabs mkhas pa'i ye shes kyi bye brag	instance of the exalted wisdom of skill in means	
thabs mkhyen pa	exalted knower of method	
thabs nyid du rung ba	suitable as method	
thabs rig	knowledge of method	
thabs rnams rtogs par 'gyur ba	realization of methods; understanding of methods	
thabs rnyed	obtain method; attainment of method	
thabs shes	method and wisdom; skillful means and wisdom	
thabs shes dbyer med	undifferentiable method and wisdom	
thabs shes pa	method and wisdom; cognition of method	
thabs shes pa rnyed pa	obtain method and wisdom; obtain cognition of method	
thabs su 'gro ba	serve as efficacious means	
thabs su rung	suitable as method	
thabs thob	obtain method; attainment of method	
thabs yang dag bzung ba	collection of method	
thad drang	directly in front	
thad du	to, towards | directly in front; concerning	
thad kar	animal	
thag	distance	
thag bcad	[cord-cut]; decide; abandon; sever	
thag chad pa	severed	
thag chod	to stop | decide; abandon; sever	
thag gcad	decide; abandon; sever	
thag gcod	decide; abandon; sever	
thag mi ring ba	not far	
thag pa	rope	
thag pa 'khyil ba	a coiled rope{LWT 193}	
thag pa bsdogs pa la btags pa'i sbrul ltar	like a snake imputed to a coiled rope	
thag pa khru gang pa gcig	a fifteen inch rope{DASI}	
thag rin ba	far; distant	
thag ring	far; distant	
thag ring du byed pa yin	become distant	
thag shin tu ring ba	very far	
thags	texture	
thal	to logically follow; to be consequent; it follows that ...	
thal 'gyur	consequence; contradictory consequence	
thal 'gyur ba	Prāsaṅgika; Consequentialist	
thal 'gyur ba'i lugs	the Prāsaṅgika system	
thal 'gyur du bkod pa	state as a consequence	
thal 'gyur ltar snang	pseudo/quasi/counterfeit consequence	
thal 'gyur pa	[Middle Way] Consequence School	
thal 'gyur yang dag	correct consequence	
thal 'gyur yang dag gang zhig bzlog don tshul gsum tshang ba	that which (1) is a correct consequence and (2) fulfills the three modes	
thal ba	consequence; contradictory consequence	
thal ba 'phen pa'i tshul gyis	in the manner of flinging consequences [at the opponent ...]{LWT 167}	
thal bar 'gyur	consequence; contradictory consequence	
thal lcag	a hand-slap	
thal mo	palm of the hand | palm (of the hand)	
thal rang	Consequentialist and Autonomists [Prāsaṅgikas and Svātrantikas]	
thal skad	the opening exclamation for debate	
tham pa	complete, full	
thams	to shut closely	
thams cad	all; all | all; all places (everywhere)	
thams cad bcom pa	conquered/destroyed/triumphed over all	
thams cad byang ba	purify everything	
thams cad chos nyid kyis	sameness of all phenomena	
thams cad dang ldan pa	having everything; with everything	
thams cad du	everywhere; everything; always; at all times	
thams cad du song ba	pervading everything	
thams cad gtong ba	renounce/cast away/give away everything	
thams cad kyi phyir	for the sake of all	
thams cad kyi rjes su 'gro ba	all-pervasive; omnipresent; going everywhere	
thams cad kyi thams cad	for the good of all	
thams cad la	everywhere	
thams cad la bzod pa	patience/forbearance/tolerance/endurance with respect to everything	
thams cad la khyab byed du song ba	goes everywhere as a pervader [i.e. pervades everywhere	
thams cad mkhyen	all-knowing; omniscient	
thams cad mkhyen nyid	all-knowledge; omniscience	
thams cad mkhyen pa	[all-knowing]; omniscience; omniscient one	
thams cad mkhyen pa nyid	all-knowledge; omniscience	
thams cad mkhyen pa nyid kyi bdag gi dngos po	omniscient personality	
thams cad mkhyen pa nyid thob par bya ba	obtainment of omniscience	
thams cad mkhyen pa'i ye shes	omniscient exalted wisdom	
thams cad nas	everywhere; everything	
thams cad nyid	all; totality; always; everywhere	
thams cad pa rnam par snang mdzad pa	Vairochana [p.n. of a Buddha]	
thams cad phyir	for the sake of all	
thams cad shes pa nyid	all-knoledge; omniscience	
thams cad skad cig ma 'dus byas	all momentary things are products	
thams cad slob pa yin	learn everything; study everything	
thams cad stong pa	all empty	
thams cad yod par smra ba	Proponents of the Existence of Everything	
thang	plain | a plain; field; T'ang dynasty (618 - 906 ce) of China	
thang cig	moment [1/30th of a yud tsam; skad cig = 1/60th of thang cig]	
thang thang	stretched flesh; strained muscles	
thar	to become free (from)	
thar 'gyur	become released; liberation; emancipation	
thar chags	gradual	
thar lam	path of release | path of liberation; path of release	
thar lam gsal byed	Clarifier of the Path to Liberation	
thar pa	liberation; emancipation	
thar pa 'dod pa'i gdul bya	disciplining the desire for liberation	
thar pa 'thob par 'gyur ba	obtain liberation	
thar pa cha mthun	partial concordance with liberation	
thar pa don gnyer gyi blo	awareness strenuously seeking liberation	
thar pa la dbang byed pa'i don	object that empowers [one] toward liberation	
thar pa la kun tu zhugs pa	(thoroughly) enter into liberation	
thar pa'i cha dang mthun pa	partial concordance with liberation	
thar pa'i cha dang mthun pa'i dge ba'i rtsa ba med pa	without the roots of virtue that are a partial concordance with liberation	
thar pa'i cha mthun dge ba	virtue that is a partial concordance with liberation	
thar pa'i cha mthun pa	partial concordance with liberation	
thar pa'i dbang gi brtson 'grus	effort which empowers liberation	
thar pa'i lam	path of liberation; path of release	
thar par 'gyur ba	become liberated; liberation	
thar par byed	liberation	
thar re thor re	scatteredly	
the bo	thumb	
the tshom	doubt | doubt; qualm; suspicion	
the tshom 'gyur la	doubt	
the tshom bsal ba rtogs pa	realize the	
the tshom dag ni mi gcod	not cut off doubt	
the tshom gcod pa	cut off doubt	
the tshom gcod par byed pa	cut off doubt	
the tshom gcom pa	cut off doubt	
the tshom gyi gnyen po	antidote to doubt	
the tshom med	no doubts	
the tshom med pa	no doubts	
the tshom rnam par sel ba	eliminate/eradicate/remove/clear away/avoid/exclude doubt	
the tshom skye bar 'gyur ro	produce a doubt	
the tshom spong ba	abandon doubt	
the tshom yang gcod par 'gyur	cut off doubts	
the tshom za ba	doubting	
the tshom za bar 'gyur	doubting	
the tshom za bar 'gyur na	doubting	
the tshom za bar 'gyur te	doubting	
the tshom za bar don	object of doubt	
the tshom za dus nas	when doubting	
the tshom zar 'jug go	engage in doubting; enter into doubt	
thebs	a session or a time; plant; establish	
theg	vehicle	
theg bla na med pa	unsurpassed vehicle; highest vehicle	
theg bsdus	Summary of the Great Vehicle [by Asaṅga; P5549, vol. 112]	
theg chen	Skt. mahāyāna | Great Vehicle	
theg chen gyi lam	Great Vehicle path	
theg chen gyi mi slob lam	Great Vehicle path of no more learning	
theg chen gyi mkhyen pa	Great Vehicle exalted knower	
theg chen gyi mngon rtogs	Great Vehicle clear realizer	
theg chen gyi mthong lam	GreatVehicle path of seeing	
theg chen gyi mthong lam bar chad med lam	uninterrupted path of a Great Vehicle path of seeing	
theg chen gyi mthong lam rjes thob ye shes	exalted wisdom of subsequent attainment of a Great Vehicle path of	
theg chen gyi mthong lam rnam grol lam	path of release of a Great Vehicle path of seeing	
theg chen gyi rigs chen	having the Mahāyāna/Great Vehicle lineage	
theg chen gyi rigs nges	[a person who is] definite in the Great Vehicle lineage	
theg chen gyi rigs sad pa'i gang zag	a person whose Great Vehicle lineage has been awakened	
theg chen gyi rnal 'byor mngon sum	yogic direct perception of a Mahāyānist	
theg chen gyi sbyor lam	Great Vehicle path of preparation	
theg chen gyi sgom lam	Great Vehicle path of meditation	
theg chen gyi sgom lam bar chad med lam	uninterrupted path of a Great Vehicle path of meditation	
theg chen gyi sgom lam bar chad med lam chung ngu'i chung ngu	the small of the small of an uninterrupted path of a Great Vehicle path	
theg chen gyi sgom lam mnyam bzhag ye shes	exalted wisdom of meditative equipoise of a Great Vehicle path of	
theg chen gyi sgom lam rnam grol lam	path of release of a Great Vehicle path of meditation	
theg chen gyi tshogs lam	GreatVehicle path of accumulation	
theg chen rigs chen	having the Mahāyāna/Great Vehicle lineage	
theg chen sems bskyed	Mahāyāna [altruistic] mind generation	
theg dman	Lesser Vehicle; Inferior Vehicle	
theg dman pa	Lesser Vehicle	
theg do	go(hon.)	
theg pa	vehicle; path	
theg pa bag yod	conscientiousness with respect to the vehicle	
theg pa bla na med pa	unsurpassed vehicle; highest vehicle	
theg pa chen po	Skt. mahāyāna | Great Vehicle	
theg pa chen po bsdus pa	Summary of the Great Vehicle [by Asaṅga; P5549, vol. 112]	
theg pa chen po bsgoms na	when/if cultivating the Great Vehicle	
theg pa chen po bshad pa'i chos	doctrines that explain the Great Vehicle	
theg pa chen po dang dman pa la mos pa	belief/faith/interest/inclined towards/zeal in the Great Vehicle and the	
theg pa chen po grub pa'i skabs	on the occasion of establishing the Great Vehicle	
theg pa chen po kun bsdus pa	Summary of the Great Vehicle [by Asaṅga; P5549, vol. 112]	
theg pa chen po la mos pa	belief/faith/interest/inclined towards/zeal in the Great Vehicle	
theg pa chen po la skyo ba	averse toward the Great Vehicle	
theg pa chen po la yang dag par zhugs pa	those engaged in the Great Vehicle	
theg pa chen po las ldog pa	reversed from the Great Vehicle	
theg pa chen po las mi g.yo ba	not fluctuate from the Great Vehicle	
theg pa chen po nyid rnam par dbye ba	distinguishing the greatness of the [Great] Vehicle {T}	
theg pa chen po rgyud bla ma'i bstan bcos	[Maitreya's] Great Vehicle Treatise on the Sublime Continuum /	
theg pa chen po'i chos	Great Vehicle doctrine(s)	
theg pa chen po'i chos rgya chen po	vast Great Vehicle doctrine(s)	
theg pa chen po'i mdo	Great Vehicle sūtra(s)	
theg pa chen po'i mdo sde'i rgyan	[Maitreya's] Ornament for the Great Vehicle Sūtras [P5521, Vol. 108]	
theg pa chen po'i mdo shin tu rgyas pa bsdus pa	compendium of the very extensive Great Vehicle sūtras	
theg pa chen po'i mdo zab mo dgongs pa can gyi don rtogs pa	realize the meaning that has [Buddha's] thought with respect to the	
theg pa chen po'i rten can	having a basis in the Great Vehicle	
theg pa chen po'i rtogs pa	realization of the Great Vehicle; Great Vehicle realization	
theg pa chen pos 'gro ba'i sems can	being who goes by way of the Great Vehicle	
theg pa chen pos bsdus pa'i thos pa	hearing that is included within the Great Vehicle	
theg pa chen pos nges par 'byung ba	definite emergence by way of the Great Vehicle	
theg pa chen pos nges par 'byung ba la rab tu slu ba	deceived in terms of definite emergence by way of the Great Vehicle	
theg pa dang mthun pa	concordant vehicle; concordant with the vehicle	
theg pa dman pa	Lesser Vehicle; Inferior Vehicle	
theg pa dman pas 'gro ba	go by way of the Lesser Vehicle	
theg pa gcig	one vehicle	
theg pa gcig la zhugs pa	enter into one vehicle; engage in the one vehicle	
theg pa gcig pa nyid yongs su tshol ba	thoroughly investigate/examine/research/seek one vehicle	
theg pa gcig tu bshad pa	explained as one vehicle	
theg pa gdags pa rnam par gzhag pa	remain in an imputed vehicle	
theg pa gnyis	two vehicles	
theg pa gsum	three vehicles	
theg pa gsum char la tshul bzhin yid la byed pa	mental engagement in accordance with the three vehicles	
theg pa gsum gang rung gi 'phags lam ma thob pa'i gang zag	a person who has not attained the superior's of any among the three	
theg pa gsum la rnam par dgod pa	set/establish in the three vehicles	
theg pa gzhan	other vehicle	
theg pa la gsar du zhugs pa	newly entered into the vehicle; newly engaged in the vehicle	
theg pa la mkhas pa	wise with respect to the vehicle	
theg pa la zhugs nas yun ring por ma lon pa	one who has not taken up engaging in the vehicle for a long time	
theg pa mchog	highest vehicle	
theg pa mi 'khrugs	undisturbed vehicle; undisturbed with respect to the vehicle	
theg pa mthun pa la yang dag par zhugs pa	enter into a concordant vehicle; engage in a concordant vehicle; {T}	
theg pa rnam pa gsum	three aspects of the vehicle; three types of vehicle	
theg pa thams cad la yang dag par zhugs pa	those engaged in all vehicles	
theg pa thams cad ston pa	teacher of all vehicles	
theg pa'i don ma mthong ba	not see the meaning of the vehicle	
theg pa'i don mthong ba	see the meaning of the vehicle	
ther zug	forever{S 33}	
ther zug dus	forever	
ther zug gi dus	forever{S 33} ; everlasting time	
ther zug pa	forever; eternal	
ther zug ther zug	forever; eternal	
ther zug ther zug gi dus	forever; everlasting, everlasting time	
thi ba zhar ma	a white bird like the former but has a long beak and red legs and stays	
thig	line	
thig gdabs	line	
thig le	drop; essential drop	
thig le phra mo la sems 'dzin pa	holding the mind on a subtle drop{TGP 25}	
thig nag	Black Line (Hell)	
thig pa	drop	
thigs pa	drop	
thim	to disappear (by being absorbed)	
thim pa	to dissolve; to melt; dissolve into another object	
tho 'tsham pa	attempt to hurt; intent upon hurting	
tho ba	hammer	
tho rangs	dawn	
tho rangs de nyid la don gyi 'od gsal mngon du byas nas	having manifested the clear light during that very dawn ...{TGP 60}	
tho thor tshugs	curling individually	
thob	to achieve, to attain; to obtain | attain; obtain; get	
thob 'gyur	will attain; will obtain	
thob bya	object of attainment	
thob cing	having obtained; attaining	
thob dka'	difficult to obtain	
thob gyur nas	having attained; having obtained	
thob ma thag tu	immediately/right/just after attaining	
thob nas	having gained/obtained/attained	
thob nyams pa	obtain little; little attainment; attain the small	
thob pa	acquisition; attainment; to attain; obtainer	
thob pa don dam	attainment-ultimate [i.e. nirvāṇa]; ultimate attainment	
thob pa la sgrib pa	obstruction to attainment	
thob pa med pa	non-attainment; not obtaining	
thob pa mi nyams pa'i sgom pa	meditation for the sake of the non-degeneration of what has been	
thob pa nyid	attainment; obtainment	
thob pa nyid du nus pa	able to attain	
thob pa'i khyad par	attribute of attainment	
thob pa'i lam	path of attainment	
thob pa'i phyir ro	for the sake of attaining	
thob par 'dod pa	desire to obtain	
thob par 'gyur	obtain; will obtain; attain; will attain	
thob par bgyid pa	obtain; attain	
thob par bya	object of attainment	
thob par bya ba	object of attainment{N}	
thob par bya ba'i don dam pa	ultimate that is the object of attainment	
thob par bya phyir	attain; obtain	
thob par bya'o	you should obtain/attain; one should obtain/attain	
thob par byed pa	give; cause to obtain	
thob par nges pa'i rnam pa bsgom pa	cultivate the aspect of definite attainment	
thob zin gong 'phel du 'gro ba'i phyir sgom pa	meditation for the sake of increasing what has already been attained	
thod pa	skull	
thod rgal	[skull-cross over]; leap-over	
thod rgyal	leap over	
thod rgyal du	leap-over	
thod rgyal gyi snyoms 'jug	leap-over absorptions	
thod rgyal gyi ting nge 'dzin	meditative stabilization of leap-over	
thog	what is uppermost	
thog kha	upstairs	
thog ma	beginning; initial	
thog ma dang bar dang tha mar dge ba	virtue at the beginning, middle, and end	
thog ma med pa	[beginning-not-exist]; beginningless	
thog ma med pa nas	from beginningless time	
thog ma sems bskyed nas	initial mind generation	
thog ma'i sangs rgyas	Initial Buddha; First Buddha	
thog mar	initially; at the beginning	
thog mar blo sbyong dgos pa'i bsam pa	thought in which it is necessary initially to train the mind	
thog mar gal che ba'i snying rje	compassion which is important at the beginning	
thog med	non-obstructed; unobstructed; Asaṅga [p.n. of one of the founders of	
thog mtha' gnyis	beginning and end	
thog tu	on	
thog tu 'bab	descend on oneself; befall one; befall oneself	
thog tu babs	[top-on-fall]; descend on oneself; befall one; befall oneself	
thog tu bobs	befall one; befall oneself	
thogs	to get stuck (in); to carry | (1) obstacle; obstructiveness (2) hold up with the hand; bear aloft	
thogs bcas kyi gzugs med	absence of obstructive form	
thogs ma mchis pa	unobstructed	
thogs ma med	unobstructed	
thogs med	non-obstructed; unobstructed; Asaṅga [p.n. of one of the main founders	
thogs med pa	non-obstructed; unobstructed	
thogs med sku mched	Asaṅga and his brother [Vasubandhu]	
thogs pa	(1) obstacle; obstructiveness (2) held up with the hand; borne aloft	
thogs pa dang bcas pa	together with obstacles; with obstacles	
thogs pa ma mchis pa	without obstacles; unobstructed	
thogs pa med	without obstacles; unobstructed	
thogs pa med pa	non-obstructed; without obstacles; unobstructed	
thogs pa med pa'i sems	unobstructed mind	
thogs pa med pa'i ye shes	unobstructed exalted wisdom	
thogs pa med par	unobstructedly	
thogs pa mi mnga'	without obstacles; unobstructed	
thogs pa'i sgrib pa	obstructive afflictions	
thogs par 'gyur ba	become obstructed	
thogs par byed pa	obstruct	
thogs reg gcig po bkag tsam gyi med dgag	a non-affirming negative which is the mere negation of obstructive	
thol	all at once (?)	
thon	to go out | to develop; produce; come out; depart	
thon pa	develop; produce; come out; depart	
thong	to let go, to send; to give away, to give; to abandon; to let; to set free	
thos	to hear, to listen | hear; listen; hearing	
thos byung	arisen from hearing	
thos la brten nas	in dependence upon hearing	
thos la sogs pa	hearing and so forth	
thos ma thag tu	immediately/right/just after hearing	
thos mang	much hearing; hear much	
thos pa	hearing; hear	
thos pa 'dzin pa	grasp what is heard{S}	
thos pa ... dpag tu med	immeasurable hearing	
thos pa byung bar byed pa	cause hearing to occur {T}	
thos pa dang bsam pa dang bsgom pa las byung ba'i shes pa gsum	three cognitions arisen from hearing, thinking, and meditating	
thos pa dang bsam pa dang bsgoms pa	hearing, thinking, and meditating	
thos pa dang bsam pa las byung ba	arisen from hearing and thinking	
thos pa dang mi ldan pa	without hearing	
thos pa la goms pa	meditate on what is heard; cultivate hearing	
thos pa las byung ba	arisen from hearing	
thos pa las byung ba'i shes pa phun sum tshogs pa'i rten yin pa	is based on the collection of consciousness that is arisen from hearing	
thos pa mang ba	much hearing	
thos pa mnyam med las byung	arisen from unequal hearing ? {T}	
thos pa nyung ba	little hearing; hear little	
thos pa nyung ngu	little hearing; hear little	
thos pa tsam	mere hearing	
thos pa'i chos	doctrines that are heard	
thos pa'i don sgra ji bzhin ma yin par khong du chud pa	understand what is the non-literal meaning of what is heard	
thos par 'gyur ba	hear	
thos pas nyung ba	little hearing	
thos sgrogs	Hearer Proclaimer	
thos stobs	power of hearing	
thu	to be malicious	
thu ba	coat-flap	
thu re	vibrantly	
thub	to match; to have the command of; to be able, capable; can	
thub dbang	King of the Subduers; epithet of a Buddha; Lord of Subduers	
thub pa	Subduer; Silent One [epithet for Buddha]; short for Śākyamuni,	
thub pa med pa	not subdue	
thub pa'i dbang po	King of the Subduers; an eptithet of a Buddha	
thub par dka' ba	difficult to subdue	
thub par dka' zhing ba	difficult to subdue	
thug	to be about to | meet; meet back to; have source in	
thug med	endless	
thugs	mind | exalted mind; heart; mind	
thugs 'phrog	captivate the mind	
thugs brtse	to love, to be kind	
thugs brtse ba	[mind-love]; mercy; love (hon.)	
thugs bskyed	exalted mind generation	
thugs dam	tutelary deity; meditation; vow	
thugs gdon	demon	
thugs ka	heart; mind	
thugs kyi phrin las	activity of exalted mind {T}	
thugs kyi rus	effort	
thugs kyi sa bon	seed syllable of exalted mind	
thugs mnyam par ma bzhag pa	mind in meditative equipoise	
thugs nyams	mind, heart	
thugs par sla'o	easily assailed{C}	
thugs rje	compassion	
thugs rje can	compassionate	
thugs rje chen po	great compassion	
thugs rje'i bdag nyid	compassionate nature; nature of compassion	
thugs rjes pha rol tu phyin pa	perfect [one's] compassion	
thugs rus	effort	
thugs skyo shas	grief	
thugs sprul pa	mental emanation	
thugs su chud pa	know; obtain{S}	
thugs yongs su dag pa	thoroughly purify the mind	
thun	session; period	
thun drug gi rnal 'byor	six session yoga	
thun mgo lta bu la	at the beginning of a session{TGP 8}	
thun mong	common; shared	
thun mong ba	shared; common{N}	
thun mong du	common; shared; together; in common	
thun mong ma	uncommon; unshared	
thun mong ma yin pa	unshared; uncommon	
thun mong ma yin pa'i 'gog snyoms	uncommon absorption of cessation	
thun mong ma yin pa'i bdag 'bras	uncommon dominant effect of karma	
thun mong ma yin pa'i bdag rkyen	uncommon empowering condition; uncommon dominant condition	
thun mong ma yin pa'i gsang ba'i rgyud	uncommon secret tantra	
thun mong ma yin pa'i khyad chos	uncommon distinguishing feature{N}	
thun mong ma yin pa'i ma nges pa'i gtan tshigs	uncommon indefinite reason	
thun mong ma yin pa'i rgyu	uncommon/unshared/unique cause	
thun mong ma yin pa'i sdod lugs	uncommon mode of subsistence{N}	
thun mong min	uncommon; unshared	
thun mong min nyid	uncommonness	
thun mong pa'i bdag rkyen	common empowering condition; common dominant condition	
thun mong pa'i lam	common paths{Lati}	
thun mongs	common; shared	
thun mongs ma yin pa	uncommon; unshared	
thun mongs ma yin pa'i bdag rkyen	uncommon empowering condition; uncommon dominant condition	
thun mongs pa'i bdag rkyen	common empowering condition; common dominant condition	
thung	to be short | short; brief	
thung 'brel	union{LG}	
thung ba	short; brief{D2}	
thung mtha'	smallest	
thung phyed	1/2 a yāma; about 1 1/2 hours	
thur	down; downward	
thur khyab phyin ci log	downward perverse pervasion; downward perverse entailment	
thur khyab rnal ma	downward correct pervasion; downward correct entailment	
thur ma	spoon; stick	
thur ma ring po	a long stick; a long spoon	
thur sel	downward voiding [wind]	
thur sel gyi rlung	downward-voiding wind	
ti kta	gentiana chiretta [ {T} type of plant (?); tranliteration of Sanskrit word	
ti la gyi 'bru	sesame seed	
tig ta	gentiana chiretta; [ {T} type of plant]{D1}	
til dkar nag	white and black sesame grains	
ting 'dzin	meditative stabilization	
ting 'dzin gsum gyi spyod yul	sphere of the three meditative stabilizations	
ting 'dzin gyi sgo	door of meditative stabilization	
ting 'dzin mang ldan	having many meditative stabilizations	
ting 'dzin myur du thob	quickly attain meditative stabilizations	
ting nge 'dzin	meditative stabilization	
ting nge 'dzin 'thob pa	obtain meditative stabilization	
ting nge 'dzin bskyed par byed do	produce a meditative stabilization	
ting nge 'dzin dang gzungs	meditative stabilization and retention {T}	
ting nge 'dzin dang ldan pa	having meditative stabilization	
ting nge 'dzin dpag tu med pa	limitless meditative stabilizations	
ting nge 'dzin gsum	three meditative stabilizations	
ting nge 'dzin gyi dbang	power of meditative stabilization	
ting nge 'dzin gyi dbang po	power of meditative stabilization	
ting nge 'dzin gyi dbye ba	division of meditative stabilization	
ting nge 'dzin gyi don	object of meditative stabilization	
ting nge 'dzin gyi rgyu nyid	cause of meditative stabilization	
ting nge 'dzin gyi ro myong bar mi byed pa	not experience the taste of meditative stabilization	
ting nge 'dzin gyi sgo	door of meditative stabilization	
ting nge 'dzin gyi spyod yul	sphere of meditative stabilization	
ting nge 'dzin gyi stobs	power of meditative stabilization	
ting nge 'dzin gyis rnam par rtse ba	play with meditative stabilization	
ting nge 'dzin la brten pa	in dependence upon meditative stabilization	
ting nge 'dzin la mnga' ba	sovereignty with respect to meditative stabilization	
ting nge 'dzin nyams pa	experience/vision of meditative stabilization	
ting nge 'dzin pa	one in meditative stabilization	
ting nge 'dzin yongs su mi nyams pa	thoroughly uncorrupted meditative stabilization	
to	particle indicating period; {T} terminating particle (rdzogs tshig)	
tom 'jug	vague involvement	
tom 'jug gi mi 'ong ngo	it will not come through some vague involvement	
translation	unchanging; immutable	
translation-san] {C} sajjate	to desire; to become; to form; formed; having; desire; attachment	
translation-san] {MV} anusāra (e.g.: sūtra-anusāra)	element; arising; creature; arise; come forth; emerge; appear	
translation-san] {MV} varjana	abandon; give up; eliminate; dispel	
tsa na	as soon as, when | because [verb + ...]	
tsam	mere, only; as much as, about | only; merely; just	
tsam du	as if, like; like that	
tsam kho na	only; merely; just	
tsam la mi byed par	without referring to merely that	
tsam na	as soon as	
tsam pa	how much?; how far?	
tsan dan	sandalwood	
tsan dan gyi dri	the odor of sandalwood	
tsang	because [verb + ...]	
tsha	hot | hot; intense; salt	
tsha ba	hot; intense; salt; heat; pungent	
tsha dmyal ba	hot hell; hot hell being; hot hell-being	
tsha le	alum	
tsha zhing sreg pa	hot and burning	
tshabs	very great	
tshad	all | measure; size	
tshad 'bras	valid cognition's effect	
tshad grub	valid establishment	
tshad khyad par	particular measure	
tshad ma	valid cognition; valid cognizer; prime cognition; prime cognizer; valid	
tshad ma dang ldan pa	measureable; having size; valid	
tshad ma gsum	three valid cognitions {T}	
tshad ma kun btus	Dignāga's Compendium of Valid Cognition (P. 5700, vol. 130)	
tshad ma kun las bstus pa'i 'grel bshad	Jinendrabuddhi's Commentarial Explanation of [Dignāga's]	
tshad ma kun las btus pa	Dignāga's Compendium of Valid Cognition (P. 5700, vol. 130, Ce)	
tshad ma kun las btus pa'i 'grel pa	"Dignāga's Auto-Commentary on the """"Compilation of Prime Cognition"	
tshad ma ldan pa	measureable; having size; valid	
tshad ma mchis pa	immeasurable; not valid	
tshad ma med	not valid; measureless; measurelessness	
tshad ma pa	Epistemologists	
tshad ma rnam 'grel	"[Dharmakīrti's] Commentary on (Dignāga's) """"Compilation of Prime"	
tshad ma rnam 'grel gyi dka' 'grel	Devendrabuddhi's Commentary on the Difficult Points of	
tshad ma rnam 'grel gyi tshig le'ur byas pa	"[Dharmakīrti's] Commentary on (Dignāga's) """"Compilation of Prime"	
tshad ma rnam par nges pa	Dharmakīrti's Ascertainment of Valid Cognition (P. 5710, vol. 130	
tshad ma rnam par nges pa'i 'grel bshad	[Dharmottara's] Explanatory Commentary of [Dharmakīrti's]	
tshad ma'i blo	prime consciousness	
tshad ma'i mdor	Dignāga's Compendium of Valid Cognition	
tshad ma'i skyes bu	a valid person; authoritative being	
tshad mar byas te	serve as a measure	
tshad mar mdzad pa	serve as a measure	
tshad mas dmigs pa	observed by a valid cognizer; observed by valid cognition; that which	
tshad mas grub pa	established by valid cognition; valid establishment; validly established	
tshad mas rtogs pa	realize by valid cognition	
tshad mas rtogs par bya ba	object of comprehension by a valid cognizer	
tshad med	[measure-not-exist]; immeasurable; infinite	
tshad med 'od	Immeasurable Light; Limitless Light	
tshad med bde	Immeasurable Bliss; Limitless Bliss	
tshad med bzhi	four immeasurables	
tshad med pa	immeasurable | [measure-not-exist]; immeasurable; infinite	
tshad min gyi blo	non-prime consciousness	
tshad min gyi shes pa	non-prime consciousness	
tshad sems	valid mind	
tshad yod pa	measureable	
tshag par	newspaper; magazine	
tshags byed	to save	
tshags su tshud pa	internalize	
tshal	forest, grove, wood | vegetables	
tshal ba	splinter	
tshan	nang tshan = section; division; part	
tshang	den | complete; full; entire; complete in; contained in	
tshang ba	complete; full; entire	
tshang bar rtogs pa	realize fully	
tshang ma	all	
tshang tshing	deep; impenetrable ?? {T}	
tshangs bdun	In Front of Brahmā	
tshangs chen	Great Brahmā	
tshangs dbyangs	voice of Brahma	
tshangs mang	kitchen	
tshangs mdun	In Front of Brahmā	
tshangs pa	Brahmā; Brahman	
tshangs pa ... gnas pa	land of Brahmā ?? {T}	
tshangs pa mtshungs par spyod pa	practitioner of celibacy; practice celibacy	
tshangs pa'i dbyangs so	voice of Brahma	
tshangs pa'i gnas pa	level of Brahmā	
tshangs pa'i lta ba	view of Brahmā	
tshangs pa'i spyod pa	practice celibacy	
tshangs par gyur pa	is (like) Brahma	
tshangs par spyod nyid	practice celibacy	
tshangs par spyod pa	practice celibacy	
tshangs ris	Brahmā Type	
tshar	see 'tshar | to be finished, completed | to finish	
tshe	time; lifetime; when | time; life; lifespan	
tshe 'di	this lifetime	
tshe 'di la	in this lifetime	
tshe 'di nyid la	in this very lifetime	
tshe 'dir 'tshang rgya ba	through purification in this lifetime{TGP 73}	
tshe 'dzugs	she-goat	
tshe dang ldan pa	elder, venerable (a title)	
tshe dpag med	Amitāyus [p.n. of a Buddha, also called Amitābha]	
tshe gcig	one lifetime	
tshe gcig sdug	the suffering of one lifetime	
tshe gsum	three lifetimes {T}	
tshe la sogs pas bsdus pa	included within a life and so forth	
tshe phyi ma	next life; later lifetime	
tshe phyi ma la	in the next life; in a later lifetime	
tshe phyi ma la phan 'dogs pa	benefit in the next lifetime	
tshe phyi ma'i kha na ma tho ba	fault of (a) later lifetime(s) {T}	
tshe rabs	[life-lineage]; series of births; continuum of lives	
tshe rabs 'phos	move to a rebirth; transmigrate	
tshe rig 'dzin	knowledge-fund of life	
tshe srog	life	
tshe tshigs su	at that time	
tshe'i mthar thug pa	final lifetime	
tshe'i tshad	measure of a lifetime	
tshegs	difficulty	
tshegs chen	great difficulty	
tshegs chen pos rnyed	obtained with great difficulty	
tshegs ches rnyed	obtained with great difficulty	
tshegs chung ngu	little difficulty	
tshegs chung ngu'i thabs	a method of little difficulty{TSV 68b}	
tshegs chung ngus 'grub pa	established with little difficulty	
tshegs med	effortless; non-difficulty	
tshegs med pa	effortless; non-difficulty	
tshegs med par	effortlessly; without difficulty	
tshems	to be left or forgotten {T}	
tsher ma	thorn	
tshes	day	
tshig	word | word; phrase	
tshig 'grel	word commentary	
tshig 'gyur	word translation	
tshig 'phrad grangs su ma nor bces	cherish not mistaking them for instances of connecting particles	
tshig bla dags	synonym	
tshig brtsun pa	of acceptable speech; plausible talk(er)	
tshig dang don 'chad pa	explain the words and the meaning {T}	
tshig dang shes pa	words and consciousness	
tshig dang yi ge	words and letters	
tshig dbang	word initiation	
tshig don	meaning of the word	
tshig gi don	meaning of the word	
tshig gi don med pa	non-meaning of the word	
tshig gi lam gyis gdags	designation by the paths of words; designated by the paths of words	
tshig gi rnam grangs	enumeration of scripture	
tshig gi tshogs	group of words	
tshig gis byang ba	purified by words	
tshig gis ston pa	indicate by words; teach by words	
tshig gis zin pa	what is held within the words	
tshig gsal	Candrakīrti's Clear Words	
tshig kun gyis snyan pa	pleasantness of all words	
tshig le'ur bcad pa	chapter	
tshig pa	fire; on fire	
tshig par byed	burn; burning	
tshig phun sum tshogs pa	marvellous words	
tshig rtso ba	harsh words; harsh speech	
tshig rtsub	harsh speech	
tshig rtsub mo mi 'byin pa	non-harsh words; non-harsh speech	
tshig sgrub	sentences	
tshig shin tu rigs pa	very suitable words	
tshig skyon	verbal fault{BR}	
tshig skyon gcod pa	eliminate verbal faults{BR}	
tshig snyan pa	pleasant words; kind words	
tshig tu bton	recitation	
tshig tu rab brjod pa	express in words	
tshigs 'bru sgra ji bzhin gyi don	literal meaning of letters	
tshigs bcad	stanza; verse	
tshigs gi don ni go bar sla'o	the meaning of the words is easy to understand {T}	
tshigs lhugs	prose	
tshigs su bcad pa	stanza; verses	
tshigs su bcad pa'i sde	verses; stanza	
tshil lba	fat goiter	
tshim	satisfy	
tshim byas	satisfied {T}	
tshim pa	satisfied	
tshim pa'i yid	satisfied mind	
tshim par byas pa	satisfy	
tshim par byed pa	satisfies; satisfy	
tshin	Ch'en Dynasty (557 - 589 ce) of China	
tsho	particle indicating plural	
tshod	the right amount/measure	
tshogs	crowd, troop; see 'tshogs | crowd, troop; to gather | collection; stock; assembly; gathering; group; accumulation	
tshogs 'phel ba	increase a collection {T}	
tshogs bsags	amassing the collection; accumulate the collections	
tshogs bsags pa	amassing the collection; accumulate the collections	
tshogs bsten pa	prerequisites; fulfilling the prerequisites	
tshogs dang spyod pa'i rang sangs rgyas	congregating Solitary Realizer	
tshogs gnyis rdzogs par bya ba	complete/fulfill the two collections [of merit and wisdom]	
tshogs ji lta bar byang chub yang dag par 'grub	correctly achieve enlightenment according to the collections {T}	
tshogs kyi lam	path of accumulation	
tshogs kyi rab tu dbye ba	differentiation of the collection(s) {T}	
tshogs lam	path of accumulation	
tshogs pa	collections; composite{N}	
tshogs pa dang bral ba	free from the collection(s)	
tshogs pa dang mi ldan par 'gyur ba	not having the collection(s); without the collection(s)	
tshogs pa dang mi mthun par 'gyur	discordant with the collection(s)	
tshogs pa rnyed nas	having gained the collections	
tshogs rnams rdzogs par byed	complete/fulfill the collections	
tshogs sgrub	achieving the collections	
tshogs spyad pa	congregating	
tshogs spyi	collection generality; collection-generality	
tshogs spyod	Congregating [Solitary Realizer]	
tshogs spyod pa	Congregating [Solitary Realizers]	
tshogs yongs su ma rdzogs pa	not complete/fulfill the collections	
tshogs yongs su rdzogs par byed pa	complete/fulfill the collections	
tshogs yongs su smin pa	mature the collection(s)	
tshogs zhing	[assembly/accumulation-field]; field for accumulating; field of	
tshol	see 'tshol | to obtain; to search, to look for | seek; seek out; investigate; examine; research; look for	
tshol ba	search | seek; seek out; investigate; examine; research; look for	
tshol ba med pa	not investigate/examine/research/seek/look for	
tshol ba pa	seeker; seek; seeker out; investigater; examiner; researcher	
tshon	paint | hue	
tshon po	fat	
tshong	trade	
tshong khang	shop; store	
tshor	to recognise, to perceive	
tshor ba	feeling	
tshor ba btang snyoms	neutral feelings{Lati}	
tshor ba btang snyoms kyi sa pa'i rigs su gnas pa	abiding in the type which is a ground of neutral feelings (?)	
tshor ba dran pa nye bar bzhag pa	establishment in mindfulness of feeling	
tshor ba po	feeler{N}	
tshor ba sems bde	feeling of mental bliss	
tshor ba yid bde	feeling of mental bliss	
tshor ba'i dbang po	power of feeling; faculty of feeling	
tshor ba'i rgyu	cause of feeling	
tshor bar byed du 'jug pa	engage in feeling	
tshor bar byed pa po	feeler	
tshor rkyen	have a keen sense of; have an experiential knowledge of	
tshu rol mdzes pa	Hedonist; those [who hold it is] beautiful here; Materialist; Nihilist	
tshud	see 'tshud | to enter | enter; go into; get into	
tshud pa	to enter; go into; get into	
tshugs	to harm; see 'tshugs | to harm; to be settled/established | to be able {T}	
tshugs pa	sdod tshugs pa = sit still	
tshugs thub	self-instituting{N}; able to set itself up	
tshugs thub tu grub pa	able to set itself up	
tshul	way, manner | mode; way; system; manner; fashion; proper way	
tshul 'chos	superficial religious performance; hypocritical religious performance	
tshul bstan pa	display the mode	
tshul bzang spyad	act in a good manner; act well {T}	
tshul bzhin	in the right way; proper; properly{S}	
tshul bzhin du	[way-like]; properly; in the right way; proper	
tshul bzhin du 'jug na	engage properly; properly enter into	
tshul bzhin du gnas par 'gyur ba	abide properly	
tshul bzhin du min	improperly; not in the right way	
tshul bzhin du yid la byed pa las	from proper mental activity	
tshul bzhin kun 'dris	Vidhivatparipṛcchaka [p.n. of a Bodhisattva]	
tshul bzhin ma lags pa la zhugs pa	not properly oriented{S}	
tshul bzhin ma lags pa yid la bgyid pa	improper mental activity/contemplation/taking to mind	
tshul bzhin ma yin pa la sbyor ba	application/engagement in that which is improper	
tshul bzhin ma yin par yid la byed pa'i nyes dmigs	observing the fault of improper mental application {T}	
tshul bzhin ma yin yid la byed	improper mental activity	
tshul bzhin yid bya	proper mental activity	
tshul bzhin yid byed pa	proper mental activity	
tshul bzhin yid la bya ba	proper mental activity	
tshul bzhin yid la byed pa	proper mental activity	
tshul bzhin zhugs	properly oriented{S}	
tshul dang 'dra bar	similar to the mode/way	
tshul du	like | as the mode; as the way	
tshul gcig	one mode; one way	
tshul gcig tu bsgrub pa	established as one mode	
tshul gcig tu bstan pa	indicate as one mode; teach in one way	
tshul gcig tu rtogs pa	realize as one mode; understand in one way	
tshul gnyis	two modes	
tshul gsum	the three modes [of proof]	
tshul gyis	due to the mode; by the mode; through the way	
tshul gyis gnas pa	abide through the mode	
tshul ji ltar na	in what way?{BJ 50.6}	
tshul khrims	[system-law]; ethics; morality	
tshul khrims 'chal	faulty ethics	
tshul khrims 'chal ba	faulty ethics	
tshul khrims 'chal pa	faulty ethics	
tshul khrims 'joms	destroyed ethics	
tshul khrims dag la 'god pa	set/establish in ethics	
tshul khrims dag pa	pure ethics	
tshul khrims dang brdul zhugs	conception of ethics and systems of behavior as supreme	
tshul khrims dang brtul zhugs mchog 'dzin	conception of ethics and modes of conduct as supreme	
tshul khrims dang brtul zhugs mchog tu 'dzin pa	conception of ethics and modes of conduct as supreme	
tshul khrims dang ldan pa	having ethics; ethical	
tshul khrims dang lta ba	ethics and views	
tshul khrims kyi pha rol tu phyin pa	perfection of ethics	
tshul khrims kyi rab tu dbye ba	differentiation of ethics {T}	
tshul khrims kyi sbyin pa	giving of ethics	
tshul khrims kyi sdom pa	ethical vow	
tshul khrims kyi yon tan	quality of ethics; ethical quality	
tshul khrims la gnas	abide in ethics	
tshul khrims la sogs pa 'jog pa	engage in ethics, etc.	
tshul khrims la sogs pa rnam pa drug pa	the six aspects, ethics and so forth {T}	
tshul khrims ma nyams	non-degenerated ethics; uncorrupted ethics	
tshul khrims ngan pa	bad ethics; immorality; immoral; {T} one who has bad ethics	
tshul khrims ngan par byed pa	act immorally	
tshul khrims nyams pa	degenerated ethics; corrupted ethics	
tshul khrims nyams pa med pa	non-degenerated ethics; uncorrupted ethics	
tshul khrims ral ba	lost ethics; forgotten ethics	
tshul khrims rjes su dran pa'i mthar gyis sbyor ba	serial training of recollection of ethics	
tshul khrims rnam par dag pa	pure ethics; purify ethics	
tshul khrims sdom pa	ethical vow	
tshul khrims shin tu rnam par dag pa	very pure ethics	
tshul khrims skyon	faulty ethics	
tshul khrims yang dag par blangs pa	correctly assume ethics; correctly take up a system of ethics {T}	
tshul khrims yongs su rdzogs par 'gyur ro	complete perfection of ethics	
tshul krims	ethics	
tshul ma lags pa	discipline	
tshul mdzad pa	putting on a show	
tshul mthun pa tsam	mere concordant mode	
tshul nas	from the mode; from the way	
tshul rnam par dag pa'i yon tan ston pa	teach the qualities of the pure mode	
tshun chad	within; up to	
tshun chad du	up to; except; so far as; within	
tshun chad nas	up to; except; so far as; within	
tshur	here, hither | nearby	
tshur 'khyer	bring to	
tshur byed	take in; understand	
tshur mdzes	beautiful here	
tshur mthong	one who sees nearby [i.e. an ordinary being]; one who looks nearby	
tshur mthong rgyud la	in the continuum of a short-sighted being	
tshur rol	near; close	
tshur rol gyi cha	near part; close part	
tshur rol mdzes smra ba	Those Who Propound That it is Beautiful Here; Cārvāka; Materialist	
tshwa	salt	
tshwa sgo can	corrosive; caustic; burning {T}	
tsong kha pa	Dzong-ka-ba (1357-1419); founder of the Ge-luk-b#a (dge lugs pa)	
tu	accusative; dative; and locative particle: to; in; as; -ly; at	
u pa	Performance Tantra {T}	
u ru su	Russia	
ut pa la	lotus; blue lotus	
ut pa la ltar gas pa	Utpala (Hell)	
ut wa la	lotus; blue lotus	
wa	(1) a gutter trough of pipe, usually made of wood (2) in Tantra, a | wolf	
wa ba	goiter	
wa la	clear, distinct, plain	
wa le	clear, distinct, plain	
wa mo	fox	
wa ra	a kind of tea	
wa ra Na si	Vārāṇasī, modern day Benares	
wa ra nA si	Vārāṇasī, modern day Benares	
wa ra na si	Vārāṇasī, modern day Benares	
wa ru na	(1) Varuṇa, the god of water (2) a kind of plant (3) p.n. of a nāga	
wa si	a kind of apple	
wa skyes	fox	
wa ti	[a sanctuary in Nepal]	
wang khyi	Wang-kyee [p.n. of a Sa-bdag monster]	
wen tsheg	Wonch'uk (Korean scholar, Ch. Yüan-ts'e, 613-696); Tripiṭaka	
wen tshig	Wonch'uk (Korean scholar, Ch. Yüan-ts'e, 613-696)	
wer ma	a class of Bon minor deities	
wo ti	enlightenment [transliteration of Sanskrit word—bodhi]	
ya	one of a pair; {T} an odd number	
ya bral	separated	
ya gir	up there	
yab	father | father [term of reference] (hon.)	
yab mes	ancestors	
yab sras	[spiritual] son(s)	
yab sras kyi dgongs pa	the thought of the Father and his [spiritual] sons	
yab yum	parents	
yag po	good	
yal	to disappear	
yal ba	to disappear; fade	
yal bar 'dor ba	abandon; neglect; forsake	
yal bar 'jog	neglect	
yal bar bor ba	abandon; neglect; forsake	
yal bar dor ba	abandon; neglect; forsake	
yal ga	branch	
yal ga gel	tree	
yal ga lo 'dab dang ldan pa	having branches, leaves, and trunk	
yal ga phra mo	twig	
yan	up to	
yan chad	above; X and above	
yan chod	above; X and above	
yan lag	limb | branch; limb; member; part; element; link	
yan lag bcas pa	having branches; having limbs	
yan lag brgyad ldan gyi lam	eight-branched path	
yan lag can	parts-possessor; whole{N}	
yan lag dang nying lag	limbs and secondary limbs {T}	
yan lag drug	six branches	
yan lag drug cu	sixty branches	
yan lag gi kha dog	secondary color	
yan lag gi rlung	secondary winds	
yan lag lnga dang ldan pa'i gsung	speech having the five branches	
yan lag ma tshang ba	incomplete branches; incomplete limbs	
yang	again; still, more; further | (1) but; even; also; again; and (2) light [as in not heavy]{D1}	
yang 'di skad ces gsol	spoke thus{S}	
yang 'jug	secondary suffix	
yang ba	light; lightness	
yang dag	real [e.g., objects]; authentic; correct [e.g.; consciousnesses]; reality	
yang dag 'byung	completely arise	
yang dag 'da' bar 'gyur	correctly pass beyond; real passing beyond	
yang dag 'das	correctly pass beyond; real passing beyond	
yang dag 'dzin	completely apprehend; correctly apprehend	
yang dag 'grub	real establishment; correctly established	
yang dag 'grub pa	real establishment; correctly established	
yang dag 'thob	correctly obtain; real attainment	
yang dag bden pa	Paramārthasamudgata (pn. of bodhisattva); the Indian master	
yang dag bkod	correctly/thoroughly set/state/establish/arrange/register/make a	
yang dag blangs pa	correctly adopt; correct adoption; correct assertion; correctly assume	
yang dag brjod	correctly express; correctly state	
yang dag brten	correct basis; real basis	
yang dag bshad	correctly explain; completely explain	
yang dag bstan	correct teaching; teach correctly	
yang dag chos rab ston	teach correct doctrines	
yang dag chos sgrub byed tshe	when correctly established	
yang dag dad pa'i rjes 'brang ba	followers of right faith	
yang dag gnas pa la brten nas	depending upon a correct basis; depending upon a real basis	
yang dag grub pa	real establishment; correctly established	
yang dag kun rdzob	real/correct conventionality; concealer/obscurer of reality	
yang dag kun rdzob bden pa	real/correct concealer-truth; real/correct conventional truth	
yang dag lta	correct view	
yang dag ma yin	unreal; incorrect	
yang dag ma yin kun rtog	unreal imputation; unreal ideation	
yang dag ma yin kun rtog pa	unreal imputation	
yang dag ma yin rtog pa	unreal conceptuality	
yang dag mchod byed	worship correctly {T}	
yang dag min	unreal; incorrect	
yang dag min pa nyid	unreality; incorrectness	
yang dag min rtog	unreal conceptuality	
yang dag min rtog rgyu mtshan	cause of unreal ideation	
yang dag min rtog yin par rtogs pa	understand unreal conceptuality	
yang dag min yang dag ma yin min	neither real nor unreal	
yang dag mtha'	real limit; reality limit; limit of correctness; limit of reality	
yang dag nges par 'byung ba smra	proponent of correct definite emergence ? {T}	
yang dag nyid	correctness; real; reality; realness	
yang dag nyid bsgribs nas	having obstructed reality ? {T}	
yang dag pa	[again-pure]; correct; very pure; real; complete; reality	
yang dag pa ji bzhin nyid	real reality	
yang dag pa ji lta ba bzhin du	as it really is	
yang dag pa ji lta ba bzhin du brtags pa	investigate in accordance with how it really is	
yang dag pa ji lta ba bzhin du rtogs par bya ba	understanding in accordance with how it really is	
yang dag pa ji lta ba bzhin du rtogs par byed pa	understand in accordance with how it really is	
yang dag pa ji lta ba bzhin du yongs su shes pa	thoroughly cognize in accordance with how it really is	
yang dag pa ma yin	incorrect; not pure; not real; incomplete	
yang dag pa ma yin pa kun brtag pa	incorrect investigation; investigation of the incorrect {T}	
yang dag pa ma yin pa kun tu rtog pa	incorrect conception; conception of the incorrect {T}	
yang dag pa ma yin pa la 'dzin pa	apprehending what is unreal	
yang dag pa ma yin pa las yongs su brtags pa	imputation of what is unreal	
yang dag pa ma yin pa mtshan ma	unreal sign; incorrect sign	
yang dag pa ma yin pa yongs su 'dzin par byed	apprehending what is unreal	
yang dag pa ma yin pa'i chos yongs su mi 'dzin pa	a person who does not apprehend unreal phenomena	
yang dag pa ma yin pa'i kun tu rtog pa	imputation of what is unreal	
yang dag pa nyid	correctness; completeness; reality	
yang dag pa nyid du nges pa	faultless reality; faultless correctness; {T} ascertain correctly	
yang dag pa nyid rjes su rtogs pas	through understanding correctly	
yang dag pa nyid skyon med pa	faultless reality; faultless correctness	
yang dag pa'i 'tsho ba	correct livelihood {T}	
yang dag pa'i de bzhin nyid	real suchness	
yang dag pa'i dmigs pa	real object of observation	
yang dag pa'i don	true in fact; correct meaning; real object	
yang dag pa'i don du thams cad mkhyen pa nyid	exalted knower of everything that is true in fact	
yang dag pa'i don goms pa yang mi dgos par gsungs so	it is not necessary that one become familiar with something which is	
yang dag pa'i don gyi	which is true in fact; which is the true meaning; which is a real object	
yang dag pa'i dran pa	correct mindfulness	
yang dag pa'i gdams ngag	correct advice/instruction/counsel/preceptual instruction/advisory	
yang dag pa'i gdams ngag rjes su bstan pa	teaching correct advice/instruction/counsel/preceptual	
yang dag pa'i las kyi mtha'	correct aims of action {T}; correct intentions	
yang dag pa'i lta ba	correct view	
yang dag pa'i mtha'	reality-limit	
yang dag pa'i mtha' ma yin pa	no reality-limit	
yang dag pa'i ngag	correct speech	
yang dag pa'i ngag dang las kyi mtha' dang 'tsho ba	correct speech, aims of action, and livelihood {T}	
yang dag pa'i rtog pa	correct conceptuality; conceive correctly	
yang dag pa'i rtsol ba	correct exertion {T}	
yang dag pa'i sbyor ba yid la byed pa	applying the mind to correct training; mental application which is	
yang dag pa'i sgrub pa	correctly established; correct establishment	
yang dag pa'i shes pa	consciousness of reality	
yang dag pa'i shes pas sems shin tu rnam par grol ba	thoroughly liberate the mind through correct cognition	
yang dag pa'i smon lam	correct vow; real vow; {T} correct prayer-wishes	
yang dag pa'i ting nge 'dzin	correct meditative stabilization	
yang dag pa'i tshul	correct mode; correct way	
yang dag pa'i ye shes	correct exalted wisdom; real exalted wisdom	
yang dag par	really | correctly; really; completely	
yang dag par 'byed pa	completely separate; completely differentiate; completely open	
yang dag par 'da' ba	completely pass beyond; completely transcend	
yang dag par 'das pa	completely pass beyond; completely transcend	
yang dag par 'du ba	completely collect; completely assemble	
yang dag par 'du ba ma lags	not completely collect; not completely assemble	
yang dag par 'du shes	correct conception; {T} correct discrimination	
yang dag par 'dus pa	completely collect; completely assemble	
yang dag par 'dzin du 'jug	engage in completely apprehending	
yang dag par 'dzin pa	completely apprehend; correctly apprehend	
yang dag par 'god pa	truly/correctly set/establish	
yang dag par 'grub	truly establish; correctly establish	
yang dag par 'grub pa	truly establish; true establishment; correctly establish	
yang dag par 'grub par bya ba	object of true establishment; truly established object	
yang dag par 'grub par byed pa	truly establish	
yang dag par 'gyed pa	correctly impel; impel	
yang dag par 'jog par byed	correctly posit; establish	
yang dag par 'joms pa	completely destroy; completely supress	
yang dag par 'jug	correctly engage in; correctly enter into; real engagement	
yang dag par 'jug pa	correctly engage in; correctly enter into; real engagement	
yang dag par 'jug par byed	correctly engage in; correctly enter into	
yang dag par 'phags pa	become completely superior	
yang dag par 'phags par 'gyur ba	become completely superior	
yang dag par 'phel bar 'gyur	completely increase; correctly increase	
yang dag par 'thob pa	completely obtain; correctly attain; real attainment	
yang dag par bcom	completely destroy/overcome/triumph over	
yang dag par bcom pa	completely destroy/overcome/triumph over	
yang dag par blang te gnas pa	abide having completely adopted {T}	
yang dag par blangs	completely adopt; completely assume; correctly adopt	
yang dag par blangs pa	completely adopt; completely assume; correctly adopt	
yang dag par bsal ba	completely eliminate/eradicate/remove/clear away/avoid/exclude	
yang dag par bsdu bar bya'o	one should completely collect/assemble	
yang dag par bsdus pa	completely collect/assemble/summarize	
yang dag par bsgrub pa	truly establish; true establishment; correctly establish	
yang dag par bsgrub par 'gyur	truly establish; correctly establish	
yang dag par bsgrub par bgyis	truly establish; true establishment; correctly establish	
yang dag par bsgrubs pa	truly establish; true establishment; correctly establish	
yang dag par bshad pa'i dngos po	thing which is correctly explained	
yang dag par bskyed par 'gyur	correctly generate; really produce	
yang dag par bskyed par byed	correctly generate; really produce	
yang dag par bstan pa	completely teach; correctly teach	
yang dag par bsten pa	completely/correctly rely upon/make use of/stay close to/adhere to	
yang dag par bzung ba	correctly apprehend; correctly grasp	
yang dag par chad pa	completely cut; complete annihiliation	
yang dag par dga' bar bya'o	one should be truly happy	
yang dag par dmigs	completely observe; correctly observe	
yang dag par gnas pa	completely abide	
yang dag par grub pa	true establishment; establishment as its own reality; established as (its	
yang dag par gsung ba	speak correctly	
yang dag par gzhom pa	complete destruction; completely destroy	
yang dag par gzigs nas	having correctly seen	
yang dag par gzigs pas	through having correctly seen	
yang dag par kun shes pos sems shin tu rnam par grol ba	thoroughly liberate the mind through correct cognition	
yang dag par len	correctly appropriate; completely take	
yang dag par len du 'jug pa	engage in correct appropriation; correctly appropriate; completely take	
yang dag par len pa	correctly appropriate; completely take	
yang dag par len par byed	correctly appropriate; completely take	
yang dag par lta	completely view; correctly view	
yang dag par mnos pa 'i rgya	completely cause to receive	
yang dag par mthong	completely view; correctly view	
yang dag par mthong ba	completely view; correctly view	
yang dag par myong ba	completely experience	
yang dag par nyams pa	completely abandon	
yang dag par rab tu 'jog go	correctly posit	
yang dag par rab tu brtson pa	correct effort	
yang dag par rab tu ston pa	correctly teach; correct teaching; correctly indicate	
yang dag par rdzogs pa'i byang chub	complete, perfect enlightenment	
yang dag par rdzogs pa'i sangs rgyas	complete, perfect Buddha; completely, perfectly Buddhified	
yang dag par rig pa	correct awareness; correct knowledge	
yang dag par rjes su blta'o	correctly view; completely view	
yang dag par rjes su ma mthong	not completely observe; incorrectly observe	
yang dag par rjes su mi mthong ba	not completely observe; incorrectly observe	
yang dag par rjes su mthong	completely observe; correctly observe	
yang dag par rjes su mthong ba	completely observe; correctly observe	
yang dag par rtog pa	completely conceive	
yang dag par rtogs pa	completely realize; correctly realize	
yang dag par sbyor ba	completely train/engage/appply in; completely practice	
yang dag par sdom pa	correctly restrain {T}	
yang dag par sgrub	true establishment; truly establish; correctly establish	
yang dag par sgrub pa	true establishment; truly establish; correctly establish	
yang dag par sgrub pa'i de bzhin nyid	truly established suchness	
yang dag par sgrub pa'i de kho na	truly established reality	
yang dag par sgrub par byed do	truly establish; correctly establish	
yang dag par shes pa	correct consciousness; correctly cognize	
yang dag par shes par 'gyur	correctly cognize	
yang dag par skul ba	correctly exhort; correctly arouse; correctly incite	
yang dag par skyon med par zhugs pa	enter into complete faultlessness	
yang dag par smra bas smra ba yin	propound through correctly propounding	
yang dag par snang ba	completely appear; correctly appear	
yang dag par so sor rtog pa	correct individual investigation	
yang dag par spong ba	thorough abandoning	
yang dag par spyod pa	correct practice; correctly prepare	
yang dag par spyod par 'gyur ro	correct practice; correctly prepare	
yang dag par ston pa	completely teach; correctly teach	
yang dag par ston par byed pa	completely teach; correctly teach	
yang dag par yod pa	really exist; really existing	
yang dag par zad pa	complete extinction; completely exhaust	
yang dag par zhi bar byed pa	completely pacify	
yang dag par zhugs pa	completely enter; correectly approach	
yang dag par zhugs pa 'jug	completely enter; correectly approach	
yang dag par zhum	completely slack/discouraged/weak/timid/cowardly	
yang dag rab tu spong	completely abandon	
yang dag rdzogs	complete perfect	
yang dag rdzogs pa'i byang chub	complete enlightenment; perfect enlightenment	
yang dag rig	complete awareness; correct awareness; correct knowledge	
yang dag sgrub byed tshe	when correctly established	
yang dag sgrub pa	real establishment; correctly established	
yang dag sgrub par byed	correctly establish	
yang dag shes pa	correct consciousness; completely cognize	
yang dag spang bar bya	should be correctly abandonned {T}	
yang dag spyod pa	correctly practice; correct practice	
yang dag ye shes	exalted wisdom of reality; correct exalted wisdom {T}	
yang dag yongs su smin pa'i mtshan nyid	completely matured character	
yang dang yang	again and again	
yang dang yang du	again and again	
yang dang yang du sbyin pa	give again and again	
yang dang yang du ston par mi byed pa	not teach again and again	
yang dang yang du yid la byed pa goms na	if one familiarizes, taking to mind again and again{TGP}	
yang du	again and again	
yang ma	not yet; not again	
yang na	or | or; or, in another way; moreover{BJ 48.4}	
yang nge g.yeng nge	colloquial speech	
yang sos	Reviving Hell	
yang srid mi 'dod	not desire further existence	
yang srid pa	further being; be again	
yang yang	again and again	
yang yang byas pa	one who has done again and again	
yang zhing g.yo ba	light and moving{D1}	
yangs	wide; broad; extensive; vast	
yangs pa	wide; broad; extensive; vast	
yangs pa can	Vaiśali [p.n. of a city]	
yangs pa rgyas pa	extensive	
yangs shing rgya che bar 'gyur ro	become extensive	
yar	up, upward	
yas	up	
yas bgrang	counting up	
ye gdod ma	primordial start	
ye med pa	utter non-existence{N}	
ye med pa ... ma yin	non utter non-existence	
ye med pas ni ma yin	nor is it utterly non-existent	
ye shes	[perfectly-know]; exalted wisdom; exalted wisdom consciousness	
ye shes 'byung gnas chen po 'dra	like the great source of exalted wisdom {T}	
ye shes 'jug pa	engage in wisdom; enter into wisdom	
ye shes bla na med pa	sublime wisdom; unsurpassed wisdom	
ye shes chen po nyid	greatness of exalted wisdom	
ye shes chos sku	Wisdom Truth Body	
ye shes cung zad babs pa	those upon whom a little wisdom has descended	
ye shes dang las	wisdom and action	
ye shes dpal	glorious exalted wisdom	
ye shes gzigs pa	exalted wisdom and seeing	
ye shes khyad par du 'phags pa'i phrin las	activity of superior exalted wisdom {T}	
ye shes kun gyi rgyu mtshan	cause of all exalted wisdoms	
ye shes kyi gnas	level of exalted wisdom; place of exalted wisdom {T}	
ye shes kyi khyad par	feature of exalted wisdom {T}	
ye shes kyi lam	path of wisdom	
ye shes kyi pha rol tu phyin pa	perfection of exalted wisdom	
ye shes kyi phyag rgya	wisdom seal	
ye shes kyi rgyu mtshan	cause of exalted wisdom	
ye shes kyi rig ma	Wisdom Knowledge Woman	
ye shes kyi tshogs	collection of wisdom; accumulation of wisdom	
ye shes kyis bskul ba	exhort by means of exalted wisdom {T}	
ye shes kyis khyab pa	pervaded by wisdom	
ye shes kyis yongs zin pa	thoroughly apprehended by exalted wisdom {T}	
ye shes la cung zad dbang thob pa	those who have achieved slight mastery with respect to wisdom	
ye shes la tshol ba'i rnam pa	aspect of seeking/investigating/examining/researching exalted wisdom	
ye shes la yang dag par dbang thob pa	those who have achieved thorough mastery with respect to wisdom	
ye shes lam	path of wisdom	
ye shes ma bsgribs pa	unobstructed wisdom	
ye shes mtsho rgyal	p.n. of a female Tantric siddhā, the Tibetan consort of Padmasaṃbhāva	
ye shes ni rnam pa bzhi	four aspects of exalted wisdom; four types of exalted wisdom {T}	
ye shes pa	wisdom being; being of wisdom	
ye shes pa gzhug pa	entry of the wisdom being; entry of a wisdom being	
ye shes rdo rje	wisdom-vajra | D#zang-b#a Gyay-ray-ye-shay-dor-je (1161-1211), a G#a-gyu (bka'	
ye shes rnam pa sna tshogs pa'i phrin las	activities of the various exalted wisdoms {T}	
ye shes rnam par dag pa	pure wisdom	
ye shes shin tu rnam dag pa gnyis su med pa'i don	meaning of the non-dual, very pure exalted wisdom {T}	
ye shes snying po	essence of wisdom; p.n. of the chief follower of Bhāvaviveka	
ye shes snying po kun las btus	Āryadeva's Compendium of the Essence of Wisdom{BJ 50.3}	
ye shes thams cad chags pa ma mchis pa dang thogs pa ma mchis pa	unobstructed and unattached with respect to exalted wisdom of all	
ye shes thogs pa mi mnga' ba	without obstructions to exalted wisdom {T}	
ye shes tshogs	collection of wisdom	
ye shes tshul sgo	modes and doors of wisdom	
ye shes yangs pa	extensive wisdom	
yengs	distraction	
yi	mind | [genetive particle] of; '; which; also adjectival genetive; and non-case | (as genitive particle) of; by; in; which. (as non-case particle) and; but	
yi dags	hungry ghost | preta; hungry ghost	
yi dam	[mind-firm]; personal deity; tutelary deity; promise; vow; one who has	
yi dam gyi lha	personal deity; tutelary deity	
yi dam la brtan pa	firm in [one's] vow/promise	
yi dam ma nyams pa	not forsake [one's] promise/vow	
yi dam mi nyams pa	not forsake [one's] promise/vow	
yi dwags	hungry ghost	
yi dwags kyi rten can gyi so so'i skye bo	common being having the basis of a hungry ghost	
yi dwags kyi skye gnas	hungry ghost womb	
yi dwags kyi yul pa	object of hungry ghosts	
yi ge	(written) text; letter | letter [of the alphabet]	
yi ge 'bri ba	write letters; write	
yi ge dang don du rnam par gnas pa	abide in letters and meanings	
yi ge dang tshig dang tshig 'bru	letters, words, and verbal expressions	
yi ge la dmigs pa	observing the letter {T}	
yi ge la phyin ci ma log pa	non-perverse letter	
yi ge legs par nges par bshad pa	definitely explain letters well	
yi ge mnyam pa nyid	sameness of letters	
yi ge nyung du	in few letters	
yi ge phun sum tshogs pa	complete letter; marvellous letter	
yi ge'i lha	letter deity	
yi ge'i tshogs	group of letters	
yi ger 'dri	write	
yi ger 'dri ba	write; writing	
yi ger 'dri bar 'gyur	write	
yi ger 'dri bar 'gyur ba	write	
yi ger 'drir 'jug pa	write; engage in letters	
yi ger 'jug pa	write; engage in letters	
yi ger bris nas 'chang ba	bear in mind what is written	
yi ger ma log pa	non-mistaken letter; non-mistaken with respect to letters	
yi mug	to despair, to be tormented	
yi mugs pa	depression; discouragement	
yid	mind | mind; (main) perceiver; intellect [=nyon yid, afflicted mentality	
yid 'dzin	mental apprehension	
yid 'gyur	transform the mind; mind changing	
yid 'gyur pa	transforming the mind; mind changing	
yid 'khrugs pa	mental corruption	
yid 'ong	pleasant; attractive	
yid bde	mental bliss; mental pleasure	
yid bde ba	bliss; happiness; pleasure; {T} mental bliss	
yid brtan	[mind-firm]; confidence; reliance; firm attitude	
yid brtan nas	having relied; confidently	
yid brtan pa	[mind-firm]; confidence; reliance	
yid brtan rung ba	suitable for firmness of mind{N}	
yid byed	mental engagement; mental contemplation; take to mind; arisen from	
yid byed pa	mental engagement; mental contemplation; take to mind	
yid byung nas	having become disgusted	
yid bzhin gyi nor bu	wish-fulfilling jewel	
yid bzhin nor bu	wish-fulfilling jewel {T}	
yid bzlog pa	turn the mind; reverse the mind {T}	
yid ches	belief; conviction; trust; confidence	
yid ches kyi dad pa	faith of conviction; knowledgable faith; trusting faith	
yid ches pa	have conviction in{N}; belief	
yid ches pa la sgrib pa	obstruction(s) to belief	
yid ches pa'i bsam pa	believing thought; thought of belief	
yid ches pa'i dad pa	faith of conviction	
yid ches pa'i lung gi tshad ma	prime cognizer of believable scripture	
yid ches par 'gyur	believe; have belief in	
yid ches par 'gyur na	if there is belief ... {T}	
yid ches par byed	believe; have belief in	
yid ches par byed pa	believe; have belief in	
yid ches rjes dpag	inference through belief	
yid dang 'dzin pa dang rnam par rtog pa	mentality, apprehension, and conceptuality	
yid dang 'dzin pa dang rnam par rtog par snang ba	appearance as mentality, apprehension, and conceptuality	
yid dang chos	mentality and phenomena	
yid dang kun gzhi	mentality and basis-of-all{BAA 2a}	
yid dbang	mental sense-power; mental power	
yid dga' bar	mental joy; happiness	
yid dngangs pa	mentally fear/be afraid/panic	
yid dor ba	wish to cast out; want to discard	
yid dpyod	correct assumption; correctly assuming consciousness	
yid du 'ong ba	[mind-to-come]; attractive; handsome; charming	
yid du mi 'ong ba	[mind-to-not-come]; unattractive; not handsome; not charming	
yid gnyis	doubt; two-pointed mind	
yid gnyis can	doubting; having doubt; having two-pointed mind	
yid gnyis med	non-doubting; no doubt	
yid gzhan du gyur pa	mental transformation	
yid kyi brjod pa	mental expression; {T} mental repetition ??	
yid kyi dbang	mental power; mental faculty	
yid kyi dbang po	mental sense power	
yid kyi las	mental action; mental activity; mental karma	
yid kyi mngon sum	mental direct perception	
yid kyi mtsho	Lake Mānasarovara	
yid kyi nyes pa	mental fault {T}	
yid kyi nyon mongs	mental afflictions	
yid kyi rnam par shes pa	mental consciousness{LG}; (main) perceiver	
yid kyi rnam shes	mental consciousness; (main) perceiver	 [Hopkins]: (main) perceiver
yid kyi skyon yang dag par sel ba	completely eliminate/eradicate/remove/clear away/avoid/exclude the	
yid kyis bsgom par bya ba	object of cultivation by the mind	
yid kyis legs par brtags	analyze well with the mind	
yid la bsam	mental thought	
yid la bsam pa	mental thought	
yid la bya ba	mental engagement; mental application; mental contemplation; mental	
yid la byas pa	mental engagement; mental application; mental contemplation; mental	
yid la byed	mental engagement; mental application; mental contemplation; mental	
yid la byed dang bcas	having mental application; having mental engagement	
yid la byed pa	mental engagement; mental application; mental contemplation; mental	
yid la byed pa bcu gcig	eleven mental contemplations	
yid la byed pa bsgrub pa	establish mental engagement; establish mental application	
yid la byed pa la phyin ci ma log pa	non-mistaken mental application; non-mistaken with respect to mental	
yid la byed pa la sgrub pa	established in mental application	
yid la byed pa las 'das pa'i rnal 'byor pa	yogi who has passed beyond mental contemplation	
yid la byed pa las dang po ba	mental contemplation of a beginner{Lati}	
yid la byed pa las dang po pa	beginner at mental contemplation	
yid la byed pa las dang po pa'i rnal 'byor	yoga of a beginner at mental contemplation	
yid la byed pa ma log pa	non-mistaken mental application	
yid la byed pa mi mthun pa'i phyogs spangs pa	abandon the discordances to mental application	
yid la byed pa phyin ci ma log pa	non-mistaken mental application	
yid la byed pa yongs su rdzogs pa'i rnal 'byor	yoga of one whose mental contemplation is perfected	
yid la byed pa'i rnam par g.yeng ba	distraction of mental application {T}	
yid la byed pas yongs su blang bas	due to adoption through mental application	
yid la mi byed	mental non-application; mental non-attention; mental non	
yid la mi byed pa	mental non-application; mental non-attention; mental non	
yid la nyal	mental dormancy	
yid las 'byung ba	arise from the mind	
yid lus	mental body	
yid lus thogs pa med pa	unimpeded mental body	
yid ma gtad	inattentive mind; {T} unfocused mind	
yid mi bde	unhappy; displeased; mental discomfort	
yid mi bde ba	unhappy; displeased	
yid mi bde bar gyur nas	being unhappy; being displeased	
yid mi byed	mental non-engagement; mental non-contemplation; mental inactivity	
yid mi ches pas skrag pa'i phyir	due to being frightened by non-belief	
yid mi skrag pa	non-fearful mind; unfrightened mind	
yid mngon	mental direct perceiver; mental direct perception	
yid mngon bcad shes	mental direct perceiver that is a subsequent cognizer	
yid nang du 'dzin par byed pa	apprehend within the mind	
yid nyes	mental violence; mental fault	
yid rab tu rang	very suitable (to the mind); very pleasing{LG 30.5}	
yid rton	[mind-confidence]; confidence; reliance	
yid rton pa	[mind-confidence]; confidence; reliance	
yid rton par 'gyur ba	confidence; reliance; be confident; rely	
yid shes	mental consciousness; mental cognition	
yid shes pa	mental consciousness; mental cognition	
yid shes su gyur pa'i rtog med log shes	non-conceptual mistaken consciousness that is a mental consciousness	
yid shes su gyur pa'i rtog med mngon sum ltar snang	non-conceptual pseudo/quasi/counterfeit direct perception that is a	
yid smon	admiration; mental wish	
yid sngang ba	antipathy{S 52.3}	
yid spyod	correct assumption	
yid zhe sdang gis krugs pa la brten nas sa gzhi dmar por snang ba'i dbang shes	sense consciousness to which the basis (earth) appears as red in	
yig 'bru	syllable	
yig cha	textbook; texts written in debating style; monastic textbook	
yig grangs	line	
yin	to be | is; be	
yin 'gro	probably	
yin gyur	what something is	
yin khyab	pervasion of being	
yin khyab mnyam	coextensive; mutually inclusive	
yin kyi ma red	probably not	
yin kyi red	probably	
yin log	opposite-from-being-something	
yin log min log	opposite from being [something] and opposite from not being	
yin lugs	mode of being{N}	
yin na'ang	yet; however; but	
yin pa	is; {T} being	
yin pa 'dra	it seems	
yin pa las log pa	opposite from being; non-	
yin pa mi srid pa	occurence is not possible; that [or those] of which being it [or them] is	
yin pa mi srid pa'i rtag pa	permanent phenomenon whose occurence is not possible	
yin pa mi srid pa'i shes bya	an object of knowledge whose occurence is not possible; objects of	
yin pa srid pa	possible occurence; occurrence is possible; that [or those] of which	
yin pa srid pa'i rtag pa	permanent phenomenon whose occurrence is possible	
yin pa srid pa'i shes bya	an object of knowledge whose occurrence is possible; object[s] of	
yin par gyur pa'i rtag pa	something which a permanent phenomenon is	
yin tshod	measure of being	
yin tshul	way of being	
yin yang	is, but...; even though; regardless	
yis	[instrumental particle] by; with; by means of; non-case usage as | by; by means of; with; because	
yo ba	crooked	
yo byad	goods; necessities; assets; belongings; possessions; requisites [of life]	
yo byad 'byor ba	necessities and acquisitions	
yo ga	transliteration of sanskrit yoga	
yo re ba	whole; looming	
yod	to be, to exist; to have | exist; existence; exists; have	
yod 'gro	probably	
yod dang med	existence and non-existence	
yod dang med don mngon sum pa	one who has direct perception of existence and non-existence {T}	
yod dang med pa	existence and non-existence; being and non-being	
yod dang med pa nyid	existence and non-existence; being and non-being	
yod do zhes bya ba ni rtag pa'i mtha'o	it exists is the extreme of permanence	
yod khyab	pervasion of existence	
yod kyi ma red	probably not	
yod kyi red	probably	
yod lugs	way of existence	
yod ma yin	non-existent; does not exist	
yod med	non-existent; does not exist; not existent	
yod med khyad par med pa	there is no distinction between existing and non-existing {T}	
yod med nyid	existence and non-existence; being and non-being	
yod min	non-existent; does not exist; not existent{BJ 38.1}	
yod mtha'	[existence-extremity]; the extreme of existence	
yod na	if [something] exists	
yod pa	be; exist; be present; an existent (thing); existence; exists	
yod pa 'dra	it seems	
yod pa dang med pa	existence and non-existence; being and non-being	
yod pa dang med pa de dag tha mi dad pa'i phyir	because those existents and non-existents are not different {T}	
yod pa dang med pa mnyam pa nyid	sameness of existence and non-existence	
yod pa dang med pa nyid	existence and non-existence; being and non-being	
yod pa dang med pa'i de kho na	reality of existence and non-existence	
yod pa dang yin pa'i khyad par	the difference between the existence [that is, presence, of such and	
yod pa kun nas spangs te	abandoning all existents	
yod pa ma 'dra	probably not	
yod pa ma yin	not existent{N}; non-existent	
yod pa ma yin pa la yongs su brtags pa	imagine it whereas it does not exist	
yod pa ma yin te byung ba ma yin	does not exist, [since it] does not arise; {T} not existing it does not	
yod pa med	non-existence	
yod pa nyid	existence	
yod pa nyid du bstan pa	indicate/teach as existent {T}	
yod pa nyid ma yin	non-existent	
yod pa spangs pa	abandon existence	
yod pa'am med pa	existent or non-existent	
yod pa'i mtha'	extreme of existence{N}	
yod pa'i mtshan nyid	character of existence; existent character	
yod par	which is; as existent	
yod par 'dzin pa	apprehend as existent	
yod par rnam par rtog pa	conceive as existent	
yod par shes par bya'o	one should cognize as existent; {T} should be known as existent	
yod pas yin par mi 'grub	the existence [that is, presence of such and such] does not establish	
yod sgrub	exists proof	
yod smra ba	Sarvāstivādin	
yon gtan	value; quality	
yon po	deceiver	
yon tan	excellent quality, virtue; good skill | good qualities; good quality; virtue; attainment; quality	
yon tan 'byung	arising of good qualities	
yon tan 'byung gnas	source of good qualities; [p.n.]? {T}	
yon tan 'chang ba	hold to good qualities; holder of good qualities {T}	
yon tan 'dod pa	desire good qualities	
yon tan 'od	Guṇaprabha [p.n.]	
yon tan 'phel byed	increase good qualities	
yon tan blo gros	Guṇamati [p.n.]	
yon tan brgya phrag bcu gnyis	twelve [sets] of a hundred-fold good qualities{PGP 78}	
yon tan brgya phrag bcu gnyis 'byung	arising of twelve [sets] of a hundred-fold good qualities	
yon tan bzang po	Guṇabhadra	
yon tan bzhi	four qualities	
yon tan can	excellent	
yon tan dang ldan	having good qualities; with good qualities	
yon tan dang ldan pa	having good qualities; with good qualities	
yon tan dang ldan pa'i bshes gnyen	spiritual friend with good qualities; {T} spritual friend with the good	
yon tan dang skyon yongs su brtags pa	investiage/analyze qualities and faults	
yon tan dpag tu med pa	immeasurable good qualities	
yon tan du lta ba'i tshul	method of viewing good qualities {T}	
yon tan gsum	three qualities	
yon tan gsum pa'i sems pa	intention with three qualities	
yon tan gter	treasury of good qualities	
yon tan gyi che ba nyid	greatness of qualities	
yon tan gyi khyad par	special qualities; distinctive qualities	
yon tan gyi mi mthun pa'i phyogs las grol ba	released from the discordances to good qualities	
yon tan gyi skabs	occassion of good qualities {T}	
yon tan gyis lci ba	heavy with good qualities	
yon tan khyad par can	having special qualities	
yon tan khyad par can gyi sgrib pa	obstruction of special good qualities {T}	
yon tan kyi rten	basis of good qualities	
yon tan la 'jug pa	engage in good qualities	
yon tan lhag ma	special qualities	
yon tan ma mchis pa	without good qualities; without qualities	
yon tan mang po dang ldan pa	(friend) having many good qualities	
yon tan mi zad pa dang mnyam pa med pa dang ldan pa nyid	having inexhaustible and incomparable good qualities {T}	
yon tan mnyam pa med pa dang ldan pa nyid	having dissimilar qualities	
yon tan mthong ba	see good qualities {T}	
yon tan mtshungs pa med pa	dissimilar qualities	
yon tan rgya mtsho	ocean of good qualities	
yon tan rgya mtsho'i pha rol	other side of the ocean of good qualities	
yon tan rin chen sdud pa	compendium of precious qualities ? {T}	
yon tan rin po che	precious qualities	
yon tan rnam bcu	ten types of good qualities; ten-fold good qualities {T}	
yon tan rnam par dbye ba	differentiation of good qualities {T}	
yon tan rnams kyi las	activity of good qualities {T}	
yon tan rnams kyis gang ba'i phyir	because of being full of good qualities; because it/one is full of good	
yon tan shes	cognition of (good) qualities; cognize (good) qualities	
yon tan tshogs	accumulation of qualities; collection of good qualities	
yon tan tshul	quality; mode of qualities	
yong	to come | to come; will	
yong su mi chad par 'gyur	not cut off; non-annihilation; non-nullification	
yongs	to come | whole; wholly; completely; thoroughly	
yongs 'don	cause to come out; expel; recite; take out	
yongs 'du	divine tree	
yongs 'dzin	retainer; tutor	
yongs 'gengs	fill; fulfill; satiate	
yongs brjod	express	
yongs brjod pa	express	
yongs bsdus	thoroughly/completely collect/summarize/include/bring together	
yongs bsdus nas	having thoroughly collected/summarized/included/brought together	
yongs bsgos	infuse; deposit; order	
yongs bskor ba	thoroughly encircle/surround/revolve/circumambulate/turn round/turn	
yongs bsngo	dedicate	
yongs bsngo bar byed	dedicating; dedicate	
yongs bsngos	dedicate	
yongs bsrung	thoroughly protect/guard/keep/maintain/preserve/safeguard [e.g., vows	
yongs bzung	apprehend; grasp; hold; conceive	
yongs dag	thoroughly pure; thorough purity	
yongs dag pa	thoroughly pure; thorough purity	
yongs gcod	positive inclusion{N}; exclusionary elimination	
yongs grub	thoroughly established phenomenon; thoroughly established [nature]	
yongs grub kyi mtshan nyid	the thoroughly established character	
yongs nyams	abandon; thoroughly abandon	
yongs nyams pa	abandon	
yongs rdzogs	thoroughly complete/perfect	
yongs rdzogs byas nas	having completed/perfected/fulfilled	
yongs rtog	conceptuality; conceive; think	
yongs rtog pa	conceptuality; conceive; think	
yongs shes	cognize	
yongs shes nas	having cognized	
yongs shes pa	cognize	
yongs smin	thorough maturing; maturing; thoroughly ripen	
yongs smin bya	thoroughly maturing; maturing; thoroughly ripen	
yongs smin byed	thoroughly maturing; maturing; thoroughly ripen	
yongs smin par byed	thoroughly maturing; maturing; thoroughly ripen	
yongs spong	thoroughly abandon; thorough abandonment	
yongs spong nyid	thorough abandonment	
yongs su	wholly; completely; thoroughly	
yongs su 'dren pa	induce; inducer; lead; leader; draw; connect; cite; guide	
yongs su 'dri bar bya'o	ask; question	
yongs su 'dris pa	thorough familiarity	
yongs su 'dris par byed	become thoroughly familiar with; thorough familiarity	
yongs su 'dud par byed	thoroughly pay homage	
yongs su 'dzin	(thoroughly) apprehend; (thoroughly) grasp; (thoroughly) hold	
yongs su 'dzin pa	(thoroughly) apprehend; (thoroughly) grasp; (thoroughly) hold	
yongs su 'dzin pa med pa'i don	meaning of non-grasping {T}	
yongs su 'dzin pa thams cad gtong ba	renounce all grasping; give up all grasping	
yongs su 'dzin par 'gyur	(thoroughly) apprehend; (thoroughly) grasp; (thoroughly) hold	
yongs su 'dzin par byed	(thoroughly) apprehend; (thoroughly) grasp; (thoroughly) hold	
yongs su 'dzin par byed pa	(thoroughly) apprehend; (thoroughly) grasp; (thoroughly) hold	
yongs su 'grib	thoroughly diminish; diminishment; diminution	
yongs su 'grib pa	thoroughly diminish; diminishment; diminution	
yongs su 'grol	to become absolutely free	
yongs su 'grol ba	become completely free; be thoroughly liberated	
yongs su 'grub pa	thoroughly establish; thoroughly established	
yongs su 'gyur ba	thoroughly transform; change; transformation; evolution	
yongs su 'gyur ba'i nyan thos pa	hearer who is changeable	
yongs su 'tshal ba	(thoroughly) seek; (thoroughly) want; ask; beseech; desire	
yongs su 'tshol ba	thoroughly seek/investigate/examine/research/look for	
yongs su blangs	(thoroughly) adopt; (thoroughly) assume; (thoroughly) take up; take	
yongs su brjod	(thoroughly) express; state; expression; (thoroughly) say	
yongs su brjod pa	(thoroughly) express; state; expression; (thoroughly) say	
yongs su brjod pa'i tshul gyis	through the mode of expression; by way of (thoroughly) expressing	
yongs su brlan pa	thoroughly wet	
yongs su brtag	(thoroughly) analyze; (thoroughly) investigate	
yongs su brtag pa bzung	(thoroughly) analyze; (thoroughly) investigate	
yongs su brtags pa	thoroughly analyze/investigate	
yongs su brtog pa	thought; conceptual consciousness; think; (thoroughly) conceive	
yongs su bsams pa	think; thought	
yongs su bsdu ba	(thoroughly) collect; (thoroughly) include; (thoroughly) abridge	
yongs su bsgoms pa	thoroughly cultivate/meditate	
yongs su bsgos nas	having thoroughly infused/deposited	
yongs su bsgos pa	thoroughly infused/deposited	
yongs su bsgrags	widely known; widely renowned	
yongs su bsgrags nas	widely known; widely renowned	
yongs su bsgrags pa	widely known; widely renowned	
yongs su bsgrub pa	thoroughly establish; thoroughly established	
yongs su bskor	thoroughly encircle/surround/revolve/circumambulate/turn round/turn	
yongs su bskor ba	thoroughly encircle/surround/revolve/circumambulate/turn round/turn	
yongs su bskor bar gyur pa	thoroughly encircle/surround/revolve/circumambulate/turn round/turn	
yongs su bskyab	defend; protect; help; rescue; save	
yongs su bskyab pa	defend; protect; help; rescue; save	
yongs su bskyab par bya'o	one should protect; one should defend	
yongs su bslang	thoroughly not ask/beg/collect/gather/raise/inspire/excite/arouse/cause	
yongs su bsngo	(thoroughly) dedicate	
yongs su bsngo ba	(thoroughly) dedicate	
yongs su bsngo bar bya	(thoroughly) dedicate	
yongs su bsngo bar byed	(thoroughly) dedicate	
yongs su bsngos pa	(thoroughly) dedicate	
yongs su bsngos pa yin	is (thoroughly) dedicated	
yongs su bsngos par chud yin	is (thoroughly) dedicated	
yongs su bsngos pas	through (thoroughly) dedicating	
yongs su bsrung ba	thoroughly protect/guard/keep/maintain/preserve/safeguard [e.g., vows	
yongs su bsrungs pa	thoroughly protect/guard/keep/maintain/preserve/safeguard [e.g., vows	
yongs su bstan	(thoroughly) indicate; (thoroughly) teach	
yongs su bstan pa	(thoroughly) indicate; (thoroughly) teach	
yongs su btang ba	thoroughly give/give up/send/let go/renounce	
yongs su btang bar 'gyur	thoroughly give/give up/send/let go/renounce	
yongs su btang bar bya ba	thoroughly give/give up/send/let go/renounce	
yongs su btang bar bya'o	should/will thoroughly give/give up/send/let go/renounce	
yongs su btsal	(thoroughly) search; (thoroughly) seek	
yongs su btsal bar	(thoroughly) search; (thoroughly) seek	
yongs su byang ba	(thoroughly) purified; (thoroughly) purify; (thorough) purity	
yongs su bzung ba	(thoroughly) apprehend; (thoroughly) grasp; (thoroughly) hold	
yongs su bzung ba med pa	not apprehend; non-apprehension; not grasp; not hold; not conceive	
yongs su chad pa	thoroughly cut off; thorough annihilation	
yongs su chad pa med	not cut off; non-annihilation	
yongs su dag 'gyur	(thoroughly) purify; (thorougly) purified	
yongs su dag pa	(thoroughly) purify; (thorougly) purified; (thorough) purity; purifying	
yongs su dag pa dang rnam par dag pa	thorough purity and purity {T}	
yongs su dag pa'i khyad par	feature of thorough purity {T}	
yongs su dag pa'i sa pa	one on the ground of thorough purity {T}	
yongs su dag par 'gyur ba	(thoroughly) purify; (thoroughly) purified	
yongs su dag par bya ba	object of (thorough) purification; (thoroughly) purify; (thoroughly)	
yongs su dag par byed pa	(thoroughly) purify; (thoroughly) purified	
yongs su dgrol	thoroughly liberate; thoroughly release; thoroughly loosen	
yongs su dgrol ba	thoroughly liberate; thoroughly release; thoroughly loosen	
yongs su dpyod pa	(thoroughly) investigate; thorough investigation; (thoroughly)	
yongs su dris pa	question; ask	
yongs su dul ba	(thoroughly) discipline; (thorough) disciplining; (thoroughly) tame	
yongs su dul bar byed	(thoroughly) discipline; (thorough) disciplining; (thoroughly) tame	
yongs su g.yo ba	(thoroughly) move; (thoroughly) fluctuate; (thoroughly) remove	
yongs su gcod	(thoroughly) cut; (thoroughly) decide; (thoroughly) eliminate	
yongs su gcod pa byed pa	(thoroughly) cut; (thoroughly) decide; (thoroughly) eliminate	
yongs su gdung ba	(thoroughly) torment; (thorough) mortification; be (thoroughly)	
yongs su gdung ba med pa	non-torment; non-mortification; not tormented; not scorched; nondesire	
yongs su gnas pa	(thoroughly) abide; (complete) abode	
yongs su goms pa	thoroughly cultivate; meditate	
yongs su grags pa	widely known; widely renowned	
yongs su grol ba	thoroughly liberate; thoroughly release(d); thoroughly loosen(ed)	
yongs su grol bar 'gyur ro	thoroughly liberate; thoroughly release; thoroughly loosen	
yongs su grol bar byed de	thoroughly liberate; thoroughly release; thoroughly loosen	
yongs su grub	thoroughly established	
yongs su grub pa	thoroughly established	
yongs su grub pa'i mtshan nyid	the thoroughly established character	
yongs su grub pa'i ngo bo nyid	thoroughly established entityness	
yongs su grub pa'i rang bzhin	thoroughly established nature	
yongs su gsal bar byas	serve to clarify knowledge	
yongs su gtad pa	bestowal; entrusting; favors; favored	
yongs su gtang ba	(thoroughly) send; (thoroughly) give away; (thoroughly) let loose	
yongs su gtang ba med pa	not give away; not send; not let loose	
yongs su gtang bar bya'o	thoroughly give; treat; cast away; send; let go; give away; let loose	
yongs su gtong	thoroughly give/treat/cast away/send/renounce	
yongs su gtong ba	thoroughly give/treat/cast away/send/renounce	
yongs su gtong bar byed do	thoroughly give/treat/cast away/send/renounce	
yongs su gyur pa	(thoroughly) change; (thoroughly) transform	
yongs su gzung	(thoroughly) apprehend; (completely) identify	
yongs su gzung ba	(thoroughly) apprehend; (completely) identify	
yongs su gzung ba med pa	not apprehend; non-identification	
yongs su khebs pa	thoroughly covered/enveloped	
yongs su len	to accept	
yongs su len pa	(thoroughly) appropriate; (thoroughly) take; obtain	
yongs su longs	(thoroughly) appropriate; obtain; accept	
yongs su longs spyad pa	(thorough) enjoyment; resources	
yongs su longs spyod pa	(thorough) enjoyment; resources	
yongs su ltung bas	completely fallen into	
yongs su ma btang ba	not thoroughly give/give up/send/let go/renounce	
yongs su ma byang ba	not completely pure; not purified	
yongs su ma bzung	not apprehend; not grasp; not hold; not conceive	
yongs su ma dag pa	not thoroughly pure; not pure	
yongs su ma grub pa	thoroughly non-established; not thoroughly established	
yongs su ma nyams pa	non-degenerate; not corrupted {T}	
yongs su ma rdzogs pa	not complete; imperfect; not perfect	
yongs su ma shes pa yongs su shes par bya ba'i dbang po	the power which cognizes what is not yet cognized	
yongs su ma smin pa	not (thoroughly) matured; not (thoroughly) ripened; immature	
yongs su mi gtong ba	not thoroughly give/treat/cast away/send/renounce	
yongs su mi ngal	non-fatigue; non-weariness	
yongs su mi nyams pa'i chos can	non-degenerated subject; thoroughly undefiled subject	
yongs su mi shes	non-consciousness; not cognize	
yongs su mi skyo	non-aversion; not averse	
yongs su mkhyen pa	thoroughly know; complete exalted knower	
yongs su mya ngan las 'da' ba	parinirvāṇa; thoroughly passed beyond sorrow; thorough passing	
yongs su mya ngan las 'das bya ba	thoroughly passed beyond sorrow; thorough passing beyond sorrow	
yongs su mya ngan las 'das pa	parinirvāṇa; thoroughly passed beyond sorrow; thorough passing	
yongs su mya ngan las mi 'da' ba'i chos can	a subject that has not thoroughly passed beyond sorrow {T}	
yongs su mya ngan las zlog pa	thoroughly turned away from sorrow; thoroughly reversed from sorrow	
yongs su nges pa	(thoroughly) ascertain; (thorough) ascertainment; very definite	
yongs su nyams	(thoroughly) degenerated; (thoroughly) spoiled; (thoroughly) corrupted	
yongs su nyams pa	(thoroughly) degenerated; (thoroughly) spoiled; (thoroughly) corrupted	
yongs su nyams par 'gyur	(thoroughly) degenerated; (thoroughly) spoiled; (thoroughly) corrupted	
yongs su nyams par 'gyur ba	(thoroughly) degenerated; (thoroughly) spoiled; (thoroughly) corrupted	
yongs su rdzogs pa	[thorough-ly-finished]; completely perfected; thoroughly	
yongs su rdzogs pa'i rkyen	condition of thorough completion; condition of complete perfection	
yongs su rdzogs pa'i tshul khrims	thoroughly perfect/complete ethics	
yongs su rdzogs par bya ba	thorough perfection/completion	
yongs su rdzogs par bya ba'i don	object/meaning of thorough perfection/completion	
yongs su rdzogs par byed pa	completely perfect; thoroughly finish	
yongs su rdzogs par gyur cig	may it become complete/completely perfect	
yongs su rgyas	thoroughly extend; increase; thoroughly fill; spread	
yongs su rgyas pa	thoroughly extend; very extensive; increase; thoroughly fill; spread	
yongs su rtog pa	thought; conceptual thought; conceptual consciousness; impute	
yongs su rtog pa ma mchis pa	no conceptual thought; no conceptual consciousness; not impute; nonimputation	
yongs su rtogs pa	(thoroughly) realize; (thoroughly) cognize; (thoroughly) understand	
yongs su sbyang ba bgyis	thoroughly purify/wash/practice/train/cleanse/clean	
yongs su sbyang ba byas pa	thoroughly purified/washed/practiced/trained/cleansed/cleaned	
yongs su sbyang bar bya	will/should thoroughly thoroughly	
yongs su sbyang pa	thoroughly purify/wash/practice/train/cleanse/clean	
yongs su sbyangs pa	thoroughly purify/wash/practice/train/cleanse/clean	
yongs su sbyangs pa byas pa'i rnal 'byor	yoga of someone who is practiced	
yongs su sbyong ba	thorough purification/cleansing/washing/practicing/training/cleaning	
yongs su sbyor ba	thoroughly join/connect/apply/exert	
yongs su sdud pa	(thoroughly) collect; (thoroughly) include; (thoroughly) abridge	
yongs su sdud par 'gyur ro	(thoroughly) collect; (thoroughly) include; (thoroughly) abridge	
yongs su sdud par byed	(thoroughly) collect; (thoroughly) include; (thoroughly) abridge	
yongs su sgom pa	(thoroughly) cultivate; meditate	
yongs su sgrogs pa'i tshul gyis	through the mode of (thoroughly) proclaiming/declaring	
yongs su sgrub pa	thoroughly establish; thoroughly established	
yongs su sgyur ba	completely/thoroughly change/transform/affect/control	
yongs su sgyur bar byed pa	completely/thoroughly change/transform/affect/control; that which	
yongs su shes	knowledge; thorough knowledge; (thoroughly) cognize	
yongs su shes gyur pa	know; thoroughly know; (thoroughly) cognize	
yongs su shes pa	knowledge; thorough knowledge{N}; (thoroughly) cognize; thorough	
yongs su shes pa'i 'bras bu	fruit of knowledge	
yongs su shes par bya	should thoroughly know {T}	
yongs su shes par bya ba	object of thorough knowledge	
yongs su skyo ba	thorough aversion; completely averse	
yongs su skyo ba med pa	non-aversion; non-averse	
yongs su skyob pa	protect; guard	
yongs su skyobs pa	protect; guard	
yongs su skyong ba	guard; keep; sustain; protect	
yongs su smin bya	thoroughly ripen; thoroughly mature	
yongs su smin pa	thoroughly ripened; thoroughly matured	
yongs su smin pa'i mtshan	sign of thorough ripening	
yongs su smin par 'gyur ba	thoroughly ripen; thoroughly mature	
yongs su smin par bya ba	object of thorough ripening; thoroughly ripen; thoroughly mature	
yongs su smin par byed	thoroughly ripen; thoroughly mature	
yongs su smin par byed pa	thoroughly ripen; thoroughly mature	
yongs su smin par byed pa bya ba	thoroughly ripen; thoroughly mature	
yongs su smin par gyur nas	having thoroughly ripened	
yongs su smin par mdzad pa	thoroughly ripen; thoroughly mature	
yongs su smin par rung bar bya ba	suitable as thoroughly ripened	
yongs su snang ba	appear; appearance	
yongs su spang ba	(thoroughly) abandon; (thorough) abandonment	
yongs su spang ba'i thabs	method of thorough abandonment	
yongs su spang bar bya ba	object of thorough abandonment; thoroughly abandon	
yongs su spangs	(thoroughly) abandon; (thorough) abandonment	
yongs su spangs pa	(thoroughly) abandon; (thorough) abandonment	
yongs su spong	(thoroughly) abandon; (thorough) abandonment	
yongs su spong ba	(thoroughly) abandon; (thorough) abandonment	
yongs su spyad	(thoroughly) practice; (thoroughly) enjoy; (thoroughly) make use of	
yongs su spyad pa	(thoroughly) practice; (thoroughly) enjoy; (thoroughly) make use of	
yongs su spyod	(thoroughly) enjoy; (thoroughly) make use of; (thoroughly) practice	
yongs su spyod pa	(thoroughly) enjoy; (thoroughly) make use of; (thoroughly) practice	
yongs su ston	(thoroughly) teach; (thoroughly) indicate	
yongs su ston pa	(thoroughly) teach; (thoroughly) indicate	
yongs su ston phyir	(thoroughly) teach; (thoroughly) indicate	
yongs su thar par bya'o	one should (thoroughly) release; one should (thoroughly) liberate(d)	
yongs su tshol	thoroughly seek/investigate/examine/research/look for	
yongs su tshol ba	thoroughly seek/investigate/examine/research/look for	
yongs su zad pa	(thoroughly) use up; (thoroughly) exhaust; (thorough) extinction	
yongs su zhu	ask; question	
yongs su zin pa	(thoroughly) conjoined with; (thoroughly) affected by; (thoroughly)	
yongs zhus pa	offer; receive; ask; request	
yongs zin	to be done with; conjoined with; affected by; grasp; hold; conjoin with	
yongs zin pa	to be done with; conjoined with; affected by; grasp; hold; conjoin with	
yos	hare	
yu ba	stem; stick; handle	
yud	1/30th of a day; moment	
yud tsam	1/30th of a day; moment	
yud tsam zhig	1/30th of a day; moment	
yug	piece of cloth	
yul	region, country, land | object; place; area{BJ 28.2}; sphere; objects of operation; sense	
yul 'khor skyong mdo	Sūtra of the Questions of Raṣṭapala	
yul b+ha ra Nha zhi	(in the area of) Vāraṇasī, modern-day Benares	
yul can	object possessor; subjective [i.e. a mind]; object-possessor	
yul can don dam	subjective ultimate{N}	
yul can don dam dngos	actual subjective ultimate{N}	
yul can gyi dgag bya	object of negation of an object-possessor [i.e. a mind; these are	
yul can gyi lta ba	subjective view	
yul can mthun pa'i don dam	concordant subjective ultimate{N}	
yul can rnam grangs pa'i don dam	non-metaphoric subjective ultimate	
yul chung ba	small object	
yul dang dus	direction and time	
yul dbang 'phrad	meeting of sense power and object{LG}	
yul de gnyis snang gi rnam par 'char ba	an object's appearing in the aspect of dualistic appearance	
yul de nyid na gnas pa'i 'du byed	discrimination which abides in that very object {T}	
yul don dam	objective ultimate{N}	
yul durg	six objects	
yul gang du	in whatever direction; in which direction	
yul gyi dgag bya	objective object of negation	
yul gyi lta ba	objective view	
yul gyi sgo nas	from the viewpoint of the place; from the viewpoint of the object {T}	
yul gyi skye mched	object-source	
yul gyi steng nas grub pa	objective establishment; establishment right with the object; objective	
yul gzhan du 'gro ba	go to another place	
yul gzhan du 'pho ba	move to another place {T}	
yul gzhan du phyin pa	go to another place	
yul gzhan na gnas pa	abide in another place	
yul khams	country	
yul la lar	in some places	
yul med	objectless; non-object; non-place	
yul mi	countryman	
yul mi med pa	not objectless	
yul mthun pa'i don dam	concordant objective ultimate{N}	
yul na gnas pa	abide in an object; abide in a place	
yul nges	determining [mental] factor; determining factor	
yul phyogs	[area-direction]; region	
yul rnam	object aspect	
yul rnam grangs ma yin pa'i don dam	non-metaphoric objective ultimate{N}	
yul rnam grangs pa'i don dam	metaphoric objective ultimate{N}	
yul rnams la ma chags pa'i lam	path of non-attachment to obejcts	
yul rtogs mkhan	consciousness realizing an object; realizers of their objects	
yul shes pa	object consciousness; consciousness of a place	
yul so so nges pa	determining [mental] factor	
yul steng nas	objectively	
yul steng nas grub pa	objective existence	
yul thob par bya ba'i phyir	through obtaining an object	
yul yon tan ldan	having other qualities	
yum	mother | mother [term of reference]	
yum gyi lhums su 'jug pa	enter into mother's womb	
yum rgyas 'bring bsdus	extensive, middling, and condensed mothers [i.e., Perfection of	
yun	time | duration; period	
yun ring	[period-long]; long time; long duration	
yun ring bar	for a long time	
yun ring du	for a long time	
yun ring du gnas par bya ba	abiding for a long time	
yun ring mo	for a long time; long time; long duration	
yun ring mo zhig	for a long time; long time; long duration	
yun ring po	long time; long duration	
yun ring po nas	for a long time	
yun ring por gnas par gyis shig	abide for a long time	
yun ring por nas	for a long time	
yun tsang	period of time{Gön-chok}; length of time; duration	
yung ba	turmeric	
yungs 'bra	mustard seed	
yur	channel	
yus	blame	
za	to eat | food; to eat	
za ba	eat; food	
za ba po	eater	
za khang	[food-house]; restaurant	
za ma	androgynous; neuter; neuter person	
za'o	food; to eat	
zab	deep; profound	
zab bo	profound; deep	
zab cing rgya che ba	profound and extensive; {T} the profound and the vast	
zab cing rgya che ba legs par bshad pa'i chos	profound and extensive well explained doctrines	
zab cing rgya che ba'i chos	profound and extensive doctrines; profound and extensive phenomena	
zab cing rgya che ba'i mtshan nyid	profound and extensive character	
zab cing rgya che legs par bshad pa'i chos	profound and extensive well explained doctrines	
zab cing rgya che thos pa	profound and extensive hearing	
zab cing rgya cher bshad pa	profound and extensive explanation	
zab don	the profound meaning	
zab gsal gnyis med	non-duality of profound and manifest	
zab gsal gnyis med kyi rnal 'byor	yoga of the non-duality of the profound and the manifest	
zab mo	profound | deep; profound	
zab nyid	profundity; depth	
zab pa	to be deep | deep; profound	
zab pa nyid	profundity; depth	
zab po	deep | profound; profundity; deep; depth	
zad	see 'dzad | to be consumed; to disappear | use up; exhaust; consume; subsume; extinction; removal; exhaustion	
zad 'gyur	use up; exhaust; consume; subsume; extinguish; exhaust	
zad med	non-extinction; non-exhaustion; not used up	
zad mi shes	non-extinction; not exhausted; not used up	
zad mi shes pa	non-extinction; not exhausted; not used up	
zad mi shes pa dam pa	ultimate non-extinction	
zad pa	use up; exhaust; consume; subsume; extinguish; exhaust; extinction	
zad pa dang bral ba	free from extinction	
zad pa med pa	non-extinction; inexhaustible; not exhausted; not used up; not	
zad pa shes pa	knowledge of extinction {T}	
zad par	completely	
zad par 'gyur	become extinct; extinguish; use up; become exhausted; exhaust	
zad par 'gyur ba	become extinct; extinguish; use up; become exhausted; exhaust	
zad par bya ba	object of extinction; use up; exhaust; consume; subsume; extinguish	
zad par ston pa	teach exhaustively {T}	
zad pas 'jigs pa med pa	unafraid of extinction	
zad shes	extinguish; use up; extinction; exhaust; cognize extinction	
zad shes pa	extinguish; use up; extinction; exhaust; cognize extinction; cognition	
zag bcas	[contamaination-having]; contaminated; tainted; contaminated thing	
zag bcas kyi las	contaminated action	
zag bcas pa	contaminated{D2}; contaminated thing	
zag bcas thams cad sdug bsngal ba	all contaminated things are miserable	
zag med	[contamination-not-exist]; uncontaminated; non-contaminated	
zag med bden pa'i rnam can gyi lam	path having the uncontaminated truths as its aspect	
zag med dbyings	uncontaminated realm	
zag med kyi las	uncontaminated actions	
zag pa	contamination	
zag pa bcas pa	[contamination-having]; contaminated; contaminated thing	
zag pa dang bcas pa	[contamination-having]; contaminated; contaminated thing	
zag pa dang bcas pa'i dag pa	purification of contamination	
zag pa dang bcas pa'i dngos po	contaminated thing	
zag pa med chos	uncontaminated phenomenon	
zag pa med pa	uncontaminated	
zag pa med pa'i dbyings	uncontaminated realm	
zag pa zad pa	extinction of contamination; extinguished contamination	
zag pa zad pa nyid	extinction of contamination	
zag par zad	extinction of contamination	
zag zad kyi mngon shes	clairvoyance knowing that all defilements have been extinguished	
zam pa	bridge	
zam pa lta bur 'gyur bar bya ba yin	like a bridge; bridge-like; is like a bridge	
zam par gyur pa	is a bridge; which is a bridge	
zan	food	
zang zing	things; objects; disarranged; confused; various things	
zang zing cung zad tsam 'dod	desire mere small things	
zang zing la chags pa	attachment to things; attachment to objects	
zang zing lhur byed	intent on things; intent on objects	
zang zing med pa	non-object; not disarranged; unconfused; non-thing	
zangs	copper | copper; brass	
zangs bum	a copper pot	
zangs ltar dmar po	"a microscopic organism/parasite called """"red like copper"""""	
zangs mdog	copper-colored; brass-colored	
zar ma	a type of bean	
zas	food | food; sustenance; nourishment	
zas byin pa	give food; giving food	
zas bzhi	the four foods; the four sustenances	
zas gtsang ma	Zas-gtsang-ma (Skt. Shuddhodana)	
zas la 'dod byed	desire food	
zer	to say, to speak | say; ray; beam; shaft of light	
zer ba	saying	
zer pa	say; ray; beam; shaft of light	
zha smyug	pencil	
zhabs	foot | foot (hon.); feet; base; honorable	
zhabs bsdol	having a hole in the bottom; bottomless	
zhabs kyi mtho ba	big toe	
zhabs phyi	servant(hon.)	
zhabs rdol ba	bottomless; having a hole in the bottom	
zhag	day	
zhag dang nyi ma	a day and a night	
zhags pa	noose	
zhal	mouth | face (hon.); presence; countenance; mouth	
zhal 'dzum	smile	
zhal che	judgement	
zhal che pa	judge	
zhal chems	testament	
zhal gyis bzhed	assert{LG 25.1}	
zhal par	telephone (hon.)	
zhal sbyor	face to face; in union	
zhal snga nas	presence; exalted presence; holy	
zhal ta	advice	
zhal ta ba	steward	
zhal ta'i spring yig	letter of advice	
zhan pa	ordinary	
zhang po	maternal uncle	
zhar byung	ancillary	
zhe dang	hatred	
zhe drag	very	
zhe log	[disposition-reverse]; revulsion; nausea	
zhe na	if it is asked; if someone asks; if one adheres to ...{BJ 21.3}	
zhe sdang	hatred | [disposition-hate]; anger; hatred; rage	
zhe sdang bskyed	generate anger; generate hatred	
zhe sdang med pa	non-hatred	
zhe thag	the depths	
zhen	to fix, to penetrate; to long for | adherence; determination; conception; attachment	
zhen gzhi	referent	
zhen pa	adherence; determination; conception; attachment	
zhen pa med	non-adherence; non-conception	
zhen rig	determining knower; conceptual knower; determinative knower	
zhen sa	thing conceived{BJ 81.1}	
zhen yul	referent object; determining; conceived object; determined object	
zher 'debs pa	strike	
zhes	thus; particle indicating quote	
zhes 'byung ba'i phyir	"because it says """"..."""" {T}"	
zhes bgyi	(quote indicator)	
zhes bya	quote indicator: thus	
zhes bya ba	quote indicator: thus	 [Hopkins]: thus
zhes bya ba'i phyir	"because it says """"..."""" {T}"	
zhes bya na	quote indicator: thus	
zhes bya'o	qute indicator | quote indicator: thus	
zhes byar	quote indicator: thus	
zhes pa	quote indicator: thus	
zhes pa brjod nas	spoke thus:	
zhes zer pa	quote indicator	
zhi	to be calm | be peaceful; be calm; peace; pacification	
zhi 'dod	desire peace	
zhi ba	pacification; peace; be peaceful; be calm	
zhi ba 'dod rnams	those who desire pacification	
zhi ba 'thob pa	obtain pacification; attain peace	
zhi ba 'tsho	Śāntarakṣita [p.n.]	
zhi ba bgrod pa gcig pu pa'i nyan thos pa	hearer who progresses solely to peace	
zhi ba dang gnyen po'i don ldan pa	possessing pacification and the antidotal object ? {T}	
zhi ba lha	Śāntideva [p.n.; the author of Engaging in the Bodhisattva Deeds	
zhi ba mchog dang ldan	having the supreme peace	
zhi ba med	non-pacification	
zhi ba phun sum tshogs pa	complete pacification; marvellous pacification	
zhi ba tsam gyi nga rgyal	pride of mere pacification	
zhi ba'i blo gros	Śānta-mati [p.n.]	
zhi ba'i bsam pas zin pa	conjoined with peaceful thoughts; conjoined with the thought of	
zhi ba'i don	object of pacification; meaning of pacification	
zhi ba'i las	pacifying activities	
zhi ba'i rnam pa	aspect of pacification	
zhi ba'i sems	pacified mind; peaceful mind	
zhi bar 'gyur	pacify; become peaceful; be calm	
zhi bar bya	pacify; be peaceful; be calm	
zhi bar byed	pacifying	
zhi bar byed pa	pacifying	
zhi bar gnas pa	calm abiding	
zhi bar zhugs pa	engage in pacification	
zhi bya ba	pacifying; pacify; object of pacification	
zhi byed	pacifying	
zhi dga'	joy of pacification ? {T}	
zhi gnas	calm abiding	
zhi gnas dang lhag mthong	calm abiding and special insight	
zhi gnas dang lhag mthong gi sa	the level of calm abiding and special insight	
zhi gnas dang rab tu 'dzin pa dang btang snyoms kyi rgyu mtshan	cause of calm abiding, apprehension, and equanimity	
zhi gnas kyi phyogs dang mthun pa	concordance(s) with calm abiding	
zhi gnas kyi rgyu mtshan yid la byed pa	mental contemplation that is the cause of calm abiding	
zhi gnas la sogs pa'i rgyu mtshan gsum	the three causes of calm abiding, etc.	
zhi gnas lam	path of calm abiding	
zhi gnas tsam gyis mngon pa'i nga rgyal byed pa	manifest pride due to mere calm abiding	
zhi gnas yid la byed pa	mental contemplation of calm abiding	
zhi la rab tu zhi ba	peaceful; clear; calm	
zhi lhag	calm abiding and special insight	
zhi lhag zung 'brel	a union of calm abiding and special insight	
zhi lhag zung 'brel gyi ting nge 'dzin	a meditative stabilization that is a union of calm abiding and special	
zhi mi	cat	
zhi mtha'	the extreme of peace; extreme of solitary peace	
zhi nyid	peacefullness; pacification; peace	
zhi rags	grossness; peacefulness	
zhi rags rnam can	having the aspect of grossness; having the aspect of peacefulness	
zhi rags rnam can gyi lam	path having the aspect of grossness; path having the aspect of	
zhi srid yon tan skyon	the good qualities of pacification and the faults of existence {T}	
zhib mo	subtle; fine	
zhib mo dpyad na	detailed analysis	
zhib mo rnam par 'thag pa zhes bya ba'i mdo	"Nāgārjuna's Treatise Called """"The Finely Woven"""" (P. 5225, vol. 95)"	
zhib mo rnam thag	"Nāgārjuna's Treatise Called """"The Finely Woven"""" (P. 5225, vol. 95)"	
zhib par	detail; finely; in detail	
zhib tu	in detail	
zhib tu dpyad	analyze in detail{BJ 48.5}	
zhib tu ma phye bar	without distinguishing in detail	
zhig	"(1) particle indicating """"a"""" [often untranslatable] (2) disintegrate"	
zhig gyur	disintegrate; destroy; perish	
zhig pa	destroy; disintegrate; perish; disintegratedness	
zhig par 'gyur	destroy; disintegrate; perish	
zhim	fragrant; pleasant smelling; pleasant tasting	
zhim pa	fragrant; pleasant smelling; pleasant tasting	
zhim pa'i dri mi mnyam pa	unequal fragrant odor	
zhim pa'i dri mnyam pa	equal fragrant odor	
zhim pa'i lhan skyes kyi dri	fragrant natural odor	
zhim pa'i sbyar byung gi dri	fragrant manufactured odor	
zhim po	fragrant; pleasant smelling; pleasant tasting	
zhing	field | (1) present and past participle (2) field; ground; province; sphere (3)	
zhing bkod pa	create/set/array a [Buddha] field	
zhing dag	pure land	
zhing dag sbyor ba	training in a pure land; training in purifying a land	
zhing ka	field (agricultural)	
zhing las	field-work	
zhing ni rnam par dag pa	pure land; purify a land	
zhing pa	farmer	
zhing rnam par dag pa	very pure land	
zhing sbyang	purify a land; purify a [Buddha] field	
zhing sbyong	purify a land; purify a [Buddha] field	
zhing skal	field share	
zhing yongs su dag pa	pure land; pure [Buddha] field	
zhing yongs su sbyong ba	thoroughly purify a land; thoroughly purify a [Buddha] field	
zho	yogurt	
zho shas 'tsho ba dag	wage-earners (this may refer to paid soldiers)	
zhog	posit	
zhon pa	mount; ride {T}	
zhu	to speak; to report; to recount; to ask	
zhu ba	offer; receive; melt; digest; question; ask a question; asked; entreated	
zhu ba zhus pa	asked; entreated{S}	
zhu mar	lamp	
zhug	enter; go into; engage	
zhugs	to enter; see 1'jug; fire | to enter; fire | enter; go into; approach	
zhugs gnas	approacher(s) and abider(s)	
zhugs me mu ze	match(hon.)	
zhugs nas	having entered; having engaged in	
zhugs pa	approacher; enter; go into; approach; engage in	
zhugs pa'i gnas	level of an approacher {T}	
zhugs pa'i sgom pa	meditation of an approacher {T}	
zhugs par gyur	enter; go into; approach; engage in	
zhugs te	having entered; having engaged in	
zhum	slackness; discouragement; become weak/timid/cowardly; flat	
zhum med	not slack/discouraged/weak/timid/cowardly	
zhum pa	become slack/weak/timid/cowardly	
zhum pa dang rgod pa	slackness and excitement	
zhum pa med pa	non-slackness; non-discouragement	
zhum pa'i gnyen po ting nge 'dzin gyi rnam pa bsgom pa	meditate on the aspects of meditative stabilization as an antidote to	
zhum pa'i sems	discouraged/slack mind	
zhum pa'i sems med	non-discouraged/non-slack mind	
zhum par 'gyur	become/be slack/discouraged	
zhum par byed	make discouraged/slack/weak/timid/cowardly	
zhum par gyur	is/became discouraged/slack/weak/timid/cowardly	
zhun ma	melted	
zhus	see zhu | to speak; to report; to recount; to ask	
zhus pa	offer; receive; ask; request; request and receive	
zhwa mo	hat	
zil gnon	surpass; outshine	
zil gyis gnon	surpass; outshine; suppress	
zil gyis gnon pa	surpass; outshine; suppress; surpassed; outshined	
zil gyis gnon pa'i skye mched	source of surpassing	
zil gyis mi non pa	unsurpassed; not outshined; not surpass; not suppress	
zil gyis mnam par bya ba	surpass; outshine	
zil gyis non pa	surpass; outshine; suppress; surpassed; outshined	
zil gyis non par 'gyur	surpass; outshine; suppress	
zil gyis non par gyur pa	surpass; outshine; suppress; surpassed; outshined	
zil mnan	surpass; outshine	
zil pa	dew	
zin	to be seized; to be taken over by | verb: to be done with; conjoined with; to be affected by; grasp; hold	
zin pa	verb: to be done with; conjoined with; to be affected by; grasp; hold	
zin pa'i 'byung ba las gyur pa'i sems can du mi ston pa'i sgra mi snyan pa	unpleasant inarticulate sound caused by elements conjoined with	
zin pa'i 'byung ba las gyur pa'i sems can du mi ston pa'i sgra snyan pa	pleasant inarticulate sound caused by elements conjoined with	
zin pa'i 'byung ba las gyur pa'i sems can du ston pa'i sgra mi snyan pa	unpleasant articulate sound caused by elements conjoined with	
zin pa'i 'byung ba las gyur pa'i sems can du ston pa'i sgra snyan pa	pleasant articulate sound caused by elements conjoined with	
zin pa'i 'byung ba las gyur pa'i sgra	sound arisen from elements not conjoined with consciousness	
zla	moon; month; object	
zla ba	month; Zla-ba | moon; month; object; monday	
zla ba dkyil 'khor	moon-maṇḍala; moon-disk	
zla ba grags pa	Candrakīrti [p.n.]	
zla ba nya ba lta bu	a previous moon, for example; like a previous moon	
zla ba phyed	half-moon	
zla ba zhabs	the honorable Candrakīrti	
zla ba'i gzugs brnyan	reflection of the moon	
zla bo	spouse	
zla gcig zla gnyis su snang ba'i dbang shes	a sense consciousness to which one moon appears as two moons	
zlo	repeat; next	
zlog	opposite; reverse; turn around	
zlog pa	opposite; reverse; turn around	
zlog par byed pa	opposite; reverse; turn around	
zlog phyogs	opposite class	
zlos pa'i bag chags	predispositions of verbal repetition	
zlos pa'i gar	dance; drama; emanation	
zlum	round; spherical	
zlum po	round; spherical{D1}	
zo	see za | to eat | eat; food	
zo dang gong po ri	Zo-dang-gong-po-ri	
zos	see za | to eat | eat [imperfect stem]; food	
zos pa	eat [imperfect stem of za, to eat]; food	
zug rngu	grief	
zung	pair; two; side	
zung 'brel	[two-connect]; noun: unification; union verb: unify; unite	
zung 'brel ba	[two-connect]; noun: unification; union verb: unify; unite	
zung 'jug	union	
zung du	[side-ly]; separately	
zung du 'brel ba	[two-connect]; noun: unification; union verb: unify; unite	
zungs	see 'dzin | to seize, to hold; to embrace; to take over; to take sth. as | hold; bear; grasp; apprehend [imperfect stem of 'dzin]	
zur	corner; part	
zur du	different from{BJ}	
zur du phye ba	to separate	
zur gnyis	the second part{BJ 66.6}	
zur mchan	separate annotations	
zur nas	for one's part	
zur snga ma	the first part; the early part{BJ 22.1}	
zur tsam yang ma gsungs	not even a phrase is said	
